{"type":"FeatureCollection","features":[{"type":"Feature","id":9852,"geometry":{"type":"Polygon","coordinates":[[[-79.953675,-1.808415],[-79.95369,-1.808216],[-79.953834,-1.808127],[-79.954001,-1.808207],[-79.954569,-1.808856],[-79.954114,-1.808856],[-79.953675,-1.808415]]]},"properties":{"OBJECTID":9852,"dpa_parroq":"090654","dpa_despar":"LIMONAL","dpa_canton":"0906","dpa_descan":"DAULE","dpa_provin":"09","dpa_despro":"GUAYAS","dpa_anio":" ","txt":" ","fcode":" ","fcode_1":" ","descr":"AREA QUE PRESENTA CONDICIONES POTENCIALES PARA LA OCURRENCIA O NO DE UNA AMENAZA A INUNDACION","umo":"VALLE INDIFERENCIADO","pen":"PLANA","txs":"FRANCO ARCILLOSO","ttd":"FRANCO ARCILLOSO","ith":0,"sui":"ALTA","sce":0,"st_area_sh":3804.00504416,"st_length_":276.646431223,"anno":2025,"name":"LIMONAL"}},{"type":"Feature","id":10236,"geometry":{"type":"Polygon","coordinates":[[[-79.907256,-1.925707],[-79.907997,-1.925719],[-79.908829,-1.925836],[-79.909603,-1.926363],[-79.910319,-1.927045],[-79.910574,-1.927199],[-79.911016,-1.927748],[-79.911176,-1.928206],[-79.911322,-1.928417],[-79.911312,-1.929296],[-79.911168,-1.929262],[-79.907256,-1.925707]]]},"properties":{"OBJECTID":10236,"dpa_parroq":"090652","dpa_despar":"JUAN BAUTISTA AGUIRRE","dpa_canton":"0906","dpa_descan":"DAULE","dpa_provin":"09","dpa_despro":"GUAYAS","dpa_anio":" ","txt":" ","fcode":" ","fcode_1":" ","descr":"AREA QUE PRESENTA CONDICIONES POTENCIALES PARA LA OCURRENCIA O NO DE UNA AMENAZA A INUNDACION","umo":"CAUCE ABANDONADO","pen":"PLANA","txs":"ARCILLOSO","ttd":"FRANCO ARCILLOSO","ith":0,"sui":"ALTA","sce":0,"st_area_sh":55770.699558,"st_length_":1282.92331005,"anno":2025,"name":"JUAN BAUTISTA AGUIRRE"}},{"type":"Feature","id":24801,"geometry":{"type":"Polygon","coordinates":[[[-79.943374,-1.80999],[-79.943118,-1.80952],[-79.943012,-1.808856],[-79.943181,-1.808856],[-79.943426,-1.809921],[-79.943374,-1.80999]]]},"properties":{"OBJECTID":24801,"dpa_parroq":"090650","dpa_despar":"DAULE","dpa_canton":"0906","dpa_descan":"DAULE","dpa_provin":"09","dpa_despro":"GUAYAS","dpa_anio":" ","txt":" ","fcode":" ","fcode_1":" ","descr":"AREA QUE PRESENTA CONDICIONES POTENCIALES PARA LA OCURRENCIA O NO DE UNA AMENAZA A INUNDACION","umo":"VALLE INDIFERENCIADO","pen":"PLANA","txs":"FRANCO ARCILLOSO","ttd":"FRANCO ARCILLOSO","ith":0,"sui":"BAJA","sce":0,"st_area_sh":2356.45110879,"st_length_":282.604339072,"anno":2025,"name":"DAULE"}},{"type":"Feature","id":25053,"geometry":{"type":"Polygon","coordinates":[[[-79.94132,-1.860178],[-79.941368,-1.860088],[-79.941333,-1.859786],[-79.941489,-1.859684],[-79.941608,-1.859805],[-79.941656,-1.860154],[-79.941752,-1.860197],[-79.942106,-1.860082],[-79.942292,-1.859932],[-79.942558,-1.859885],[-79.943206,-1.860598],[-79.943075,-1.860801],[-79.94265,-1.860883],[-79.942387,-1.861117],[-79.942191,-1.861208],[-79.942016,-1.861198],[-79.941932,-1.861048],[-79.942043,-1.860954],[-79.942043,-1.860848],[-79.941844,-1.860692],[-79.94156,-1.8608],[-79.941542,-1.860951],[-79.941386,-1.861029],[-79.940942,-1.860884],[-79.94096,-1.860679],[-79.94132,-1.860178]]]},"properties":{"OBJECTID":25053,"dpa_parroq":"090650","dpa_despar":"DAULE","dpa_canton":"0906","dpa_descan":"DAULE","dpa_provin":"09","dpa_despro":"GUAYAS","dpa_anio":" ","txt":" ","fcode":" ","fcode_1":" ","descr":"AREA QUE PRESENTA CONDICIONES POTENCIALES PARA LA OCURRENCIA O NO DE UNA AMENAZA A INUNDACION","umo":"BASIN","pen":"PLANA","txs":"FRANCO ARCILLOSO","ttd":"ARCILLOSO","ith":0,"sui":"ALTA","sce":0,"st_area_sh":22009.6839701,"st_length_":785.27152759,"anno":2025,"name":"DAULE"}},{"type":"Feature","id":25178,"geometry":{"type":"Polygon","coordinates":[[[-80.003651,-1.836562],[-80.004207,-1.836514],[-80.004957,-1.83666],[-80.00532,-1.83705],[-80.006361,-1.837002],[-80.007111,-1.83671],[-80.007619,-1.836881],[-80.007929,-1.836896],[-80.008393,-1.837724],[-80.008317,-1.83818],[-80.008695,-1.838599],[-80.009111,-1.838827],[-80.009186,-1.839094],[-80.009073,-1.839588],[-80.008868,-1.839931],[-80.008077,-1.839901],[-80.007327,-1.839559],[-80.006843,-1.839242],[-80.006868,-1.838463],[-80.006699,-1.838074],[-80.006215,-1.838],[-80.005464,-1.838755],[-80.005053,-1.838803],[-80.004618,-1.838097],[-80.003553,-1.837828],[-80.00336,-1.837536],[-80.003408,-1.837195],[-80.003651,-1.836562]]]},"properties":{"OBJECTID":25178,"dpa_parroq":"090650","dpa_despar":"DAULE","dpa_canton":"0906","dpa_descan":"DAULE","dpa_provin":"09","dpa_despro":"GUAYAS","dpa_anio":" ","txt":" ","fcode":" ","fcode_1":" ","descr":"AREA QUE PRESENTA CONDICIONES POTENCIALES PARA LA OCURRENCIA O NO DE UNA AMENAZA A INUNDACION","umo":"BASIN","pen":"PLANA","txs":"FRANCO ARCILLOSO","ttd":"ARCILLOSO","ith":0,"sui":"ALTA","sce":0,"st_area_sh":122515.446568,"st_length_":1869.35470399,"anno":2025,"name":"DAULE"}},{"type":"Feature","id":25187,"geometry":{"type":"Polygon","coordinates":[[[-79.979101,-1.830823],[-79.978564,-1.830395],[-79.978351,-1.82984],[-79.977884,-1.829088],[-79.977773,-1.828694],[-79.977859,-1.828394],[-79.97795,-1.828336],[-79.978331,-1.828378],[-79.978845,-1.829345],[-79.979374,-1.829947],[-79.979285,-1.830838],[-79.979101,-1.830823]]]},"properties":{"OBJECTID":25187,"dpa_parroq":"090650","dpa_despar":"DAULE","dpa_canton":"0906","dpa_descan":"DAULE","dpa_provin":"09","dpa_despro":"GUAYAS","dpa_anio":" ","txt":" ","fcode":" ","fcode_1":" ","descr":"AREA QUE PRESENTA CONDICIONES POTENCIALES PARA LA OCURRENCIA O NO DE UNA AMENAZA A INUNDACION","umo":"BASIN","pen":"PLANA","txs":"FRANCO ARCILLOSO","ttd":"ARCILLOSO","ith":0,"sui":"ALTA","sce":0,"st_area_sh":22602.3309836,"st_length_":703.93495839,"anno":2025,"name":"DAULE"}},{"type":"Feature","id":25219,"geometry":{"type":"Polygon","coordinates":[[[-80.05174,-1.876392],[-80.051736,-1.876391],[-80.051781,-1.876401],[-80.05174,-1.876392]]]},"properties":{"OBJECTID":25219,"dpa_parroq":"090650","dpa_despar":"DAULE","dpa_canton":"0906","dpa_descan":"DAULE","dpa_provin":"09","dpa_despro":"GUAYAS","dpa_anio":" ","txt":" ","fcode":" ","fcode_1":" ","descr":"AREA QUE PRESENTA CONDICIONES POTENCIALES PARA LA OCURRENCIA O NO DE UNA AMENAZA A INUNDACION","umo":"DIQUE O BANCO ALUVIAL","pen":"MUY SUAVE","txs":"FRANCO","ttd":"FRANCO","ith":0,"sui":"MEDIA","sce":0,"st_area_sh":0.0254882,"st_length_":10.3435083856,"anno":2025,"name":"DAULE"}},{"type":"Feature","id":25231,"geometry":{"type":"Polygon","coordinates":[[[-79.877404,-1.826623],[-79.877249,-1.826562],[-79.877511,-1.82663],[-79.877404,-1.826623]]]},"properties":{"OBJECTID":25231,"dpa_parroq":"090652","dpa_despar":"JUAN BAUTISTA AGUIRRE","dpa_canton":"0906","dpa_descan":"DAULE","dpa_provin":"09","dpa_despro":"GUAYAS","dpa_anio":" ","txt":" ","fcode":" ","fcode_1":" ","descr":"AREA QUE PRESENTA CONDICIONES POTENCIALES PARA LA OCURRENCIA O NO DE UNA AMENAZA A INUNDACION","umo":"TERRAZA BAJA Y CAUCE ACTUAL","pen":"PLANA","txs":"NO APLICABLE","ttd":"NO APLICABLE","ith":0,"sui":"ALTA","sce":0,"st_area_sh":34.40692458,"st_length_":60.6361125015,"anno":2025,"name":"JUAN BAUTISTA AGUIRRE"}},{"type":"Feature","id":25241,"geometry":{"type":"Polygon","coordinates":[[[-79.875947,-1.826304],[-79.875839,-1.826284],[-79.876036,-1.826311],[-79.875947,-1.826304]]]},"properties":{"OBJECTID":25241,"dpa_parroq":"090652","dpa_despar":"JUAN BAUTISTA AGUIRRE","dpa_canton":"0906","dpa_descan":"DAULE","dpa_provin":"09","dpa_despro":"GUAYAS","dpa_anio":" ","txt":" ","fcode":" ","fcode_1":" ","descr":"AREA QUE PRESENTA CONDICIONES POTENCIALES PARA LA OCURRENCIA O NO DE UNA AMENAZA A INUNDACION","umo":"TERRAZA BAJA Y CAUCE ACTUAL","pen":"PLANA","txs":"NO APLICABLE","ttd":"NO APLICABLE","ith":0,"sui":"ALTA","sce":0,"st_area_sh":7.0640181,"st_length_":44.344518067,"anno":2025,"name":"JUAN BAUTISTA AGUIRRE"}},{"type":"Feature","id":25700,"geometry":{"type":"Polygon","coordinates":[[[-80.032321,-1.884993],[-80.032646,-1.884851],[-80.032754,-1.88459],[-80.032614,-1.884038],[-80.032614,-1.883584],[-80.032502,-1.883044],[-80.032744,-1.882504],[-80.032909,-1.88231],[-80.032846,-1.882792],[-80.032657,-1.883215],[-80.03265,-1.883915],[-80.032755,-1.884363],[-80.033073,-1.884968],[-80.033468,-1.885376],[-80.033953,-1.885662],[-80.034448,-1.8858],[-80.034654,-1.885957],[-80.034859,-1.886237],[-80.034972,-1.886569],[-80.034938,-1.886924],[-80.034428,-1.887244],[-80.034121,-1.887778],[-80.033323,-1.888103],[-80.03312,-1.88812],[-80.032312,-1.887662],[-80.031938,-1.887667],[-80.031606,-1.888035],[-80.031084,-1.88808],[-80.030941,-1.887633],[-80.030993,-1.887427],[-80.031111,-1.8873],[-80.031902,-1.887056],[-80.032481,-1.886768],[-80.033102,-1.886285],[-80.033166,-1.886165],[-80.033196,-1.886006],[-80.033113,-1.885811],[-80.032949,-1.885661],[-80.032119,-1.885581],[-80.031701,-1.885274],[-80.031712,-1.885039],[-80.031832,-1.884879],[-80.031887,-1.884997],[-80.032321,-1.884993]]]},"properties":{"OBJECTID":25700,"dpa_parroq":"090650","dpa_despar":"DAULE","dpa_canton":"0906","dpa_descan":"DAULE","dpa_provin":"09","dpa_despro":"GUAYAS","dpa_anio":" ","txt":" ","fcode":" ","fcode_1":" ","descr":"AREA QUE PRESENTA CONDICIONES POTENCIALES PARA LA OCURRENCIA O NO DE UNA AMENAZA A INUNDACION","umo":"DIQUE O BANCO ALUVIAL","pen":"MUY SUAVE","txs":"FRANCO ARCILLOSO","ttd":"ARCILLOSO","ith":0,"sui":"ALTA","sce":0,"st_area_sh":84869.950061,"st_length_":2175.12441749,"anno":2025,"name":"DAULE"}},{"type":"Feature","id":25729,"geometry":{"type":"Polygon","coordinates":[[[-79.912218,-1.852005],[-79.912152,-1.85176],[-79.911655,-1.851682],[-79.911633,-1.85156],[-79.911832,-1.851438],[-79.911854,-1.851249],[-79.911744,-1.851004],[-79.911611,-1.850893],[-79.912373,-1.850893],[-79.912638,-1.851249],[-79.912738,-1.851505],[-79.912881,-1.851561],[-79.912992,-1.851917],[-79.913191,-1.852028],[-79.913412,-1.85205],[-79.913445,-1.851939],[-79.913887,-1.852006],[-79.914163,-1.852084],[-79.914318,-1.852207],[-79.914262,-1.852418],[-79.913489,-1.852306],[-79.913367,-1.852373],[-79.913356,-1.852473],[-79.912295,-1.852517],[-79.91214,-1.852461],[-79.912218,-1.852005]]]},"properties":{"OBJECTID":25729,"dpa_parroq":"090652","dpa_despar":"JUAN BAUTISTA AGUIRRE","dpa_canton":"0906","dpa_descan":"DAULE","dpa_provin":"09","dpa_despro":"GUAYAS","dpa_anio":" ","txt":" ","fcode":" ","fcode_1":" ","descr":"AREA QUE PRESENTA CONDICIONES POTENCIALES PARA LA OCURRENCIA O NO DE UNA AMENAZA A INUNDACION","umo":"VALLE INDIFERENCIADO","pen":"PLANA","txs":"FRANCO ARCILLOSO","ttd":"FRANCO ARCILLOSO","ith":0,"sui":"ALTA","sce":0,"st_area_sh":23013.8100171,"st_length_":907.707391292,"anno":2025,"name":"JUAN BAUTISTA AGUIRRE"}},{"type":"Feature","id":25752,"geometry":{"type":"Polygon","coordinates":[[[-79.930319,-1.798853],[-79.930437,-1.798779],[-79.930641,-1.799029],[-79.931021,-1.798912],[-79.931138,-1.799492],[-79.930772,-1.799859],[-79.930831,-1.800087],[-79.930757,-1.800337],[-79.930816,-1.800543],[-79.931027,-1.80066],[-79.931414,-1.800572],[-79.931458,-1.800631],[-79.931064,-1.801057],[-79.930764,-1.801784],[-79.930661,-1.802218],[-79.929968,-1.802438],[-79.929851,-1.802401],[-79.929822,-1.802247],[-79.930063,-1.801865],[-79.930049,-1.801439],[-79.930269,-1.801089],[-79.930269,-1.800965],[-79.930248,-1.800816],[-79.930146,-1.800725],[-79.929719,-1.800489],[-79.930068,-1.800213],[-79.930134,-1.800064],[-79.929822,-1.799704],[-79.9299,-1.799291],[-79.929867,-1.79894],[-79.929958,-1.798828],[-79.930188,-1.798894],[-79.930319,-1.798853]]]},"properties":{"OBJECTID":25752,"dpa_parroq":"090653","dpa_despar":"LAUREL","dpa_canton":"0906","dpa_descan":"DAULE","dpa_provin":"09","dpa_despro":"GUAYAS","dpa_anio":" ","txt":" ","fcode":" ","fcode_1":" ","descr":"AREA QUE PRESENTA CONDICIONES POTENCIALES PARA LA OCURRENCIA O NO DE UNA AMENAZA A INUNDACION","umo":"VALLE INDIFERENCIADO","pen":"PLANA","txs":"FRANCO ARCILLOSO","ttd":"FRANCO ARCILLOSO","ith":0,"sui":"BAJA","sce":0,"st_area_sh":39562.4000156,"st_length_":1194.60819355,"anno":2025,"name":"LAUREL"}},{"type":"Feature","id":25794,"geometry":{"type":"Polygon","coordinates":[[[-79.952231,-1.796809],[-79.951739,-1.796158],[-79.95169,-1.795744],[-79.951715,-1.79554],[-79.951973,-1.795199],[-79.952281,-1.795012],[-79.95266,-1.79563],[-79.952692,-1.796069],[-79.95249,-1.796272],[-79.952546,-1.796598],[-79.952498,-1.796752],[-79.952328,-1.796841],[-79.952231,-1.796809]]]},"properties":{"OBJECTID":25794,"dpa_parroq":"090654","dpa_despar":"LIMONAL","dpa_canton":"0906","dpa_descan":"DAULE","dpa_provin":"09","dpa_despro":"GUAYAS","dpa_anio":" ","txt":" ","fcode":" ","fcode_1":" ","descr":"AREA QUE PRESENTA CONDICIONES POTENCIALES PARA LA OCURRENCIA O NO DE UNA AMENAZA A INUNDACION","umo":"BASIN","pen":"PLANA","txs":"FRANCO ARCILLOSO","ttd":"ARCILLOSO","ith":0,"sui":"ALTA","sce":0,"st_area_sh":14784.9064664,"st_length_":494.342846232,"anno":2025,"name":"LIMONAL"}},{"type":"Feature","id":25831,"geometry":{"type":"Polygon","coordinates":[[[-79.953005,-1.793783],[-79.953133,-1.793559],[-79.953146,-1.793335],[-79.953015,-1.793138],[-79.953033,-1.792937],[-79.953083,-1.792832],[-79.953315,-1.792699],[-79.953606,-1.792956],[-79.953746,-1.793212],[-79.953478,-1.793582],[-79.953514,-1.793774],[-79.953987,-1.793706],[-79.954228,-1.793838],[-79.954327,-1.794099],[-79.954214,-1.794547],[-79.95415,-1.794597],[-79.953468,-1.794446],[-79.953196,-1.794588],[-79.953082,-1.79456],[-79.952969,-1.794066],[-79.953005,-1.793783]]]},"properties":{"OBJECTID":25831,"dpa_parroq":"090654","dpa_despar":"LIMONAL","dpa_canton":"0906","dpa_descan":"DAULE","dpa_provin":"09","dpa_despro":"GUAYAS","dpa_anio":" ","txt":" ","fcode":" ","fcode_1":" ","descr":"AREA QUE PRESENTA CONDICIONES POTENCIALES PARA LA OCURRENCIA O NO DE UNA AMENAZA A INUNDACION","umo":"BASIN","pen":"PLANA","txs":"FRANCO ARCILLOSO","ttd":"ARCILLOSO","ith":0,"sui":"ALTA","sce":0,"st_area_sh":18229.7425425,"st_length_":679.107849503,"anno":2025,"name":"LIMONAL"}},{"type":"Feature","id":25846,"geometry":{"type":"Polygon","coordinates":[[[-80.013202,-1.784959],[-80.014003,-1.784959],[-80.014313,-1.785475],[-80.014592,-1.786377],[-80.01429,-1.786427],[-80.014193,-1.786144],[-80.014123,-1.786161],[-80.013972,-1.785474],[-80.013202,-1.784959]]]},"properties":{"OBJECTID":25846,"dpa_parroq":"090654","dpa_despar":"LIMONAL","dpa_canton":"0906","dpa_descan":"DAULE","dpa_provin":"09","dpa_despro":"GUAYAS","dpa_anio":" ","txt":" ","fcode":" ","fcode_1":" ","descr":"AREA QUE PRESENTA CONDICIONES POTENCIALES PARA LA OCURRENCIA O NO DE UNA AMENAZA A INUNDACION","umo":"DIQUE O BANCO ALUVIAL","pen":"PLANA","txs":"ARCILLOSO","ttd":"FRANCO ARENOSO","ith":0,"sui":"MEDIA","sce":0,"st_area_sh":7705.63186481,"st_length_":516.091269951,"anno":2025,"name":"LIMONAL"}},{"type":"Feature","id":25850,"geometry":{"type":"Polygon","coordinates":[[[-79.995755,-1.805711],[-79.995832,-1.805824],[-79.995793,-1.805824],[-79.995755,-1.805711]]]},"properties":{"OBJECTID":25850,"dpa_parroq":"090654","dpa_despar":"LIMONAL","dpa_canton":"0906","dpa_descan":"DAULE","dpa_provin":"09","dpa_despro":"GUAYAS","dpa_anio":" ","txt":" ","fcode":" ","fcode_1":" ","descr":"AREA QUE PRESENTA CONDICIONES POTENCIALES PARA LA OCURRENCIA O NO DE UNA AMENAZA A INUNDACION","umo":"DIQUE O BANCO ALUVIAL","pen":"PLANA","txs":"FRANCO ARCILLOSO","ttd":"ARCILLOSO","ith":0,"sui":"ALTA","sce":0,"st_area_sh":27.340569945,"st_length_":32.6234043814,"anno":2025,"name":"LIMONAL"}},{"type":"Feature","id":25857,"geometry":{"type":"Polygon","coordinates":[[[-79.999906,-1.974197],[-80.000391,-1.974182],[-80.001256,-1.973751],[-80.001423,-1.973591],[-80.00163,-1.973144],[-80.002551,-1.971962],[-80.003153,-1.970563],[-80.003547,-1.969253],[-80.003631,-1.968569],[-80.004645,-1.968366],[-80.005406,-1.968355],[-80.005971,-1.96859],[-80.006011,-1.969174],[-80.006368,-1.969377],[-80.006409,-1.969623],[-80.00587,-1.96993],[-80.005637,-1.97027],[-80.005244,-1.971186],[-80.004524,-1.972218],[-80.004143,-1.972633],[-80.002862,-1.97357],[-80.002607,-1.97391],[-80.002088,-1.974336],[-80.001199,-1.974932],[-80.000404,-1.975191],[-79.999343,-1.974982],[-79.998437,-1.974539],[-79.997609,-1.973236],[-79.996369,-1.970584],[-79.996567,-1.970473],[-79.996829,-1.970513],[-79.997074,-1.970793],[-79.998042,-1.972495],[-79.999192,-1.97367],[-79.999287,-1.974189],[-79.999374,-1.974237],[-79.999906,-1.974197]]]},"properties":{"OBJECTID":25857,"dpa_parroq":"090650","dpa_despar":"DAULE","dpa_canton":"0906","dpa_descan":"DAULE","dpa_provin":"09","dpa_despro":"GUAYAS","dpa_anio":" ","txt":" ","fcode":" ","fcode_1":" ","descr":"AREA QUE PRESENTA CONDICIONES POTENCIALES PARA LA OCURRENCIA O NO DE UNA AMENAZA A INUNDACION","umo":"MEANDRO ABANDONADO","pen":"PLANA","txs":"FRANCO ARCILLOSO","ttd":"ARCILLOSO","ith":0,"sui":"ALTA","sce":0,"st_area_sh":228282.23134,"st_length_":3496.36501366,"anno":2025,"name":"DAULE"}},{"type":"Feature","id":25864,"geometry":{"type":"Polygon","coordinates":[[[-79.891705,-1.99427],[-79.891965,-1.993446],[-79.892206,-1.993956],[-79.892242,-1.994305],[-79.892564,-1.994289],[-79.892669,-1.994488],[-79.892741,-1.995089],[-79.892495,-1.995733],[-79.892365,-1.996342],[-79.892095,-1.996614],[-79.891635,-1.996755],[-79.891474,-1.996885],[-79.891224,-1.997278],[-79.891029,-1.998889],[-79.890941,-1.999154],[-79.890702,-1.999144],[-79.891161,-1.996052],[-79.891705,-1.99427]]]},"properties":{"OBJECTID":25864,"dpa_parroq":"090656","dpa_despar":"LOS LOJAS","dpa_canton":"0906","dpa_descan":"DAULE","dpa_provin":"09","dpa_despro":"GUAYAS","dpa_anio":" ","txt":" ","fcode":" ","fcode_1":" ","descr":"AREA QUE PRESENTA CONDICIONES POTENCIALES PARA LA OCURRENCIA O NO DE UNA AMENAZA A INUNDACION","umo":"NIVEL PLANO","pen":"PLANA","txs":"ARCILLOSO","ttd":"ARCILLOSO","ith":0,"sui":"ALTA","sce":0,"st_area_sh":47165.2901378,"st_length_":1428.77180436,"anno":2025,"name":"LOS LOJAS"}},{"type":"Feature","id":25883,"geometry":{"type":"Polygon","coordinates":[[[-79.901346,-1.983302],[-79.901036,-1.983022],[-79.901028,-1.98291],[-79.902381,-1.982072],[-79.903281,-1.981413],[-79.904319,-1.980423],[-79.905682,-1.979383],[-79.907183,-1.978553],[-79.90789,-1.978402],[-79.908223,-1.978594],[-79.908358,-1.979241],[-79.90877,-1.979721],[-79.908929,-1.98016],[-79.90896,-1.980591],[-79.908889,-1.980679],[-79.907475,-1.981461],[-79.907118,-1.981772],[-79.904688,-1.982745],[-79.901671,-1.983326],[-79.901346,-1.983302]]]},"properties":{"OBJECTID":25883,"dpa_parroq":"090656","dpa_despar":"LOS LOJAS","dpa_canton":"0906","dpa_descan":"DAULE","dpa_provin":"09","dpa_despro":"GUAYAS","dpa_anio":" ","txt":" ","fcode":" ","fcode_1":" ","descr":"AREA QUE PRESENTA CONDICIONES POTENCIALES PARA LA OCURRENCIA O NO DE UNA AMENAZA A INUNDACION","umo":"NIVEL PLANO","pen":"PLANA","txs":"ARCILLOSO","ttd":"ARCILLOSO","ith":0,"sui":"ALTA","sce":0,"st_area_sh":203913.189451,"st_length_":2178.09690603,"anno":2025,"name":"LOS LOJAS"}},{"type":"Feature","id":25939,"geometry":{"type":"Polygon","coordinates":[[[-79.993285,-1.926074],[-79.994076,-1.925227],[-79.995112,-1.924743],[-79.996712,-1.924624],[-79.998472,-1.923847],[-79.999866,-1.922933],[-80.000052,-1.922987],[-79.999947,-1.923124],[-79.999911,-1.923449],[-79.999431,-1.924393],[-79.998124,-1.926238],[-79.99778,-1.927076],[-79.997222,-1.926655],[-79.996058,-1.926469],[-79.995383,-1.926536],[-79.994555,-1.927091],[-79.99426,-1.927467],[-79.994279,-1.927953],[-79.994417,-1.928606],[-79.994692,-1.928973],[-79.994948,-1.929132],[-79.997202,-1.929367],[-79.997655,-1.929237],[-79.997866,-1.930016],[-79.998047,-1.930311],[-79.998376,-1.930615],[-79.998019,-1.931347],[-79.997486,-1.93133],[-79.997139,-1.930836],[-79.996744,-1.930442],[-79.996449,-1.93044],[-79.995959,-1.930698],[-79.99566,-1.930575],[-79.995481,-1.930579],[-79.994801,-1.930731],[-79.994162,-1.930479],[-79.993617,-1.929512],[-79.993046,-1.928838],[-79.992731,-1.928314],[-79.992712,-1.927477],[-79.992894,-1.926762],[-79.993285,-1.926074]]]},"properties":{"OBJECTID":25939,"dpa_parroq":"090650","dpa_despar":"DAULE","dpa_canton":"0906","dpa_descan":"DAULE","dpa_provin":"09","dpa_despro":"GUAYAS","dpa_anio":" ","txt":" ","fcode":" ","fcode_1":" ","descr":"AREA QUE PRESENTA CONDICIONES POTENCIALES PARA LA OCURRENCIA O NO DE UNA AMENAZA A INUNDACION","umo":"MEANDRO ABANDONADO","pen":"PLANA","txs":"FRANCO ARCILLOSO","ttd":"ARCILLOSO","ith":0,"sui":"ALTA","sce":0,"st_area_sh":271088.929994,"st_length_":3651.37850639,"anno":2025,"name":"DAULE"}},{"type":"Feature","id":25954,"geometry":{"type":"Polygon","coordinates":[[[-79.988112,-1.837818],[-79.988125,-1.837738],[-79.988344,-1.837589],[-79.989858,-1.836993],[-79.990228,-1.837182],[-79.991612,-1.838458],[-79.991774,-1.838775],[-79.991482,-1.838993],[-79.990621,-1.838247],[-79.989661,-1.837828],[-79.988259,-1.838187],[-79.988161,-1.838106],[-79.988112,-1.837818]]]},"properties":{"OBJECTID":25954,"dpa_parroq":"090650","dpa_despar":"DAULE","dpa_canton":"0906","dpa_descan":"DAULE","dpa_provin":"09","dpa_despro":"GUAYAS","dpa_anio":" ","txt":" ","fcode":" ","fcode_1":" ","descr":"AREA QUE PRESENTA CONDICIONES POTENCIALES PARA LA OCURRENCIA O NO DE UNA AMENAZA A INUNDACION","umo":"MEANDRO ABANDONADO","pen":"PLANA","txs":"FRANCO ARCILLOSO","ttd":"ARCILLOSO","ith":0,"sui":"ALTA","sce":0,"st_area_sh":30595.6124436,"st_length_":1004.17380422,"anno":2025,"name":"DAULE"}},{"type":"Feature","id":25965,"geometry":{"type":"Polygon","coordinates":[[[-80.001329,-1.833694],[-80.001835,-1.833315],[-80.002258,-1.832836],[-80.002455,-1.832342],[-80.002534,-1.831774],[-80.003717,-1.831774],[-80.00343,-1.832827],[-80.002988,-1.833676],[-80.002857,-1.833802],[-80.002534,-1.834024],[-80.001928,-1.834257],[-80.001248,-1.834291],[-80.000562,-1.834194],[-80.000489,-1.833914],[-80.000633,-1.833778],[-80.001329,-1.833694]]]},"properties":{"OBJECTID":25965,"dpa_parroq":"090650","dpa_despar":"DAULE","dpa_canton":"0906","dpa_descan":"DAULE","dpa_provin":"09","dpa_despro":"GUAYAS","dpa_anio":" ","txt":" ","fcode":" ","fcode_1":" ","descr":"AREA QUE PRESENTA CONDICIONES POTENCIALES PARA LA OCURRENCIA O NO DE UNA AMENAZA A INUNDACION","umo":"MEANDRO ABANDONADO","pen":"PLANA","txs":"FRANCO ARCILLOSO","ttd":"ARCILLOSO","ith":0,"sui":"ALTA","sce":0,"st_area_sh":42719.506328,"st_length_":1042.11602931,"anno":2025,"name":"DAULE"}},{"type":"Feature","id":25973,"geometry":{"type":"Polygon","coordinates":[[[-79.878026,-1.942072],[-79.878209,-1.941913],[-79.878308,-1.941636],[-79.878461,-1.940849],[-79.878527,-1.938098],[-79.878456,-1.937201],[-79.878681,-1.937081],[-79.879083,-1.936489],[-79.879164,-1.935978],[-79.879057,-1.935304],[-79.879031,-1.9342],[-79.879567,-1.933339],[-79.879942,-1.933097],[-79.880049,-1.93272],[-79.879568,-1.931805],[-79.879568,-1.931481],[-79.879926,-1.931447],[-79.880435,-1.931685],[-79.8807,-1.932086],[-79.880891,-1.932679],[-79.880994,-1.933837],[-79.88117,-1.934668],[-79.881287,-1.93633],[-79.881626,-1.936879],[-79.882112,-1.937325],[-79.882525,-1.937844],[-79.882893,-1.938097],[-79.883232,-1.938661],[-79.883527,-1.938898],[-79.883836,-1.938958],[-79.884208,-1.940084],[-79.884325,-1.94121],[-79.884274,-1.943],[-79.883949,-1.943627],[-79.883657,-1.943896],[-79.883093,-1.943169],[-79.882344,-1.942711],[-79.880524,-1.942602],[-79.879694,-1.942924],[-79.878623,-1.943678],[-79.878222,-1.944189],[-79.876989,-1.944846],[-79.877873,-1.942837],[-79.878026,-1.942072]]]},"properties":{"OBJECTID":25973,"dpa_parroq":"090656","dpa_despar":"LOS LOJAS","dpa_canton":"0906","dpa_descan":"DAULE","dpa_provin":"09","dpa_despro":"GUAYAS","dpa_anio":" ","txt":" ","fcode":" ","fcode_1":" ","descr":"AREA QUE PRESENTA CONDICIONES POTENCIALES PARA LA OCURRENCIA O NO DE UNA AMENAZA A INUNDACION","umo":"NIVEL PLANO","pen":"PLANA","txs":"ARCILLOSO","ttd":"ARCILLOSO","ith":0,"sui":"ALTA","sce":0,"st_area_sh":529320.286433,"st_length_":4097.71098719,"anno":2025,"name":"LOS LOJAS"}},{"type":"Feature","id":26269,"geometry":{"type":"Polygon","coordinates":[[[-79.952208,-1.934108],[-79.952417,-1.933994],[-79.952453,-1.933857],[-79.952575,-1.933768],[-79.953605,-1.933622],[-79.95372,-1.933934],[-79.953726,-1.934332],[-79.953602,-1.934731],[-79.953445,-1.934837],[-79.952938,-1.934772],[-79.952815,-1.935062],[-79.952883,-1.935439],[-79.953119,-1.935599],[-79.953643,-1.935321],[-79.95376,-1.935303],[-79.953942,-1.935428],[-79.954032,-1.935636],[-79.953945,-1.935838],[-79.953974,-1.936423],[-79.954246,-1.936388],[-79.954452,-1.936547],[-79.954641,-1.936525],[-79.954903,-1.936655],[-79.954864,-1.936812],[-79.954495,-1.936848],[-79.954458,-1.93699],[-79.954902,-1.937421],[-79.955085,-1.937512],[-79.955011,-1.937833],[-79.9547,-1.938003],[-79.954624,-1.937745],[-79.954491,-1.937602],[-79.954105,-1.937434],[-79.953603,-1.937967],[-79.953401,-1.938099],[-79.95325,-1.938111],[-79.953063,-1.93832],[-79.952247,-1.938551],[-79.951923,-1.938847],[-79.951925,-1.939532],[-79.951835,-1.939841],[-79.951241,-1.940073],[-79.951045,-1.94006],[-79.950991,-1.939715],[-79.950744,-1.939647],[-79.950606,-1.9395],[-79.950377,-1.938775],[-79.949564,-1.93791],[-79.949578,-1.9378],[-79.95013,-1.937275],[-79.950259,-1.936952],[-79.950145,-1.935479],[-79.949997,-1.9348],[-79.950127,-1.93457],[-79.950341,-1.934397],[-79.951166,-1.934021],[-79.951799,-1.933919],[-79.952064,-1.934094],[-79.952208,-1.934108]]]},"properties":{"OBJECTID":26269,"dpa_parroq":"090650","dpa_despar":"DAULE","dpa_canton":"0906","dpa_descan":"DAULE","dpa_provin":"09","dpa_despro":"GUAYAS","dpa_anio":" ","txt":" ","fcode":" ","fcode_1":" ","descr":"AREA QUE PRESENTA CONDICIONES POTENCIALES PARA LA OCURRENCIA O NO DE UNA AMENAZA A INUNDACION","umo":"BASIN","pen":"PLANA","txs":"FRANCO ARCILLOSO","ttd":"FRANCO ARCILLOSO","ith":0,"sui":"ALTA","sce":0,"st_area_sh":236289.219025,"st_length_":2626.11484999,"anno":2025,"name":"DAULE"}},{"type":"Feature","id":26276,"geometry":{"type":"Polygon","coordinates":[[[-80.00965,-1.884855],[-80.009828,-1.884511],[-80.009635,-1.88438],[-80.010322,-1.884437],[-80.011058,-1.884827],[-80.011542,-1.885178],[-80.011833,-1.88551],[-80.012201,-1.886173],[-80.012272,-1.886633],[-80.012037,-1.886567],[-80.011789,-1.88634],[-80.010947,-1.885343],[-80.010624,-1.885099],[-80.010153,-1.884865],[-80.009989,-1.884856],[-80.009653,-1.885056],[-80.00965,-1.884855]]]},"properties":{"OBJECTID":26276,"dpa_parroq":"090650","dpa_despar":"DAULE","dpa_canton":"0906","dpa_descan":"DAULE","dpa_provin":"09","dpa_despro":"GUAYAS","dpa_anio":" ","txt":" ","fcode":" ","fcode_1":" ","descr":"AREA QUE PRESENTA CONDICIONES POTENCIALES PARA LA OCURRENCIA O NO DE UNA AMENAZA A INUNDACION","umo":"DIQUE O BANCO ALUVIAL","pen":"MUY SUAVE","txs":"FRANCO ARCILLOSO","ttd":"ARCILLOSO","ith":0,"sui":"ALTA","sce":0,"st_area_sh":19500.9942971,"st_length_":885.132964758,"anno":2025,"name":"DAULE"}},{"type":"Feature","id":26329,"geometry":{"type":"MultiPolygon","coordinates":[[[[-79.999557,-1.88627],[-79.999626,-1.886045],[-79.999816,-1.885956],[-79.999818,-1.885787],[-79.999431,-1.885787],[-79.999304,-1.885659],[-79.999232,-1.885421],[-79.999086,-1.885439],[-79.999068,-1.885732],[-79.998723,-1.885951],[-79.998632,-1.886097],[-79.998777,-1.886262],[-79.998559,-1.886426],[-79.998486,-1.886572],[-79.998341,-1.886645],[-79.998078,-1.886523],[-79.997935,-1.886351],[-79.998963,-1.884463],[-79.999407,-1.883909],[-79.99979,-1.883417],[-80.001588,-1.881916],[-80.001571,-1.882159],[-80.001256,-1.882594],[-80.001503,-1.882879],[-80.001955,-1.883071],[-80.002752,-1.883143],[-80.003751,-1.883706],[-80.003691,-1.884197],[-80.003548,-1.884197],[-80.003548,-1.88446],[-80.003881,-1.884508],[-80.003774,-1.884891],[-80.004129,-1.884974],[-80.004186,-1.8852],[-80.003892,-1.885239],[-80.003858,-1.88532],[-80.004068,-1.885668],[-80.004085,-1.886027],[-80.003995,-1.88618],[-80.003749,-1.88627],[-80.003198,-1.886317],[-80.002853,-1.886239],[-80.002533,-1.885995],[-80.002216,-1.885611],[-80.002205,-1.885488],[-80.002386,-1.885177],[-80.00243,-1.884849],[-80.00218,-1.884706],[-80.002018,-1.884821],[-80.001925,-1.885238],[-80.001515,-1.885791],[-80.001138,-1.88624],[-80.000978,-1.886314],[-80.000012,-1.88634],[-79.999557,-1.88627]]],[[[-79.999557,-1.88627],[-79.999554,-1.886279],[-79.999327,-1.886234],[-79.999557,-1.88627]]]]},"properties":{"OBJECTID":26329,"dpa_parroq":"090650","dpa_despar":"DAULE","dpa_canton":"0906","dpa_descan":"DAULE","dpa_provin":"09","dpa_despro":"GUAYAS","dpa_anio":" ","txt":" ","fcode":" ","fcode_1":" ","descr":"AREA QUE PRESENTA CONDICIONES POTENCIALES PARA LA OCURRENCIA O NO DE UNA AMENAZA A INUNDACION","umo":"DIQUE O BANCO ALUVIAL","pen":"MUY SUAVE","txs":"FRANCO ARCILLOSO","ttd":"ARCILLOSO","ith":0,"sui":"ALTA","sce":0,"st_area_sh":180382.547614,"st_length_":2651.9159179,"anno":2025,"name":"DAULE"}},{"type":"Feature","id":26333,"geometry":{"type":"Polygon","coordinates":[[[-79.999848,-1.84325],[-79.999136,-1.842939],[-79.999492,-1.842296],[-80.003733,-1.843543],[-80.004007,-1.843675],[-80.005549,-1.844623],[-80.006234,-1.845463],[-80.006578,-1.846557],[-80.005161,-1.845592],[-80.005374,-1.84521],[-80.005137,-1.844971],[-80.003572,-1.843896],[-80.003406,-1.84423],[-80.003169,-1.844135],[-80.00305,-1.844278],[-80.002267,-1.843943],[-80.002125,-1.84411],[-80.000844,-1.843608],[-80.000678,-1.843704],[-79.999848,-1.84325]]]},"properties":{"OBJECTID":26333,"dpa_parroq":"090650","dpa_despar":"DAULE","dpa_canton":"0906","dpa_descan":"DAULE","dpa_provin":"09","dpa_despro":"GUAYAS","dpa_anio":" ","txt":" ","fcode":" ","fcode_1":" ","descr":"AREA QUE PRESENTA CONDICIONES POTENCIALES PARA LA OCURRENCIA O NO DE UNA AMENAZA A INUNDACION","umo":"DIQUE O BANCO ALUVIAL","pen":"PLANA","txs":"FRANCO ARCILLOSO","ttd":"ARCILLOSO","ith":0,"sui":"ALTA","sce":0,"st_area_sh":73497.8981446,"st_length_":2116.25016635,"anno":2025,"name":"DAULE"}},{"type":"Feature","id":26337,"geometry":{"type":"Polygon","coordinates":[[[-79.992408,-1.842851],[-79.99148,-1.8425],[-79.991128,-1.841953],[-79.99113,-1.841312],[-79.991284,-1.840805],[-79.991479,-1.840526],[-79.991989,-1.840051],[-79.992368,-1.840104],[-79.995452,-1.841577],[-79.995985,-1.841664],[-79.995958,-1.841744],[-79.99629,-1.841935],[-79.996052,-1.842364],[-79.99591,-1.842913],[-79.995554,-1.842865],[-79.995537,-1.842977],[-79.996725,-1.843325],[-79.996715,-1.843207],[-79.996905,-1.84292],[-79.997167,-1.842753],[-79.997262,-1.842609],[-79.996798,-1.842429],[-79.996572,-1.842968],[-79.996441,-1.843027],[-79.996275,-1.842979],[-79.99637,-1.842644],[-79.996727,-1.841939],[-79.997049,-1.841915],[-79.99756,-1.842214],[-79.997976,-1.842203],[-79.998166,-1.842406],[-79.998118,-1.842921],[-79.997928,-1.843172],[-79.998178,-1.84334],[-79.998082,-1.843543],[-79.99769,-1.843603],[-79.997706,-1.843787],[-79.998258,-1.843941],[-79.998471,-1.843941],[-79.998629,-1.843854],[-79.998974,-1.844154],[-79.999343,-1.844082],[-79.999545,-1.843723],[-79.999664,-1.843747],[-79.999592,-1.844094],[-79.999747,-1.844154],[-79.999985,-1.844453],[-80.000222,-1.844537],[-80.000484,-1.844466],[-80.001091,-1.84461],[-80.002101,-1.844945],[-80.002178,-1.845033],[-79.996971,-1.844325],[-79.995368,-1.843905],[-79.993464,-1.843125],[-79.992408,-1.842851]]]},"properties":{"OBJECTID":26337,"dpa_parroq":"090650","dpa_despar":"DAULE","dpa_canton":"0906","dpa_descan":"DAULE","dpa_provin":"09","dpa_despro":"GUAYAS","dpa_anio":" ","txt":" ","fcode":" ","fcode_1":" ","descr":"AREA QUE PRESENTA CONDICIONES POTENCIALES PARA LA OCURRENCIA O NO DE UNA AMENAZA A INUNDACION","umo":"DIQUE O BANCO ALUVIAL","pen":"PLANA","txs":"FRANCO ARCILLOSO","ttd":"ARCILLOSO","ith":0,"sui":"ALTA","sce":0,"st_area_sh":209790.514288,"st_length_":3784.52430249,"anno":2025,"name":"DAULE"}},{"type":"Feature","id":26353,"geometry":{"type":"Polygon","coordinates":[[[-79.993056,-1.839735],[-79.992786,-1.839493],[-79.99349,-1.838989],[-79.99386,-1.838549],[-79.994007,-1.837161],[-79.993904,-1.836992],[-79.993573,-1.835816],[-79.993247,-1.835171],[-79.993251,-1.834847],[-79.993022,-1.834459],[-79.993037,-1.834314],[-79.992922,-1.834027],[-79.993422,-1.833289],[-79.993915,-1.832846],[-79.994597,-1.832399],[-79.995067,-1.832667],[-79.995619,-1.833454],[-79.996178,-1.83465],[-79.996362,-1.83529],[-79.996356,-1.835895],[-79.996203,-1.836716],[-79.99584,-1.837825],[-79.995413,-1.838625],[-79.994547,-1.839629],[-79.994028,-1.839925],[-79.993491,-1.839969],[-79.993056,-1.839735]]]},"properties":{"OBJECTID":26353,"dpa_parroq":"090650","dpa_despar":"DAULE","dpa_canton":"0906","dpa_descan":"DAULE","dpa_provin":"09","dpa_despro":"GUAYAS","dpa_anio":" ","txt":" ","fcode":" ","fcode_1":" ","descr":"AREA QUE PRESENTA CONDICIONES POTENCIALES PARA LA OCURRENCIA O NO DE UNA AMENAZA A INUNDACION","umo":"DIQUE O BANCO ALUVIAL","pen":"PLANA","txs":"FRANCO ARCILLOSO","ttd":"ARCILLOSO","ith":0,"sui":"ALTA","sce":0,"st_area_sh":201111.605055,"st_length_":2093.39267774,"anno":2025,"name":"DAULE"}},{"type":"Feature","id":26362,"geometry":{"type":"Polygon","coordinates":[[[-79.914608,-1.851511],[-79.914,-1.851444],[-79.914,-1.851155],[-79.913841,-1.850893],[-79.914669,-1.850893],[-79.914785,-1.851033],[-79.914973,-1.851089],[-79.915028,-1.851434],[-79.914928,-1.851511],[-79.914608,-1.851511]]]},"properties":{"OBJECTID":26362,"dpa_parroq":"090652","dpa_despar":"JUAN BAUTISTA AGUIRRE","dpa_canton":"0906","dpa_descan":"DAULE","dpa_provin":"09","dpa_despro":"GUAYAS","dpa_anio":" ","txt":" ","fcode":" ","fcode_1":" ","descr":"AREA QUE PRESENTA CONDICIONES POTENCIALES PARA LA OCURRENCIA O NO DE UNA AMENAZA A INUNDACION","umo":"VALLE INDIFERENCIADO","pen":"PLANA","txs":"FRANCO ARCILLOSO","ttd":"FRANCO ARCILLOSO","ith":0,"sui":"ALTA","sce":0,"st_area_sh":7032.60763914,"st_length_":356.126284531,"anno":2025,"name":"JUAN BAUTISTA AGUIRRE"}},{"type":"Feature","id":26456,"geometry":{"type":"Polygon","coordinates":[[[-79.991176,-1.818983],[-79.991486,-1.818816],[-79.992041,-1.818704],[-79.993133,-1.818012],[-79.992887,-1.818266],[-79.993245,-1.818709],[-79.993072,-1.818907],[-79.993315,-1.819094],[-79.993454,-1.819035],[-79.993847,-1.819677],[-79.993558,-1.819886],[-79.993662,-1.820003],[-79.995465,-1.819003],[-79.995694,-1.819436],[-79.99527,-1.819661],[-79.99528,-1.819965],[-79.99491,-1.820156],[-79.995237,-1.820587],[-79.995596,-1.82047],[-79.995735,-1.82075],[-79.996164,-1.820669],[-79.99636,-1.82096],[-79.996024,-1.821648],[-79.996464,-1.821625],[-79.996603,-1.822056],[-79.997472,-1.822231],[-79.997573,-1.822345],[-79.997991,-1.822247],[-79.998597,-1.824274],[-79.998903,-1.825035],[-79.999334,-1.825581],[-79.999638,-1.826372],[-79.999846,-1.827018],[-79.999942,-1.827712],[-79.999845,-1.828777],[-79.999572,-1.829367],[-79.999061,-1.830108],[-79.99826,-1.830714],[-79.997296,-1.831191],[-79.995391,-1.831197],[-79.994842,-1.831274],[-79.99422,-1.831465],[-79.994234,-1.831241],[-79.994095,-1.830771],[-79.993595,-1.829719],[-79.992835,-1.828855],[-79.992543,-1.828286],[-79.991666,-1.827324],[-79.990945,-1.825833],[-79.989345,-1.823846],[-79.988111,-1.82289],[-79.987232,-1.822325],[-79.986327,-1.822084],[-79.985839,-1.822081],[-79.988726,-1.820606],[-79.990374,-1.81939],[-79.991176,-1.818983]]]},"properties":{"OBJECTID":26456,"dpa_parroq":"090650","dpa_despar":"DAULE","dpa_canton":"0906","dpa_descan":"DAULE","dpa_provin":"09","dpa_despro":"GUAYAS","dpa_anio":" ","txt":" ","fcode":" ","fcode_1":" ","descr":"AREA QUE PRESENTA CONDICIONES POTENCIALES PARA LA OCURRENCIA O NO DE UNA AMENAZA A INUNDACION","umo":"DIQUE O BANCO ALUVIAL","pen":"PLANA","txs":"FRANCO ARCILLOSO","ttd":"ARCILLOSO","ith":0,"sui":"ALTA","sce":0,"st_area_sh":1149242.29623,"st_length_":5222.47459547,"anno":2025,"name":"DAULE"}},{"type":"Feature","id":26495,"geometry":{"type":"Polygon","coordinates":[[[-79.916351,-1.910633],[-79.915938,-1.90997],[-79.91472,-1.909318],[-79.91375,-1.908695],[-79.913484,-1.908427],[-79.91337,-1.908159],[-79.913748,-1.908114],[-79.914323,-1.907914],[-79.914654,-1.907714],[-79.915031,-1.907403],[-79.915328,-1.906816],[-79.915997,-1.907361],[-79.916679,-1.907499],[-79.91719,-1.907808],[-79.91794,-1.908632],[-79.918619,-1.909668],[-79.918601,-1.909826],[-79.918673,-1.909948],[-79.918434,-1.910144],[-79.917111,-1.910608],[-79.916351,-1.910633]]]},"properties":{"OBJECTID":26495,"dpa_parroq":"090652","dpa_despar":"JUAN BAUTISTA AGUIRRE","dpa_canton":"0906","dpa_descan":"DAULE","dpa_provin":"09","dpa_despro":"GUAYAS","dpa_anio":" ","txt":" ","fcode":" ","fcode_1":" ","descr":"AREA QUE PRESENTA CONDICIONES POTENCIALES PARA LA OCURRENCIA O NO DE UNA AMENAZA A INUNDACION","umo":"CAUCE ABANDONADO","pen":"PLANA","txs":"ARCILLOSO","ttd":"FRANCO ARCILLOSO","ith":0,"sui":"ALTA","sce":0,"st_area_sh":126570.945896,"st_length_":1530.2582456,"anno":2025,"name":"JUAN BAUTISTA AGUIRRE"}},{"type":"Feature","id":26649,"geometry":{"type":"Polygon","coordinates":[[[-79.88315,-1.826235],[-79.883416,-1.826135],[-79.883664,-1.82614],[-79.885129,-1.826645],[-79.884807,-1.826635],[-79.883755,-1.826257],[-79.882524,-1.82652],[-79.880989,-1.826369],[-79.880246,-1.826393],[-79.879354,-1.826775],[-79.878932,-1.827056],[-79.878391,-1.826984],[-79.877858,-1.826718],[-79.878659,-1.826917],[-79.878944,-1.826862],[-79.87987,-1.8264],[-79.880372,-1.826252],[-79.881214,-1.826215],[-79.882089,-1.826354],[-79.882707,-1.826338],[-79.88315,-1.826235]]]},"properties":{"OBJECTID":26649,"dpa_parroq":"090652","dpa_despar":"JUAN BAUTISTA AGUIRRE","dpa_canton":"0906","dpa_descan":"DAULE","dpa_provin":"09","dpa_despro":"GUAYAS","dpa_anio":" ","txt":" ","fcode":" ","fcode_1":" ","descr":"AREA QUE PRESENTA CONDICIONES POTENCIALES PARA LA OCURRENCIA O NO DE UNA AMENAZA A INUNDACION","umo":"TERRAZA BAJA Y CAUCE ACTUAL","pen":"PLANA","txs":"NO APLICABLE","ttd":"NO APLICABLE","ith":0,"sui":"ALTA","sce":0,"st_area_sh":11440.2661079,"st_length_":1685.7949023,"anno":2025,"name":"JUAN BAUTISTA AGUIRRE"}},{"type":"Feature","id":26657,"geometry":{"type":"Polygon","coordinates":[[[-79.993884,-1.816772],[-79.994258,-1.815838],[-79.993942,-1.812188],[-79.993919,-1.811014],[-79.994173,-1.809992],[-79.994579,-1.80889],[-79.995444,-1.808371],[-79.995683,-1.8081],[-79.99589,-1.807133],[-79.996104,-1.806638],[-79.996088,-1.806303],[-79.995832,-1.805824],[-79.996221,-1.806242],[-79.996296,-1.806437],[-79.995993,-1.807371],[-79.995646,-1.808892],[-79.99521,-1.810004],[-79.994825,-1.811857],[-79.994825,-1.81302],[-79.994892,-1.813407],[-79.995579,-1.815358],[-79.995836,-1.817647],[-79.996121,-1.818639],[-79.995422,-1.818979],[-79.994663,-1.818574],[-79.99475,-1.818507],[-79.994639,-1.818343],[-79.994842,-1.818228],[-79.994669,-1.817877],[-79.994543,-1.817975],[-79.994416,-1.817859],[-79.994242,-1.81794],[-79.993964,-1.817555],[-79.994335,-1.817346],[-79.994231,-1.817241],[-79.994097,-1.817245],[-79.993895,-1.817407],[-79.993705,-1.817197],[-79.993682,-1.817241],[-79.993884,-1.816772]]]},"properties":{"OBJECTID":26657,"dpa_parroq":"090650","dpa_despar":"DAULE","dpa_canton":"0906","dpa_descan":"DAULE","dpa_provin":"09","dpa_despro":"GUAYAS","dpa_anio":" ","txt":" ","fcode":" ","fcode_1":" ","descr":"AREA QUE PRESENTA CONDICIONES POTENCIALES PARA LA OCURRENCIA O NO DE UNA AMENAZA A INUNDACION","umo":"DIQUE O BANCO ALUVIAL","pen":"PLANA","txs":"FRANCO ARCILLOSO","ttd":"ARCILLOSO","ith":0,"sui":"ALTA","sce":0,"st_area_sh":156399.838707,"st_length_":3386.26991904,"anno":2025,"name":"DAULE"}},{"type":"Feature","id":26715,"geometry":{"type":"Polygon","coordinates":[[[-79.955845,-1.807717],[-79.956361,-1.807668],[-79.957135,-1.807422],[-79.958034,-1.807745],[-79.95842,-1.807541],[-79.958599,-1.807695],[-79.958754,-1.808133],[-79.958729,-1.808346],[-79.958298,-1.808856],[-79.957298,-1.808856],[-79.957509,-1.808445],[-79.957491,-1.808349],[-79.957201,-1.808139],[-79.956878,-1.808086],[-79.956227,-1.808317],[-79.955979,-1.80853],[-79.955861,-1.808856],[-79.954971,-1.808856],[-79.95532,-1.808116],[-79.955772,-1.807965],[-79.955845,-1.807717]]]},"properties":{"OBJECTID":26715,"dpa_parroq":"090654","dpa_despar":"LIMONAL","dpa_canton":"0906","dpa_descan":"DAULE","dpa_provin":"09","dpa_despro":"GUAYAS","dpa_anio":" ","txt":" ","fcode":" ","fcode_1":" ","descr":"AREA QUE PRESENTA CONDICIONES POTENCIALES PARA LA OCURRENCIA O NO DE UNA AMENAZA A INUNDACION","umo":"VALLE INDIFERENCIADO","pen":"PLANA","txs":"FRANCO ARCILLOSO","ttd":"FRANCO ARCILLOSO","ith":0,"sui":"ALTA","sce":0,"st_area_sh":38210.3027431,"st_length_":1149.99496669,"anno":2025,"name":"LIMONAL"}},{"type":"Feature","id":26765,"geometry":{"type":"Polygon","coordinates":[[[-79.903337,-1.884822],[-79.902786,-1.884426],[-79.902232,-1.883904],[-79.902173,-1.883466],[-79.901726,-1.882464],[-79.901784,-1.881985],[-79.903329,-1.880998],[-79.904109,-1.880664],[-79.906044,-1.880448],[-79.906664,-1.880303],[-79.906953,-1.880695],[-79.907111,-1.881145],[-79.906346,-1.88161],[-79.905826,-1.881798],[-79.905076,-1.8819],[-79.9033,-1.882523],[-79.903097,-1.882726],[-79.903155,-1.883351],[-79.903487,-1.883598],[-79.90415,-1.883889],[-79.906142,-1.884224],[-79.906099,-1.884616],[-79.905911,-1.885096],[-79.90529,-1.885182],[-79.904554,-1.884964],[-79.903871,-1.88504],[-79.903337,-1.884822]]]},"properties":{"OBJECTID":26765,"dpa_parroq":"090652","dpa_despar":"JUAN BAUTISTA AGUIRRE","dpa_canton":"0906","dpa_descan":"DAULE","dpa_provin":"09","dpa_despro":"GUAYAS","dpa_anio":" ","txt":" ","fcode":" ","fcode_1":" ","descr":"AREA QUE PRESENTA CONDICIONES POTENCIALES PARA LA OCURRENCIA O NO DE UNA AMENAZA A INUNDACION","umo":"CAUCE ABANDONADO","pen":"PLANA","txs":"ARCILLOSO","ttd":"FRANCO ARCILLOSO","ith":0,"sui":"ALTA","sce":0,"st_area_sh":143756.478654,"st_length_":2378.21516389,"anno":2025,"name":"JUAN BAUTISTA AGUIRRE"}},{"type":"Feature","id":26785,"geometry":{"type":"Polygon","coordinates":[[[-80.02322,-1.887778],[-80.023467,-1.88705],[-80.025004,-1.885699],[-80.026344,-1.884276],[-80.027142,-1.88328],[-80.027922,-1.883013],[-80.028627,-1.882898],[-80.02914,-1.882898],[-80.02942,-1.883024],[-80.029243,-1.883506],[-80.029273,-1.884126],[-80.028694,-1.886281],[-80.028399,-1.887039],[-80.028048,-1.888801],[-80.027853,-1.889281],[-80.027469,-1.88978],[-80.027277,-1.89031],[-80.027225,-1.890699],[-80.027321,-1.891153],[-80.027808,-1.891513],[-80.028117,-1.892076],[-80.028289,-1.892938],[-80.029121,-1.894052],[-80.029436,-1.894355],[-80.029517,-1.894566],[-80.029401,-1.895081],[-80.029036,-1.895597],[-80.028736,-1.895675],[-80.028239,-1.895519],[-80.027777,-1.895111],[-80.027137,-1.894931],[-80.026897,-1.89454],[-80.026363,-1.893255],[-80.026279,-1.892071],[-80.026101,-1.891263],[-80.026188,-1.891019],[-80.026243,-1.890369],[-80.026582,-1.889635],[-80.027231,-1.888964],[-80.027346,-1.888762],[-80.027283,-1.888338],[-80.027131,-1.888137],[-80.026909,-1.887996],[-80.02645,-1.887954],[-80.026094,-1.888026],[-80.025048,-1.887841],[-80.024064,-1.887933],[-80.023805,-1.888097],[-80.023664,-1.888512],[-80.022656,-1.889862],[-80.022335,-1.890521],[-80.022283,-1.890985],[-80.022384,-1.892102],[-80.022275,-1.892386],[-80.02209,-1.892506],[-80.020964,-1.892679],[-80.020322,-1.89258],[-80.020017,-1.892415],[-80.019951,-1.892308],[-80.01996,-1.892036],[-80.020274,-1.891544],[-80.020295,-1.891059],[-80.020246,-1.890779],[-80.019728,-1.890046],[-80.019622,-1.889189],[-80.019489,-1.888984],[-80.019357,-1.888917],[-80.018857,-1.888826],[-80.018369,-1.888563],[-80.017985,-1.888659],[-80.017364,-1.889642],[-80.017407,-1.889981],[-80.017532,-1.8901],[-80.018565,-1.890195],[-80.0188,-1.890737],[-80.018812,-1.891087],[-80.018665,-1.89174],[-80.018145,-1.891287],[-80.017906,-1.891363],[-80.01784,-1.891463],[-80.017684,-1.892973],[-80.017198,-1.893061],[-80.016056,-1.893076],[-80.015812,-1.892892],[-80.015626,-1.89254],[-80.015374,-1.892299],[-80.015393,-1.891707],[-80.015734,-1.891328],[-80.015515,-1.890664],[-80.015796,-1.889655],[-80.016115,-1.888967],[-80.015971,-1.888769],[-80.016485,-1.888712],[-80.017417,-1.888387],[-80.018405,-1.887526],[-80.019509,-1.88745],[-80.019832,-1.88768],[-80.020061,-1.887967],[-80.020212,-1.888523],[-80.020916,-1.889346],[-80.021544,-1.889328],[-80.022058,-1.889175],[-80.022439,-1.888849],[-80.023067,-1.888103],[-80.02322,-1.887778]]]},"properties":{"OBJECTID":26785,"dpa_parroq":"090650","dpa_despar":"DAULE","dpa_canton":"0906","dpa_descan":"DAULE","dpa_provin":"09","dpa_despro":"GUAYAS","dpa_anio":" ","txt":" ","fcode":" ","fcode_1":" ","descr":"AREA QUE PRESENTA CONDICIONES POTENCIALES PARA LA OCURRENCIA O NO DE UNA AMENAZA A INUNDACION","umo":"DIQUE O BANCO ALUVIAL","pen":"MUY SUAVE","txs":"FRANCO ARCILLOSO","ttd":"ARCILLOSO","ith":0,"sui":"ALTA","sce":0,"st_area_sh":651971.634927,"st_length_":7817.08751637,"anno":2025,"name":"DAULE"}},{"type":"Feature","id":26792,"geometry":{"type":"Polygon","coordinates":[[[-80.049491,-1.877042],[-80.049473,-1.877068],[-80.049436,-1.877099],[-80.049491,-1.877042]]]},"properties":{"OBJECTID":26792,"dpa_parroq":"090650","dpa_despar":"DAULE","dpa_canton":"0906","dpa_descan":"DAULE","dpa_provin":"09","dpa_despro":"GUAYAS","dpa_anio":" ","txt":" ","fcode":" ","fcode_1":" ","descr":"AREA QUE PRESENTA CONDICIONES POTENCIALES PARA LA OCURRENCIA O NO DE UNA AMENAZA A INUNDACION","umo":"DIQUE O BANCO ALUVIAL","pen":"MUY SUAVE","txs":"FRANCO","ttd":"FRANCO","ith":0,"sui":"MEDIA","sce":0,"st_area_sh":2.74414513,"st_length_":17.5928237894,"anno":2025,"name":"DAULE"}},{"type":"Feature","id":26805,"geometry":{"type":"Polygon","coordinates":[[[-79.888919,-1.988133],[-79.889064,-1.987924],[-79.894046,-1.988474],[-79.894074,-1.988629],[-79.894074,-1.988897],[-79.893959,-1.989108],[-79.893769,-1.989222],[-79.89335,-1.989222],[-79.893179,-1.988858],[-79.892932,-1.988705],[-79.892665,-1.988801],[-79.89238,-1.988781],[-79.892133,-1.988475],[-79.891905,-1.988417],[-79.891771,-1.988494],[-79.891638,-1.988704],[-79.890761,-1.990656],[-79.890855,-1.993069],[-79.890759,-1.994084],[-79.890607,-1.994352],[-79.890339,-1.995424],[-79.889977,-1.996304],[-79.889101,-1.998008],[-79.888986,-1.998333],[-79.888852,-1.999367],[-79.888871,-2.000458],[-79.889213,-2.00109],[-79.890434,-2.002434],[-79.891154,-2.003114],[-79.891272,-2.003437],[-79.891642,-2.003985],[-79.891723,-2.004249],[-79.89179,-2.006215],[-79.891863,-2.006601],[-79.8921,-2.007023],[-79.892135,-2.007272],[-79.892015,-2.00742],[-79.892025,-2.00757],[-79.891807,-2.00796],[-79.891771,-2.008291],[-79.891497,-2.008768],[-79.891569,-2.010146],[-79.891701,-2.010318],[-79.891632,-2.01107],[-79.891494,-2.011305],[-79.891442,-2.01167],[-79.891677,-2.013328],[-79.891497,-2.015789],[-79.891657,-2.016305],[-79.892406,-2.017716],[-79.892497,-2.019108],[-79.892749,-2.020592],[-79.892696,-2.021862],[-79.892429,-2.022417],[-79.892314,-2.023336],[-79.892104,-2.024026],[-79.891952,-2.024389],[-79.891457,-2.025021],[-79.890809,-2.025518],[-79.890543,-2.025652],[-79.889945,-2.025798],[-79.889773,-2.026032],[-79.889344,-2.026124],[-79.88874,-2.026527],[-79.88798,-2.026617],[-79.887768,-2.026771],[-79.887287,-2.026602],[-79.887048,-2.026784],[-79.886851,-2.026805],[-79.885374,-2.026356],[-79.88507,-2.026174],[-79.884406,-2.026099],[-79.883029,-2.026431],[-79.880992,-2.02738],[-79.880558,-2.028339],[-79.880575,-2.029786],[-79.881308,-2.031158],[-79.881427,-2.031936],[-79.8819,-2.03266],[-79.882245,-2.033319],[-79.882356,-2.033699],[-79.882998,-2.034461],[-79.883647,-2.034563],[-79.883841,-2.034258],[-79.885212,-2.033425],[-79.885299,-2.033289],[-79.88576,-2.033209],[-79.88608,-2.033403],[-79.88746,-2.033823],[-79.888117,-2.034179],[-79.888277,-2.034502],[-79.888325,-2.034873],[-79.88879,-2.035148],[-79.88887,-2.035261],[-79.888886,-2.035519],[-79.888726,-2.035713],[-79.88826,-2.036019],[-79.886784,-2.036518],[-79.886255,-2.036582],[-79.885971,-2.036337],[-79.885759,-2.036432],[-79.885506,-2.036339],[-79.885364,-2.036203],[-79.884901,-2.036429],[-79.884636,-2.036811],[-79.884206,-2.036945],[-79.884145,-2.036866],[-79.883771,-2.036956],[-79.881939,-2.036405],[-79.881428,-2.036085],[-79.880619,-2.035465],[-79.880128,-2.034967],[-79.879493,-2.034147],[-79.879279,-2.033751],[-79.8791,-2.032939],[-79.879094,-2.0315],[-79.879288,-2.031069],[-79.879266,-2.030573],[-79.879145,-2.030076],[-79.878868,-2.029468],[-79.878182,-2.028741],[-79.878024,-2.028085],[-79.87806,-2.027447],[-79.878448,-2.026101],[-79.880118,-2.02463],[-79.880477,-2.02467],[-79.881028,-2.024592],[-79.88162,-2.024267],[-79.88265,-2.024267],[-79.884569,-2.024008],[-79.885065,-2.024009],[-79.885841,-2.023792],[-79.886337,-2.023771],[-79.886897,-2.023555],[-79.887566,-2.0231],[-79.88845,-2.022103],[-79.889033,-2.021582],[-79.889227,-2.021149],[-79.88927,-2.020542],[-79.889206,-2.019631],[-79.88941,-2.018905],[-79.888946,-2.015934],[-79.888919,-2.015074],[-79.889059,-2.01442],[-79.889217,-2.014215],[-79.889486,-2.014093],[-79.889718,-2.013631],[-79.889751,-2.013146],[-79.889517,-2.012439],[-79.889491,-2.012046],[-79.88957,-2.011574],[-79.889414,-2.010867],[-79.889154,-2.010317],[-79.889024,-2.009793],[-79.889073,-2.00915],[-79.888941,-2.008259],[-79.888787,-2.007859],[-79.888743,-2.007369],[-79.888566,-2.006902],[-79.88848,-2.005943],[-79.888545,-2.005211],[-79.886322,-2.001736],[-79.886045,-2.001448],[-79.88528,-2.001216],[-79.885087,-2.001227],[-79.884796,-2.000839],[-79.884738,-2.000433],[-79.884739,-1.999707],[-79.884826,-1.999155],[-79.884778,-1.999021],[-79.884975,-1.998456],[-79.885054,-1.997921],[-79.884971,-1.997247],[-79.885086,-1.996738],[-79.885901,-1.995632],[-79.88688,-1.993687],[-79.887002,-1.993256],[-79.887125,-1.992252],[-79.887126,-1.991474],[-79.88725,-1.990971],[-79.887907,-1.989706],[-79.888919,-1.988133]]]},"properties":{"OBJECTID":26805,"dpa_parroq":"090650","dpa_despar":"DAULE","dpa_canton":"0906","dpa_descan":"DAULE","dpa_provin":"09","dpa_despro":"GUAYAS","dpa_anio":" ","txt":" ","fcode":" ","fcode_1":" ","descr":"AREA QUE PRESENTA CONDICIONES POTENCIALES PARA LA OCURRENCIA O NO DE UNA AMENAZA A INUNDACION","umo":"CAUCE ABANDONADO","pen":"PLANA","txs":"ARCILLOSO","ttd":"FRANCO ARCILLOSO","ith":0,"sui":"ALTA","sce":0,"st_area_sh":2350413.69097,"st_length_":15853.6079469,"anno":2025,"name":"DAULE"}},{"type":"Feature","id":26806,"geometry":{"type":"Polygon","coordinates":[[[-79.916905,-1.910627],[-79.917433,-1.910511],[-79.918491,-1.910116],[-79.918673,-1.909948],[-79.918601,-1.909826],[-79.918619,-1.909668],[-79.918655,-1.90973],[-79.918756,-1.910435],[-79.919063,-1.911646],[-79.919081,-1.912182],[-79.918891,-1.912986],[-79.918509,-1.913618],[-79.913964,-1.915291],[-79.915507,-1.913607],[-79.915736,-1.91309],[-79.915983,-1.912746],[-79.916469,-1.911616],[-79.916489,-1.911023],[-79.916351,-1.910633],[-79.916905,-1.910627]]]},"properties":{"OBJECTID":26806,"dpa_parroq":"090650","dpa_despar":"DAULE","dpa_canton":"0906","dpa_descan":"DAULE","dpa_provin":"09","dpa_despro":"GUAYAS","dpa_anio":" ","txt":" ","fcode":" ","fcode_1":" ","descr":"AREA QUE PRESENTA CONDICIONES POTENCIALES PARA LA OCURRENCIA O NO DE UNA AMENAZA A INUNDACION","umo":"CAUCE ABANDONADO","pen":"PLANA","txs":"ARCILLOSO","ttd":"FRANCO ARCILLOSO","ith":0,"sui":"ALTA","sce":0,"st_area_sh":139344.356093,"st_length_":1913.84368633,"anno":2025,"name":"DAULE"}},{"type":"Feature","id":26807,"geometry":{"type":"Polygon","coordinates":[[[-80.005594,-1.939532],[-80.00696,-1.939167],[-80.007249,-1.939016],[-80.00745,-1.938536],[-80.007778,-1.938967],[-80.008079,-1.939563],[-80.008327,-1.940427],[-80.008341,-1.940931],[-80.007823,-1.941113],[-80.007363,-1.941116],[-80.005088,-1.940607],[-80.004063,-1.940615],[-80.003193,-1.940774],[-80.002573,-1.941052],[-80.002125,-1.941341],[-80.001669,-1.941849],[-80.001546,-1.941458],[-80.001583,-1.941282],[-80.002837,-1.94045],[-80.0032,-1.940375],[-80.003363,-1.940236],[-80.003652,-1.939745],[-80.004103,-1.939581],[-80.004516,-1.939682],[-80.00498,-1.939544],[-80.005594,-1.939532]]]},"properties":{"OBJECTID":26807,"dpa_parroq":"090650","dpa_despar":"DAULE","dpa_canton":"0906","dpa_descan":"DAULE","dpa_provin":"09","dpa_despro":"GUAYAS","dpa_anio":" ","txt":" ","fcode":" ","fcode_1":" ","descr":"AREA QUE PRESENTA CONDICIONES POTENCIALES PARA LA OCURRENCIA O NO DE UNA AMENAZA A INUNDACION","umo":"DIQUE O BANCO ALUVIAL","pen":"MUY SUAVE","txs":"FRANCO ARCILLOSO","ttd":"ARCILLOSO","ith":0,"sui":"ALTA","sce":0,"st_area_sh":94903.8479086,"st_length_":1917.23397583,"anno":2025,"name":"DAULE"}},{"type":"Feature","id":26808,"geometry":{"type":"Polygon","coordinates":[[[-79.885498,-1.826574],[-79.885957,-1.826011],[-79.886073,-1.826011],[-79.885498,-1.826574]]]},"properties":{"OBJECTID":26808,"dpa_parroq":"090652","dpa_despar":"JUAN BAUTISTA AGUIRRE","dpa_canton":"0906","dpa_descan":"DAULE","dpa_provin":"09","dpa_despro":"GUAYAS","dpa_anio":" ","txt":" ","fcode":" ","fcode_1":" ","descr":"AREA QUE PRESENTA CONDICIONES POTENCIALES PARA LA OCURRENCIA O NO DE UNA AMENAZA A INUNDACION","umo":"TERRAZA BAJA Y CAUCE ACTUAL","pen":"PLANA","txs":"NO APLICABLE","ttd":"NO APLICABLE","ith":0,"sui":"ALTA","sce":0,"st_area_sh":403.138520625,"st_length_":182.747166623,"anno":2025,"name":"JUAN BAUTISTA AGUIRRE"}},{"type":"Feature","id":26809,"geometry":{"type":"Polygon","coordinates":[[[-79.990837,-1.879322],[-79.991417,-1.879001],[-79.991575,-1.878994],[-79.99408,-1.879381],[-79.994667,-1.879186],[-79.995162,-1.879473],[-79.99531,-1.879689],[-79.995359,-1.880138],[-79.993145,-1.879734],[-79.993017,-1.879928],[-79.992955,-1.88031],[-79.992852,-1.880357],[-79.992604,-1.880163],[-79.990874,-1.880218],[-79.990531,-1.880327],[-79.99032,-1.880601],[-79.990052,-1.881528],[-79.990242,-1.882033],[-79.990817,-1.882884],[-79.991027,-1.882902],[-79.991312,-1.882764],[-79.991583,-1.882941],[-79.99181,-1.883264],[-79.992295,-1.884356],[-79.992231,-1.885093],[-79.992002,-1.884976],[-79.991397,-1.885508],[-79.991141,-1.885598],[-79.990634,-1.886302],[-79.99056,-1.886546],[-79.989996,-1.886835],[-79.989441,-1.887326],[-79.989392,-1.887584],[-79.989438,-1.887702],[-79.989615,-1.888032],[-79.990101,-1.888359],[-79.990191,-1.888915],[-79.988934,-1.890033],[-79.987855,-1.890713],[-79.987099,-1.89137],[-79.985697,-1.892168],[-79.985309,-1.89246],[-79.984813,-1.893048],[-79.98452,-1.893237],[-79.983987,-1.8938],[-79.983797,-1.893834],[-79.983662,-1.89374],[-79.983505,-1.893773],[-79.983283,-1.893707],[-79.983193,-1.893727],[-79.983147,-1.893852],[-79.982882,-1.893926],[-79.982818,-1.893786],[-79.9827,-1.893748],[-79.982545,-1.893942],[-79.982186,-1.893807],[-79.981843,-1.894042],[-79.981746,-1.894271],[-79.981257,-1.894709],[-79.98103,-1.894815],[-79.980576,-1.894779],[-79.980018,-1.895078],[-79.979563,-1.896324],[-79.979389,-1.896517],[-79.979005,-1.89664],[-79.978621,-1.896446],[-79.978167,-1.897043],[-79.977957,-1.897166],[-79.977346,-1.897131],[-79.976805,-1.896849],[-79.976282,-1.896357],[-79.97623,-1.895953],[-79.975846,-1.895426],[-79.975497,-1.895338],[-79.9752,-1.895373],[-79.974956,-1.895777],[-79.974694,-1.895917],[-79.974118,-1.895654],[-79.97335,-1.895671],[-79.972513,-1.895372],[-79.972216,-1.895336],[-79.971902,-1.895336],[-79.971727,-1.895406],[-79.971622,-1.895599],[-79.971413,-1.895652],[-79.970419,-1.895054],[-79.970035,-1.895072],[-79.96993,-1.895194],[-79.969424,-1.895405],[-79.968935,-1.895369],[-79.968778,-1.895457],[-79.968289,-1.895316],[-79.967765,-1.895386],[-79.967498,-1.895658],[-79.967089,-1.895884],[-79.967013,-1.896138],[-79.966627,-1.896187],[-79.966467,-1.895734],[-79.966002,-1.895132],[-79.96585,-1.895027],[-79.965525,-1.895023],[-79.964878,-1.895309],[-79.964315,-1.894829],[-79.963969,-1.895132],[-79.963756,-1.895213],[-79.963155,-1.894877],[-79.962643,-1.894316],[-79.962276,-1.894046],[-79.96181,-1.894076],[-79.961535,-1.894211],[-79.961102,-1.894102],[-79.960998,-1.89415],[-79.960845,-1.89392],[-79.960573,-1.893811],[-79.959965,-1.893728],[-79.959671,-1.89354],[-79.959522,-1.893351],[-79.95934,-1.893292],[-79.959254,-1.893389],[-79.959302,-1.89376],[-79.958874,-1.894234],[-79.958322,-1.894438],[-79.958076,-1.894416],[-79.957782,-1.894556],[-79.957482,-1.894513],[-79.957322,-1.894577],[-79.956973,-1.894906],[-79.956865,-1.895126],[-79.956865,-1.895531],[-79.956716,-1.895894],[-79.956377,-1.896149],[-79.956017,-1.896248],[-79.955593,-1.896746],[-79.95536,-1.896874],[-79.954745,-1.897427],[-79.95466,-1.897683],[-79.954299,-1.897982],[-79.953685,-1.897981],[-79.953155,-1.898258],[-79.953007,-1.898556],[-79.953006,-1.898898],[-79.952667,-1.900027],[-79.952306,-1.900411],[-79.951882,-1.900666],[-79.951077,-1.90137],[-79.950525,-1.901945],[-79.950525,-1.902222],[-79.950419,-1.902329],[-79.950207,-1.902328],[-79.949953,-1.902179],[-79.949339,-1.902136],[-79.949423,-1.901923],[-79.950441,-1.901327],[-79.950929,-1.900879],[-79.951544,-1.900048],[-79.952052,-1.899665],[-79.952053,-1.898748],[-79.951735,-1.8983],[-79.951796,-1.897687],[-79.952361,-1.897248],[-79.953071,-1.897235],[-79.953601,-1.897],[-79.955466,-1.895893],[-79.955932,-1.895765],[-79.956123,-1.895509],[-79.955996,-1.89536],[-79.955954,-1.895126],[-79.956081,-1.894934],[-79.956336,-1.894785],[-79.956596,-1.894733],[-79.95661,-1.894625],[-79.957023,-1.894162],[-79.958152,-1.893969],[-79.958574,-1.893679],[-79.958976,-1.892909],[-79.959115,-1.892818],[-79.959308,-1.892802],[-79.95988,-1.893276],[-79.960689,-1.893218],[-79.960826,-1.893432],[-79.960878,-1.893682],[-79.961247,-1.893581],[-79.962395,-1.893724],[-79.962687,-1.893882],[-79.96303,-1.894241],[-79.963472,-1.894464],[-79.963657,-1.894457],[-79.964107,-1.894199],[-79.96495,-1.894794],[-79.965115,-1.894801],[-79.965653,-1.894583],[-79.966183,-1.894672],[-79.966736,-1.895177],[-79.966865,-1.895426],[-79.967382,-1.894982],[-79.967888,-1.894772],[-79.969162,-1.894843],[-79.969668,-1.894597],[-79.97014,-1.894176],[-79.970803,-1.894334],[-79.97103,-1.89451],[-79.971222,-1.894844],[-79.97171,-1.894704],[-79.974468,-1.894828],[-79.974695,-1.894793],[-79.974869,-1.894671],[-79.975306,-1.894653],[-79.976038,-1.89504],[-79.976527,-1.895093],[-79.976806,-1.89569],[-79.97705,-1.895884],[-79.977766,-1.895814],[-79.978028,-1.895551],[-79.978377,-1.895428],[-79.9789,-1.895516],[-79.979145,-1.895112],[-79.979145,-1.894919],[-79.97932,-1.894585],[-79.97932,-1.894217],[-79.979407,-1.894094],[-79.979565,-1.893988],[-79.979791,-1.894041],[-79.980978,-1.894007],[-79.981205,-1.893849],[-79.981433,-1.893553],[-79.981502,-1.893268],[-79.981668,-1.893107],[-79.982497,-1.893296],[-79.983016,-1.893501],[-79.983957,-1.893374],[-79.984138,-1.893216],[-79.984413,-1.89267],[-79.984875,-1.892253],[-79.985185,-1.891283],[-79.985508,-1.891399],[-79.985668,-1.891265],[-79.986244,-1.891404],[-79.986598,-1.891306],[-79.987212,-1.89087],[-79.987875,-1.890139],[-79.988484,-1.889742],[-79.988943,-1.889197],[-79.989442,-1.888974],[-79.989526,-1.888856],[-79.98955,-1.888668],[-79.989102,-1.887875],[-79.988816,-1.887696],[-79.98872,-1.887229],[-79.9886,-1.887129],[-79.988695,-1.886929],[-79.9889,-1.886776],[-79.989525,-1.886632],[-79.989688,-1.886501],[-79.990183,-1.88591],[-79.990455,-1.885353],[-79.99079,-1.884977],[-79.991022,-1.884842],[-79.991017,-1.884696],[-79.991257,-1.884636],[-79.991307,-1.884488],[-79.991163,-1.884272],[-79.990334,-1.883529],[-79.989782,-1.88315],[-79.989431,-1.882758],[-79.988905,-1.881835],[-79.988842,-1.881379],[-79.989221,-1.880263],[-79.989483,-1.879668],[-79.989603,-1.879542],[-79.98987,-1.879428],[-79.990615,-1.879394],[-79.990837,-1.879322]]]},"properties":{"OBJECTID":26809,"dpa_parroq":"090650","dpa_despar":"DAULE","dpa_canton":"0906","dpa_descan":"DAULE","dpa_provin":"09","dpa_despro":"GUAYAS","dpa_anio":" ","txt":" ","fcode":" ","fcode_1":" ","descr":"AREA QUE PRESENTA CONDICIONES POTENCIALES PARA LA OCURRENCIA O NO DE UNA AMENAZA A INUNDACION","umo":"CAUCE ABANDONADO","pen":"PLANA","txs":"ARCILLOSO","ttd":"FRANCO ARCILLOSO","ith":0,"sui":"ALTA","sce":0,"st_area_sh":592522.995497,"st_length_":15799.9933134,"anno":2025,"name":"DAULE"}},{"type":"Feature","id":26810,"geometry":{"type":"Polygon","coordinates":[[[-80.014302,-1.874605],[-80.014753,-1.874222],[-80.015205,-1.873981],[-80.015868,-1.873839],[-80.016616,-1.873911],[-80.017152,-1.874067],[-80.017364,-1.874238],[-80.018012,-1.875345],[-80.018408,-1.875473],[-80.018746,-1.875431],[-80.019127,-1.875133],[-80.019763,-1.873998],[-80.019947,-1.87404],[-80.020045,-1.874211],[-80.020045,-1.874537],[-80.019833,-1.875531],[-80.019155,-1.876141],[-80.018139,-1.876396],[-80.017702,-1.876211],[-80.01725,-1.875799],[-80.017011,-1.875359],[-80.016799,-1.87516],[-80.016108,-1.874705],[-80.01591,-1.874677],[-80.015021,-1.875117],[-80.013722,-1.876067],[-80.01344,-1.876351],[-80.01303,-1.87716],[-80.012846,-1.877316],[-80.012649,-1.877359],[-80.012437,-1.877245],[-80.012536,-1.876663],[-80.012777,-1.876109],[-80.014302,-1.874605]]]},"properties":{"OBJECTID":26810,"dpa_parroq":"090650","dpa_despar":"DAULE","dpa_canton":"0906","dpa_descan":"DAULE","dpa_provin":"09","dpa_despro":"GUAYAS","dpa_anio":" ","txt":" ","fcode":" ","fcode_1":" ","descr":"AREA QUE PRESENTA CONDICIONES POTENCIALES PARA LA OCURRENCIA O NO DE UNA AMENAZA A INUNDACION","umo":"CAUCE ABANDONADO","pen":"PLANA","txs":"ARCILLOSO","ttd":"FRANCO ARCILLOSO","ith":0,"sui":"ALTA","sce":0,"st_area_sh":100977.143737,"st_length_":2408.20051283,"anno":2025,"name":"DAULE"}},{"type":"Feature","id":26811,"geometry":{"type":"Polygon","coordinates":[[[-79.85295,-1.992605],[-79.853082,-1.99245],[-79.852785,-1.991739],[-79.852796,-1.990662],[-79.852664,-1.990429],[-79.853504,-1.988842],[-79.853802,-1.988743],[-79.853912,-1.988487],[-79.853979,-1.988077],[-79.853968,-1.987277],[-79.853694,-1.986945],[-79.85365,-1.986426],[-79.85374,-1.986087],[-79.853897,-1.985771],[-79.854391,-1.985343],[-79.85457,-1.98505],[-79.854884,-1.984847],[-79.854981,-1.984563],[-79.855538,-1.984611],[-79.855064,-1.985366],[-79.854278,-1.985817],[-79.853919,-1.986448],[-79.854076,-1.986742],[-79.8543,-1.986945],[-79.854432,-1.987366],[-79.854431,-1.988044],[-79.854188,-1.988621],[-79.853941,-1.988896],[-79.853161,-1.99013],[-79.853028,-1.990452],[-79.853028,-1.99124],[-79.853352,-1.991772],[-79.85347,-1.992276],[-79.853486,-1.992657],[-79.8534,-1.992895],[-79.853212,-1.993168],[-79.852688,-1.993073],[-79.851338,-1.993026],[-79.850982,-1.992863],[-79.850987,-1.992518],[-79.851184,-1.992531],[-79.851291,-1.992396],[-79.852663,-1.992638],[-79.85295,-1.992605]]]},"properties":{"OBJECTID":26811,"dpa_parroq":"090650","dpa_despar":"DAULE","dpa_canton":"0906","dpa_descan":"DAULE","dpa_provin":"09","dpa_despro":"GUAYAS","dpa_anio":" ","txt":" ","fcode":" ","fcode_1":" ","descr":"AREA QUE PRESENTA CONDICIONES POTENCIALES PARA LA OCURRENCIA O NO DE UNA AMENAZA A INUNDACION","umo":"CAUCE ABANDONADO","pen":"PLANA","txs":"FRANCO ARCILLOSO","ttd":"ARCILLOSO","ith":0,"sui":"ALTA","sce":0,"st_area_sh":57273.3303028,"st_length_":2709.88343499,"anno":2025,"name":"DAULE"}},{"type":"Feature","id":26812,"geometry":{"type":"Polygon","coordinates":[[[-80.006856,-1.886894],[-80.006839,-1.886858],[-80.006861,-1.886897],[-80.006856,-1.886894]]]},"properties":{"OBJECTID":26812,"dpa_parroq":"090650","dpa_despar":"DAULE","dpa_canton":"0906","dpa_descan":"DAULE","dpa_provin":"09","dpa_despro":"GUAYAS","dpa_anio":" ","txt":" ","fcode":" ","fcode_1":" ","descr":"AREA QUE PRESENTA CONDICIONES POTENCIALES PARA LA OCURRENCIA O NO DE UNA AMENAZA A INUNDACION","umo":"DIQUE O BANCO ALUVIAL","pen":"MUY SUAVE","txs":"FRANCO","ttd":"FRANCO","ith":0,"sui":"MEDIA","sce":0,"st_area_sh":0.57335666,"st_length_":10.117159557,"anno":2025,"name":"DAULE"}},{"type":"Feature","id":26813,"geometry":{"type":"Polygon","coordinates":[[[-80.049087,-1.877459],[-80.049396,-1.877139],[-80.049056,-1.877501],[-80.049087,-1.877459]]]},"properties":{"OBJECTID":26813,"dpa_parroq":"090650","dpa_despar":"DAULE","dpa_canton":"0906","dpa_descan":"DAULE","dpa_provin":"09","dpa_despro":"GUAYAS","dpa_anio":" ","txt":" ","fcode":" ","fcode_1":" ","descr":"AREA QUE PRESENTA CONDICIONES POTENCIALES PARA LA OCURRENCIA O NO DE UNA AMENAZA A INUNDACION","umo":"DIQUE O BANCO ALUVIAL","pen":"MUY SUAVE","txs":"FRANCO","ttd":"FRANCO","ith":0,"sui":"MEDIA","sce":0,"st_area_sh":19.406586395,"st_length_":110.277688006,"anno":2025,"name":"DAULE"}},{"type":"Feature","id":26814,"geometry":{"type":"Polygon","coordinates":[[[-80.000004,-1.901649],[-80.001083,-1.901936],[-80.001509,-1.901977],[-80.001788,-1.902149],[-80.002546,-1.902417],[-80.003744,-1.903121],[-80.004102,-1.903435],[-80.004706,-1.904373],[-80.004961,-1.905348],[-80.004873,-1.905891],[-80.004616,-1.906083],[-80.004371,-1.906438],[-80.003762,-1.906758],[-80.002336,-1.90721],[-80.001352,-1.907405],[-80.000066,-1.907395],[-79.998714,-1.907016],[-79.996402,-1.905859],[-79.994867,-1.904901],[-79.995163,-1.903979],[-79.99546,-1.902627],[-79.995556,-1.902563],[-79.996011,-1.902553],[-79.996392,-1.902691],[-79.997895,-1.902841],[-79.998879,-1.902874],[-80.000138,-1.902715],[-80.000191,-1.902449],[-80.000004,-1.901649]]]},"properties":{"OBJECTID":26814,"dpa_parroq":"090650","dpa_despar":"DAULE","dpa_canton":"0906","dpa_descan":"DAULE","dpa_provin":"09","dpa_despro":"GUAYAS","dpa_anio":" ","txt":" ","fcode":" ","fcode_1":" ","descr":"AREA QUE PRESENTA CONDICIONES POTENCIALES PARA LA OCURRENCIA O NO DE UNA AMENAZA A INUNDACION","umo":"DIQUE O BANCO ALUVIAL","pen":"MUY SUAVE","txs":"FRANCO ARCILLOSO","ttd":"ARCILLOSO","ith":0,"sui":"ALTA","sce":0,"st_area_sh":479830.806294,"st_length_":2933.65768109,"anno":2025,"name":"DAULE"}},{"type":"Feature","id":26815,"geometry":{"type":"Polygon","coordinates":[[[-80.006544,-1.885725],[-80.006639,-1.885623],[-80.00702,-1.885611],[-80.007091,-1.88591],[-80.007662,-1.886042],[-80.007793,-1.886198],[-80.007674,-1.886461],[-80.007947,-1.886641],[-80.008018,-1.886916],[-80.008399,-1.886677],[-80.008661,-1.886761],[-80.008928,-1.887253],[-80.009152,-1.887109],[-80.009242,-1.886838],[-80.009841,-1.886709],[-80.009932,-1.887176],[-80.010246,-1.887658],[-80.010238,-1.887837],[-80.010021,-1.887895],[-80.009294,-1.887649],[-80.008531,-1.887693],[-80.007402,-1.887263],[-80.00704,-1.886975],[-80.006837,-1.8866],[-80.006372,-1.886043],[-80.006159,-1.885626],[-80.006461,-1.885814],[-80.006544,-1.885725]]]},"properties":{"OBJECTID":26815,"dpa_parroq":"090650","dpa_despar":"DAULE","dpa_canton":"0906","dpa_descan":"DAULE","dpa_provin":"09","dpa_despro":"GUAYAS","dpa_anio":" ","txt":" ","fcode":" ","fcode_1":" ","descr":"AREA QUE PRESENTA CONDICIONES POTENCIALES PARA LA OCURRENCIA O NO DE UNA AMENAZA A INUNDACION","umo":"DIQUE O BANCO ALUVIAL","pen":"MUY SUAVE","txs":"FRANCO ARCILLOSO","ttd":"ARCILLOSO","ith":0,"sui":"ALTA","sce":0,"st_area_sh":41221.723573,"st_length_":1300.52067975,"anno":2025,"name":"DAULE"}},{"type":"Feature","id":26816,"geometry":{"type":"Polygon","coordinates":[[[-80.004388,-1.880857],[-80.004454,-1.880811],[-80.004145,-1.880523],[-80.003605,-1.88014],[-80.003939,-1.879728],[-80.005063,-1.878794],[-80.005404,-1.879385],[-80.006643,-1.880477],[-80.007243,-1.88116],[-80.008211,-1.882622],[-80.008327,-1.883207],[-80.008734,-1.883968],[-80.009121,-1.884319],[-80.009502,-1.884364],[-80.009254,-1.884575],[-80.009083,-1.885031],[-80.008781,-1.884966],[-80.008638,-1.885337],[-80.008412,-1.885229],[-80.008543,-1.885013],[-80.008317,-1.884882],[-80.00827,-1.884403],[-80.008055,-1.884415],[-80.008067,-1.884786],[-80.007853,-1.884798],[-80.007819,-1.884678],[-80.007524,-1.884755],[-80.007546,-1.884601],[-80.007716,-1.884374],[-80.007359,-1.884339],[-80.007283,-1.88406],[-80.007173,-1.883994],[-80.006849,-1.883978],[-80.006938,-1.883732],[-80.0067,-1.883648],[-80.006569,-1.883816],[-80.006284,-1.88372],[-80.006308,-1.883588],[-80.006153,-1.883528],[-80.005963,-1.883839],[-80.005879,-1.883755],[-80.005951,-1.8836],[-80.005606,-1.88342],[-80.005535,-1.883516],[-80.005475,-1.883468],[-80.005606,-1.883241],[-80.005154,-1.882965],[-80.004893,-1.883144],[-80.00469,-1.883001],[-80.004857,-1.882809],[-80.004845,-1.882678],[-80.00519,-1.882259],[-80.005333,-1.882151],[-80.005607,-1.882307],[-80.005666,-1.882259],[-80.005405,-1.882056],[-80.005571,-1.881876],[-80.005452,-1.881721],[-80.004524,-1.882546],[-80.004393,-1.882378],[-80.003086,-1.881348],[-80.003371,-1.881061],[-80.003372,-1.880714],[-80.003514,-1.880499],[-80.00374,-1.880439],[-80.004145,-1.880834],[-80.004299,-1.880918],[-80.004388,-1.880857]]]},"properties":{"OBJECTID":26816,"dpa_parroq":"090650","dpa_despar":"DAULE","dpa_canton":"0906","dpa_descan":"DAULE","dpa_provin":"09","dpa_despro":"GUAYAS","dpa_anio":" ","txt":" ","fcode":" ","fcode_1":" ","descr":"AREA QUE PRESENTA CONDICIONES POTENCIALES PARA LA OCURRENCIA O NO DE UNA AMENAZA A INUNDACION","umo":"DIQUE O BANCO ALUVIAL","pen":"MUY SUAVE","txs":"FRANCO ARCILLOSO","ttd":"ARCILLOSO","ith":0,"sui":"ALTA","sce":0,"st_area_sh":192222.616444,"st_length_":3044.60644718,"anno":2025,"name":"DAULE"}},{"type":"Feature","id":26817,"geometry":{"type":"Polygon","coordinates":[[[-80.055123,-1.875918],[-80.05549,-1.875549],[-80.055787,-1.875655],[-80.056083,-1.876024],[-80.05652,-1.876112],[-80.056694,-1.876007],[-80.056997,-1.875578],[-80.056986,-1.875934],[-80.057669,-1.877649],[-80.057617,-1.877868],[-80.057389,-1.877906],[-80.057133,-1.877765],[-80.056536,-1.877624],[-80.054956,-1.87684],[-80.053402,-1.876805],[-80.052361,-1.876557],[-80.051755,-1.8763],[-80.051135,-1.876204],[-80.050375,-1.876285],[-80.050134,-1.876387],[-80.04949,-1.876868],[-80.048996,-1.877377],[-80.048375,-1.878223],[-80.048211,-1.878785],[-80.048211,-1.87909],[-80.04874,-1.88017],[-80.049004,-1.881035],[-80.049597,-1.881986],[-80.049562,-1.882254],[-80.049453,-1.882371],[-80.048888,-1.88256],[-80.048217,-1.882279],[-80.04815,-1.882044],[-80.048303,-1.88154],[-80.047996,-1.881017],[-80.047811,-1.879775],[-80.04755,-1.879316],[-80.047125,-1.878822],[-80.046919,-1.878648],[-80.046506,-1.878545],[-80.045541,-1.878691],[-80.045052,-1.878912],[-80.044921,-1.879226],[-80.045153,-1.879781],[-80.0452,-1.880113],[-80.045055,-1.880836],[-80.045054,-1.881842],[-80.044915,-1.882347],[-80.044518,-1.882622],[-80.044312,-1.882624],[-80.044087,-1.882551],[-80.043696,-1.882169],[-80.04256,-1.881709],[-80.041178,-1.88226],[-80.040608,-1.883334],[-80.040461,-1.883482],[-80.040046,-1.883428],[-80.039818,-1.883474],[-80.039635,-1.883621],[-80.039164,-1.884292],[-80.038289,-1.885187],[-80.037868,-1.885495],[-80.037554,-1.885581],[-80.0372,-1.885545],[-80.03693,-1.885388],[-80.035682,-1.884147],[-80.035487,-1.883841],[-80.035355,-1.883325],[-80.035423,-1.882754],[-80.035381,-1.882409],[-80.034983,-1.881946],[-80.034583,-1.881201],[-80.034335,-1.880903],[-80.034068,-1.880739],[-80.033766,-1.880793],[-80.033393,-1.881079],[-80.033147,-1.881434],[-80.033294,-1.881021],[-80.033559,-1.880755],[-80.033761,-1.880657],[-80.034081,-1.880671],[-80.034432,-1.880861],[-80.034843,-1.881401],[-80.035463,-1.88108],[-80.036108,-1.881054],[-80.036166,-1.881113],[-80.036231,-1.881887],[-80.036179,-1.882024],[-80.035918,-1.882182],[-80.035892,-1.8823],[-80.036003,-1.882477],[-80.036982,-1.882125],[-80.037364,-1.882199],[-80.037481,-1.882164],[-80.037613,-1.881968],[-80.037647,-1.881688],[-80.037774,-1.881511],[-80.037965,-1.881521],[-80.038043,-1.881855],[-80.038278,-1.881752],[-80.038366,-1.881629],[-80.038356,-1.881511],[-80.03819,-1.88155],[-80.038146,-1.881486],[-80.038073,-1.881108],[-80.038141,-1.88096],[-80.038332,-1.880995],[-80.038615,-1.880857],[-80.038919,-1.880139],[-80.039227,-1.879682],[-80.039486,-1.879584],[-80.039886,-1.879634],[-80.040409,-1.879811],[-80.04083,-1.879589],[-80.041986,-1.879511],[-80.042316,-1.879756],[-80.042889,-1.880499],[-80.043228,-1.880429],[-80.043705,-1.880578],[-80.043775,-1.880499],[-80.043732,-1.880176],[-80.043862,-1.880036],[-80.044253,-1.879844],[-80.044618,-1.879495],[-80.044401,-1.879075],[-80.044367,-1.878813],[-80.044721,-1.878183],[-80.045028,-1.878183],[-80.045175,-1.878262],[-80.046069,-1.87839],[-80.046318,-1.8784],[-80.046587,-1.878312],[-80.046748,-1.87843],[-80.046875,-1.878401],[-80.047017,-1.878243],[-80.047154,-1.878386],[-80.047471,-1.879047],[-80.047577,-1.879047],[-80.0476,-1.878797],[-80.047901,-1.878198],[-80.048052,-1.877607],[-80.04821,-1.87735],[-80.048971,-1.876775],[-80.04931,-1.876328],[-80.049664,-1.876048],[-80.04995,-1.876139],[-80.050169,-1.876101],[-80.050492,-1.875897],[-80.05062,-1.87576],[-80.050643,-1.875624],[-80.050764,-1.875548],[-80.051012,-1.8757],[-80.051065,-1.875935],[-80.051253,-1.875965],[-80.051494,-1.875867],[-80.052111,-1.875852],[-80.052578,-1.87586],[-80.053146,-1.87598],[-80.053348,-1.875744],[-80.05385,-1.875785],[-80.054268,-1.875619],[-80.054861,-1.875988],[-80.055123,-1.875918]]]},"properties":{"OBJECTID":26817,"dpa_parroq":"090650","dpa_despar":"DAULE","dpa_canton":"0906","dpa_descan":"DAULE","dpa_provin":"09","dpa_despro":"GUAYAS","dpa_anio":" ","txt":" ","fcode":" ","fcode_1":" ","descr":"AREA QUE PRESENTA CONDICIONES POTENCIALES PARA LA OCURRENCIA O NO DE UNA AMENAZA A INUNDACION","umo":"DIQUE O BANCO ALUVIAL","pen":"MUY SUAVE","txs":"FRANCO ARCILLOSO","ttd":"ARCILLOSO","ith":0,"sui":"ALTA","sce":0,"st_area_sh":540841.869955,"st_length_":8962.37795266,"anno":2025,"name":"DAULE"}},{"type":"Feature","id":26818,"geometry":{"type":"Polygon","coordinates":[[[-79.998377,-1.930659],[-79.99968,-1.93128],[-80.000281,-1.931649],[-80.000773,-1.932267],[-80.001419,-1.932723],[-80.00214,-1.933382],[-80.004687,-1.936025],[-80.004374,-1.936279],[-80.003743,-1.937028],[-80.003641,-1.937421],[-80.003553,-1.937523],[-80.003225,-1.937573],[-80.002934,-1.937395],[-80.002689,-1.937387],[-80.002738,-1.936071],[-80.002417,-1.934721],[-80.002234,-1.934227],[-80.001489,-1.93339],[-80.000782,-1.932963],[-80.000494,-1.932402],[-79.999831,-1.93169],[-79.999249,-1.931385],[-79.998999,-1.931327],[-79.998019,-1.931347],[-79.998377,-1.930659]]]},"properties":{"OBJECTID":26818,"dpa_parroq":"090650","dpa_despar":"DAULE","dpa_canton":"0906","dpa_descan":"DAULE","dpa_provin":"09","dpa_despro":"GUAYAS","dpa_anio":" ","txt":" ","fcode":" ","fcode_1":" ","descr":"AREA QUE PRESENTA CONDICIONES POTENCIALES PARA LA OCURRENCIA O NO DE UNA AMENAZA A INUNDACION","umo":"DIQUE O BANCO ALUVIAL","pen":"MUY SUAVE","txs":"FRANCO ARCILLOSO","ttd":"ARCILLOSO","ith":0,"sui":"BAJA","sce":0,"st_area_sh":82402.592077,"st_length_":2291.82894125,"anno":2025,"name":"DAULE"}},{"type":"Feature","id":26819,"geometry":{"type":"Polygon","coordinates":[[[-79.997102,-1.887777],[-79.99746,-1.887857],[-79.997474,-1.887965],[-79.997555,-1.88798],[-79.997566,-1.887901],[-79.997895,-1.887968],[-79.997971,-1.888452],[-79.998107,-1.888634],[-79.998418,-1.888844],[-79.998209,-1.889305],[-79.997612,-1.889996],[-79.996519,-1.890706],[-79.996065,-1.890963],[-79.99505,-1.891297],[-79.995025,-1.891046],[-79.995293,-1.89018],[-79.996021,-1.88923],[-79.996402,-1.888968],[-79.997102,-1.887777]]]},"properties":{"OBJECTID":26819,"dpa_parroq":"090650","dpa_despar":"DAULE","dpa_canton":"0906","dpa_descan":"DAULE","dpa_provin":"09","dpa_despro":"GUAYAS","dpa_anio":" ","txt":" ","fcode":" ","fcode_1":" ","descr":"AREA QUE PRESENTA CONDICIONES POTENCIALES PARA LA OCURRENCIA O NO DE UNA AMENAZA A INUNDACION","umo":"DIQUE O BANCO ALUVIAL","pen":"MUY SUAVE","txs":"FRANCO ARCILLOSO","ttd":"ARCILLOSO","ith":0,"sui":"BAJA","sce":0,"st_area_sh":67296.2211842,"st_length_":1172.76828864,"anno":2025,"name":"DAULE"}},{"type":"Feature","id":26820,"geometry":{"type":"Polygon","coordinates":[[[-79.913072,-1.851321],[-79.912943,-1.850893],[-79.913448,-1.850893],[-79.913436,-1.851288],[-79.913359,-1.851366],[-79.913072,-1.851321]]]},"properties":{"OBJECTID":26820,"dpa_parroq":"090652","dpa_despar":"JUAN BAUTISTA AGUIRRE","dpa_canton":"0906","dpa_descan":"DAULE","dpa_provin":"09","dpa_despro":"GUAYAS","dpa_anio":" ","txt":" ","fcode":" ","fcode_1":" ","descr":"AREA QUE PRESENTA CONDICIONES POTENCIALES PARA LA OCURRENCIA O NO DE UNA AMENAZA A INUNDACION","umo":"VALLE INDIFERENCIADO","pen":"PLANA","txs":"FRANCO ARCILLOSO","ttd":"FRANCO ARCILLOSO","ith":0,"sui":"ALTA","sce":0,"st_area_sh":2371.2402915,"st_length_":193.803568335,"anno":2025,"name":"JUAN BAUTISTA AGUIRRE"}},{"type":"Feature","id":26821,"geometry":{"type":"Polygon","coordinates":[[[-79.899681,-2.051194],[-79.907127,-2.048727],[-79.908271,-2.048599],[-79.909258,-2.048632],[-79.910154,-2.048777],[-79.911346,-2.049166],[-79.912287,-2.049648],[-79.913294,-2.050393],[-79.921086,-2.057865],[-79.92188,-2.058553],[-79.922755,-2.058882],[-79.924962,-2.058964],[-79.925513,-2.059257],[-79.925763,-2.059565],[-79.925934,-2.060094],[-79.92591,-2.060543],[-79.925681,-2.061503],[-79.924388,-2.060821],[-79.922588,-2.059619],[-79.921241,-2.058903],[-79.917911,-2.056745],[-79.917188,-2.056381],[-79.91629,-2.055699],[-79.916077,-2.055655],[-79.915684,-2.055209],[-79.915383,-2.055064],[-79.913754,-2.053765],[-79.913483,-2.053408],[-79.912953,-2.052957],[-79.912278,-2.052664],[-79.911485,-2.052121],[-79.910997,-2.052097],[-79.910804,-2.051963],[-79.90921,-2.051389],[-79.908448,-2.051371],[-79.908092,-2.051466],[-79.907275,-2.052045],[-79.906711,-2.052581],[-79.906284,-2.052779],[-79.905841,-2.052757],[-79.90546,-2.052624],[-79.904758,-2.052657],[-79.904066,-2.053317],[-79.903727,-2.053465],[-79.902748,-2.053538],[-79.902263,-2.053734],[-79.900998,-2.054044],[-79.900475,-2.05428],[-79.899385,-2.054575],[-79.898238,-2.054728],[-79.897373,-2.054997],[-79.896983,-2.054986],[-79.89513,-2.055207],[-79.89458,-2.05517],[-79.893625,-2.054957],[-79.893095,-2.054566],[-79.891972,-2.054024],[-79.890761,-2.053493],[-79.890234,-2.053363],[-79.890025,-2.053172],[-79.889541,-2.052937],[-79.888507,-2.052654],[-79.887402,-2.052502],[-79.886572,-2.052487],[-79.885416,-2.052859],[-79.884877,-2.053171],[-79.884632,-2.053042],[-79.884051,-2.05302],[-79.883622,-2.052671],[-79.883041,-2.051865],[-79.885052,-2.050932],[-79.885763,-2.050739],[-79.886732,-2.050619],[-79.887785,-2.050662],[-79.894066,-2.051826],[-79.895387,-2.051967],[-79.896363,-2.051955],[-79.89744,-2.051831],[-79.898727,-2.051519],[-79.899681,-2.051194]]]},"properties":{"OBJECTID":26821,"dpa_parroq":"090650","dpa_despar":"DAULE","dpa_canton":"0906","dpa_descan":"DAULE","dpa_provin":"09","dpa_despro":"GUAYAS","dpa_anio":" ","txt":" ","fcode":" ","fcode_1":" ","descr":"AREA QUE PRESENTA CONDICIONES POTENCIALES PARA LA OCURRENCIA O NO DE UNA AMENAZA A INUNDACION","umo":"DIQUE O BANCO ALUVIAL","pen":"PLANA","txs":"FRANCO ARCILLOSO","ttd":"ARCILLOSO","ith":0,"sui":"ALTA","sce":0,"st_area_sh":1321320.35802,"st_length_":10837.8902766,"anno":2025,"name":"DAULE"}},{"type":"Feature","id":26822,"geometry":{"type":"Polygon","coordinates":[[[-79.991522,-1.838988],[-79.991774,-1.838775],[-79.991656,-1.838503],[-79.990302,-1.837254],[-79.991328,-1.836079],[-79.992367,-1.835311],[-79.992658,-1.836486],[-79.992787,-1.836701],[-79.992828,-1.837326],[-79.992766,-1.837855],[-79.992645,-1.83818],[-79.991934,-1.838976],[-79.990631,-1.840124],[-79.989977,-1.841074],[-79.990077,-1.84144],[-79.990097,-1.841992],[-79.990476,-1.842719],[-79.991775,-1.84367],[-79.992873,-1.844158],[-79.99372,-1.844638],[-79.995722,-1.845411],[-79.997353,-1.845769],[-79.998713,-1.845892],[-80.00088,-1.846489],[-80.001326,-1.846545],[-80.001531,-1.846458],[-80.001711,-1.846483],[-80.005148,-1.847918],[-80.006287,-1.848524],[-80.006684,-1.848798],[-80.006776,-1.849016],[-80.00773,-1.849559],[-80.008733,-1.850675],[-80.009086,-1.85128],[-80.009259,-1.851785],[-80.009376,-1.852452],[-80.009376,-1.853063],[-80.00927,-1.853823],[-80.008619,-1.85525],[-80.007758,-1.856434],[-80.007086,-1.856972],[-80.005867,-1.857697],[-80.005461,-1.857845],[-80.004721,-1.858003],[-80.003401,-1.857996],[-80.002191,-1.85774],[-80.00058,-1.857251],[-79.995615,-1.854997],[-79.99563,-1.854885],[-79.99633,-1.854087],[-79.997335,-1.852514],[-79.9985,-1.851205],[-79.999007,-1.849993],[-80.000096,-1.848775],[-80.000231,-1.848499],[-80.000317,-1.848029],[-80.000282,-1.847813],[-79.999299,-1.846836],[-79.998176,-1.846191],[-79.997871,-1.845901],[-79.996458,-1.845749],[-79.99529,-1.845391],[-79.994674,-1.845124],[-79.994576,-1.845114],[-79.994476,-1.845215],[-79.994322,-1.845198],[-79.994258,-1.845077],[-79.99392,-1.844888],[-79.993739,-1.844912],[-79.993652,-1.844817],[-79.993204,-1.844696],[-79.993132,-1.844445],[-79.99262,-1.844151],[-79.99215,-1.844079],[-79.991733,-1.844444],[-79.99159,-1.844318],[-79.991656,-1.844108],[-79.991614,-1.843989],[-79.991097,-1.843395],[-79.990906,-1.843335],[-79.990603,-1.843593],[-79.990257,-1.843383],[-79.989901,-1.842838],[-79.989859,-1.84246],[-79.989725,-1.84223],[-79.98984,-1.842128],[-79.989929,-1.842149],[-79.990049,-1.842543],[-79.990244,-1.84285],[-79.990016,-1.842196],[-79.98973,-1.841995],[-79.989795,-1.841917],[-79.989527,-1.840102],[-79.989622,-1.840094],[-79.989606,-1.8396],[-79.989704,-1.839429],[-79.989311,-1.839208],[-79.989391,-1.838566],[-79.989207,-1.838207],[-79.989232,-1.8379],[-79.989661,-1.837828],[-79.99021,-1.838026],[-79.990621,-1.838247],[-79.991522,-1.838988]]]},"properties":{"OBJECTID":26822,"dpa_parroq":"090650","dpa_despar":"DAULE","dpa_canton":"0906","dpa_descan":"DAULE","dpa_provin":"09","dpa_despro":"GUAYAS","dpa_anio":" ","txt":" ","fcode":" ","fcode_1":" ","descr":"AREA QUE PRESENTA CONDICIONES POTENCIALES PARA LA OCURRENCIA O NO DE UNA AMENAZA A INUNDACION","umo":"DIQUE O BANCO ALUVIAL","pen":"PLANA","txs":"FRANCO ARCILLOSO","ttd":"ARCILLOSO","ith":0,"sui":"ALTA","sce":0,"st_area_sh":1428641.5186,"st_length_":9484.1358518,"anno":2025,"name":"DAULE"}},{"type":"Feature","id":26823,"geometry":{"type":"Polygon","coordinates":[[[-79.99602,-1.974853],[-79.995344,-1.971782],[-79.995326,-1.971283],[-79.994883,-1.969641],[-79.994625,-1.967636],[-79.995072,-1.96781],[-79.997609,-1.973236],[-79.998437,-1.974539],[-79.999343,-1.974982],[-80.000404,-1.975191],[-80.001199,-1.974932],[-80.002088,-1.974336],[-80.002607,-1.97391],[-80.002862,-1.97357],[-80.004143,-1.972633],[-80.004524,-1.972218],[-80.005244,-1.971186],[-80.005637,-1.97027],[-80.00587,-1.96993],[-80.006409,-1.969623],[-80.006368,-1.969377],[-80.006011,-1.969174],[-80.005971,-1.96859],[-80.006473,-1.968775],[-80.006875,-1.969037],[-80.007239,-1.969467],[-80.00738,-1.969764],[-80.007444,-1.970078],[-80.007421,-1.970609],[-80.007082,-1.971348],[-80.006607,-1.971938],[-80.005556,-1.972854],[-80.00392,-1.974475],[-80.002721,-1.975479],[-80.001308,-1.976445],[-80.000021,-1.977135],[-79.998924,-1.977453],[-79.997933,-1.977368],[-79.997489,-1.977209],[-79.996976,-1.976768],[-79.996324,-1.975628],[-79.99602,-1.974853]]]},"properties":{"OBJECTID":26823,"dpa_parroq":"090650","dpa_despar":"DAULE","dpa_canton":"0906","dpa_descan":"DAULE","dpa_provin":"09","dpa_despro":"GUAYAS","dpa_anio":" ","txt":" ","fcode":" ","fcode_1":" ","descr":"AREA QUE PRESENTA CONDICIONES POTENCIALES PARA LA OCURRENCIA O NO DE UNA AMENAZA A INUNDACION","umo":"DIQUE O BANCO ALUVIAL","pen":"PLANA","txs":"FRANCO ARCILLOSO","ttd":"ARCILLOSO","ith":0,"sui":"ALTA","sce":0,"st_area_sh":405920.46349,"st_length_":5026.09290371,"anno":2025,"name":"DAULE"}},{"type":"Feature","id":26824,"geometry":{"type":"Polygon","coordinates":[[[-79.998413,-1.882125],[-80.000086,-1.879882],[-80.000651,-1.878803],[-80.001813,-1.877277],[-80.003266,-1.874251],[-80.003628,-1.872879],[-80.003587,-1.872404],[-80.003133,-1.871732],[-80.002681,-1.871675],[-80.002307,-1.871369],[-80.002124,-1.870546],[-80.001507,-1.870066],[-80.002826,-1.869529],[-80.003471,-1.869567],[-80.004214,-1.869748],[-80.004888,-1.870172],[-80.00553,-1.870821],[-80.006228,-1.872231],[-80.006334,-1.872655],[-80.006236,-1.873333],[-80.006029,-1.874124],[-80.005616,-1.875147],[-80.004696,-1.876809],[-80.003934,-1.877811],[-80.002877,-1.879009],[-80.002197,-1.879667],[-79.998365,-1.882369],[-79.998413,-1.882125]]]},"properties":{"OBJECTID":26824,"dpa_parroq":"090650","dpa_despar":"DAULE","dpa_canton":"0906","dpa_descan":"DAULE","dpa_provin":"09","dpa_despro":"GUAYAS","dpa_anio":" ","txt":" ","fcode":" ","fcode_1":" ","descr":"AREA QUE PRESENTA CONDICIONES POTENCIALES PARA LA OCURRENCIA O NO DE UNA AMENAZA A INUNDACION","umo":"DIQUE O BANCO ALUVIAL","pen":"PLANA","txs":"FRANCO ARCILLOSO","ttd":"ARCILLOSO","ith":0,"sui":"ALTA","sce":0,"st_area_sh":371055.558356,"st_length_":3807.83616598,"anno":2025,"name":"DAULE"}},{"type":"Feature","id":26825,"geometry":{"type":"Polygon","coordinates":[[[-79.99318,-1.867328],[-79.994047,-1.867198],[-79.994902,-1.867195],[-79.995727,-1.867307],[-79.996463,-1.867316],[-79.998294,-1.867699],[-79.999359,-1.867762],[-80.001091,-1.867607],[-80.001876,-1.867775],[-80.001905,-1.86808],[-80.001375,-1.868277],[-79.999298,-1.869777],[-79.997661,-1.870745],[-79.996812,-1.870918],[-79.99605,-1.87086],[-79.995943,-1.870912],[-79.99555,-1.870807],[-79.99473,-1.870288],[-79.993835,-1.869612],[-79.992163,-1.868149],[-79.992048,-1.867961],[-79.992124,-1.867856],[-79.99318,-1.867328]]]},"properties":{"OBJECTID":26825,"dpa_parroq":"090650","dpa_despar":"DAULE","dpa_canton":"0906","dpa_descan":"DAULE","dpa_provin":"09","dpa_despro":"GUAYAS","dpa_anio":" ","txt":" ","fcode":" ","fcode_1":" ","descr":"AREA QUE PRESENTA CONDICIONES POTENCIALES PARA LA OCURRENCIA O NO DE UNA AMENAZA A INUNDACION","umo":"DIQUE O BANCO ALUVIAL","pen":"PLANA","txs":"FRANCO ARCILLOSO","ttd":"ARCILLOSO","ith":0,"sui":"ALTA","sce":0,"st_area_sh":272365.086966,"st_length_":2457.27641268,"anno":2025,"name":"DAULE"}},{"type":"Feature","id":26826,"geometry":{"type":"Polygon","coordinates":[[[-79.981104,-1.858936],[-79.981402,-1.85854],[-79.982461,-1.857498],[-79.983729,-1.856622],[-79.986347,-1.855387],[-79.987354,-1.855008],[-79.98822,-1.854824],[-79.989763,-1.854776],[-79.990726,-1.854952],[-79.992104,-1.855697],[-79.992636,-1.856107],[-79.994973,-1.856707],[-79.996956,-1.857316],[-79.99788,-1.857682],[-79.998086,-1.857946],[-79.99811,-1.858123],[-79.997998,-1.858412],[-79.995308,-1.859654],[-79.993379,-1.859972],[-79.992612,-1.859259],[-79.991487,-1.859097],[-79.989815,-1.859516],[-79.987436,-1.859483],[-79.985065,-1.858951],[-79.984479,-1.859119],[-79.984263,-1.859698],[-79.984224,-1.860557],[-79.984796,-1.861397],[-79.986793,-1.86316],[-79.986374,-1.86415],[-79.984607,-1.863261],[-79.983985,-1.863022],[-79.984162,-1.862298],[-79.983631,-1.862022],[-79.983131,-1.862233],[-79.983019,-1.862427],[-79.982556,-1.862257],[-79.982584,-1.862151],[-79.982327,-1.862005],[-79.982327,-1.861859],[-79.982037,-1.861778],[-79.982037,-1.861616],[-79.981683,-1.861487],[-79.981433,-1.861246],[-79.981259,-1.861325],[-79.981156,-1.861167],[-79.981056,-1.86119],[-79.98112,-1.860919],[-79.981458,-1.860644],[-79.981523,-1.860417],[-79.981378,-1.860126],[-79.981297,-1.860093],[-79.981217,-1.860223],[-79.980676,-1.85988],[-79.980817,-1.859432],[-79.981104,-1.858936]]]},"properties":{"OBJECTID":26826,"dpa_parroq":"090650","dpa_despar":"DAULE","dpa_canton":"0906","dpa_descan":"DAULE","dpa_provin":"09","dpa_despro":"GUAYAS","dpa_anio":" ","txt":" ","fcode":" ","fcode_1":" ","descr":"AREA QUE PRESENTA CONDICIONES POTENCIALES PARA LA OCURRENCIA O NO DE UNA AMENAZA A INUNDACION","umo":"DIQUE O BANCO ALUVIAL","pen":"PLANA","txs":"FRANCO ARCILLOSO","ttd":"ARCILLOSO","ith":0,"sui":"ALTA","sce":0,"st_area_sh":808228.326733,"st_length_":5617.10637606,"anno":2025,"name":"DAULE"}},{"type":"Feature","id":26828,"geometry":{"type":"Polygon","coordinates":[[[-79.983181,-1.823289],[-79.984137,-1.822526],[-79.98541,-1.822078],[-79.986327,-1.822084],[-79.987232,-1.822325],[-79.988111,-1.82289],[-79.989345,-1.823846],[-79.990945,-1.825833],[-79.991666,-1.827324],[-79.992543,-1.828286],[-79.992835,-1.828855],[-79.993595,-1.829719],[-79.994095,-1.830771],[-79.994234,-1.831241],[-79.99422,-1.831465],[-79.993759,-1.831663],[-79.993438,-1.831644],[-79.992733,-1.832216],[-79.992379,-1.83259],[-79.992354,-1.832721],[-79.992041,-1.832948],[-79.991949,-1.833169],[-79.991622,-1.833142],[-79.989419,-1.831419],[-79.985349,-1.828517],[-79.984653,-1.827931],[-79.983205,-1.827888],[-79.982834,-1.827614],[-79.982274,-1.827478],[-79.981685,-1.82675],[-79.981392,-1.82624],[-79.981315,-1.825259],[-79.981627,-1.824592],[-79.981865,-1.824328],[-79.981991,-1.824397],[-79.982234,-1.824115],[-79.982513,-1.824049],[-79.983181,-1.823289]],[[-79.984717,-1.823804],[-79.984381,-1.823791],[-79.984273,-1.823707],[-79.983535,-1.824185],[-79.982913,-1.825698],[-79.983154,-1.826401],[-79.983377,-1.826528],[-79.983628,-1.8265],[-79.983691,-1.826542],[-79.983684,-1.826738],[-79.984207,-1.826886],[-79.984395,-1.827068],[-79.984695,-1.827048],[-79.98528,-1.827301],[-79.985622,-1.827294],[-79.985922,-1.827455],[-79.986047,-1.827427],[-79.986668,-1.827624],[-79.987602,-1.828053],[-79.988538,-1.82832],[-79.988529,-1.828378],[-79.988759,-1.82842],[-79.989083,-1.828683],[-79.989606,-1.828757],[-79.989679,-1.828894],[-79.990029,-1.829136],[-79.990359,-1.829189],[-79.990463,-1.829305],[-79.990552,-1.8293],[-79.99062,-1.829152],[-79.99119,-1.829589],[-79.991357,-1.829663],[-79.991425,-1.829621],[-79.991933,-1.829879],[-79.99252,-1.830563],[-79.992712,-1.830681],[-79.993031,-1.830732],[-79.993173,-1.830656],[-79.992748,-1.830048],[-79.99174,-1.829191],[-79.990786,-1.827798],[-79.988267,-1.824979],[-79.987381,-1.824499],[-79.986617,-1.824204],[-79.986351,-1.823998],[-79.986345,-1.823835],[-79.986277,-1.82384],[-79.986225,-1.823998],[-79.986016,-1.824093],[-79.984848,-1.823997],[-79.984717,-1.823804]]]},"properties":{"OBJECTID":26828,"dpa_parroq":"090650","dpa_despar":"DAULE","dpa_canton":"0906","dpa_descan":"DAULE","dpa_provin":"09","dpa_despro":"GUAYAS","dpa_anio":" ","txt":" ","fcode":" ","fcode_1":" ","descr":"AREA QUE PRESENTA CONDICIONES POTENCIALES PARA LA OCURRENCIA O NO DE UNA AMENAZA A INUNDACION","umo":"MEANDRO ABANDONADO","pen":"PLANA","txs":"FRANCO ARCILLOSO","ttd":"ARCILLOSO","ith":0,"sui":"ALTA","sce":0,"st_area_sh":574640.22912,"st_length_":7025.1937505,"anno":2025,"name":"DAULE"}},{"type":"Feature","id":26831,"geometry":{"type":"Polygon","coordinates":[[[-80.055571,-1.856955],[-80.055451,-1.856593],[-80.055291,-1.855139],[-80.055351,-1.854056],[-80.055173,-1.853721],[-80.054848,-1.853456],[-80.054477,-1.852655],[-80.054406,-1.852281],[-80.053788,-1.850662],[-80.053729,-1.850232],[-80.057744,-1.851803],[-80.058462,-1.852498],[-80.055353,-1.855109],[-80.056192,-1.856769],[-80.055848,-1.857076],[-80.055691,-1.857091],[-80.055571,-1.856955]]]},"properties":{"OBJECTID":26831,"dpa_parroq":"090650","dpa_despar":"DAULE","dpa_canton":"0906","dpa_descan":"DAULE","dpa_provin":"09","dpa_despro":"GUAYAS","dpa_anio":" ","txt":" ","fcode":" ","fcode_1":" ","descr":"AREA QUE PRESENTA CONDICIONES POTENCIALES PARA LA OCURRENCIA O NO DE UNA AMENAZA A INUNDACION","umo":"NIVEL LIGERAMENTE ONDULADO","pen":"MUY SUAVE","txs":"ARCILLOSO","ttd":"FRANCO ARCILLOSO","ith":0,"sui":"ALTA","sce":0,"st_area_sh":136830.041504,"st_length_":2127.15371624,"anno":2025,"name":"DAULE"}},{"type":"Feature","id":26832,"geometry":{"type":"Polygon","coordinates":[[[-79.863776,-2.007607],[-79.8638,-2.007345],[-79.864013,-2.007131],[-79.864131,-2.006822],[-79.864509,-2.006775],[-79.864769,-2.006965],[-79.865277,-2.00709],[-79.865447,-2.00742],[-79.865415,-2.007845],[-79.86527,-2.008048],[-79.865326,-2.008543],[-79.864578,-2.009747],[-79.864176,-2.010033],[-79.864058,-2.010389],[-79.864105,-2.01077],[-79.864057,-2.010984],[-79.863442,-2.011792],[-79.863347,-2.012077],[-79.863182,-2.012243],[-79.862993,-2.01222],[-79.862969,-2.011982],[-79.863135,-2.011673],[-79.863111,-2.011316],[-79.863183,-2.010888],[-79.863254,-2.010674],[-79.863514,-2.010674],[-79.863632,-2.010389],[-79.863585,-2.010103],[-79.862853,-2.009604],[-79.862687,-2.009342],[-79.862545,-2.009508],[-79.862687,-2.009984],[-79.862663,-2.010555],[-79.862474,-2.010602],[-79.862356,-2.010198],[-79.862262,-2.008937],[-79.862168,-2.008771],[-79.861884,-2.008675],[-79.861743,-2.008271],[-79.86179,-2.008009],[-79.862263,-2.008081],[-79.862381,-2.007891],[-79.862972,-2.007654],[-79.86361,-2.007773],[-79.863776,-2.007607]]]},"properties":{"OBJECTID":26832,"dpa_parroq":"090650","dpa_despar":"DAULE","dpa_canton":"0906","dpa_descan":"DAULE","dpa_provin":"09","dpa_despro":"GUAYAS","dpa_anio":" ","txt":" ","fcode":" ","fcode_1":" ","descr":"AREA QUE PRESENTA CONDICIONES POTENCIALES PARA LA OCURRENCIA O NO DE UNA AMENAZA A INUNDACION","umo":"NIVEL ONDULADO CON PRESENCIA DE AGUA / NIVEL PLANO","pen":"MUY SUAVE","txs":"ARCILLOSO","ttd":"ARCILLOSO","ith":0,"sui":"ALTA","sce":0,"st_area_sh":109769.803065,"st_length_":2053.24978501,"anno":2025,"name":"DAULE"}},{"type":"Feature","id":26833,"geometry":{"type":"Polygon","coordinates":[[[-79.854076,-1.986742],[-79.853919,-1.986448],[-79.854076,-1.98611],[-79.854278,-1.985817],[-79.855064,-1.985366],[-79.855538,-1.984611],[-79.86134,-1.985113],[-79.861292,-1.985231],[-79.861487,-1.986849],[-79.859913,-1.986824],[-79.859769,-1.986897],[-79.85966,-1.987109],[-79.859681,-1.987204],[-79.860486,-1.988109],[-79.859383,-1.988101],[-79.859028,-1.988159],[-79.858941,-1.988618],[-79.859009,-1.988731],[-79.859278,-1.988889],[-79.859995,-1.989003],[-79.860354,-1.989319],[-79.860556,-1.989319],[-79.860802,-1.989703],[-79.86069,-1.990176],[-79.860062,-1.990041],[-79.859927,-1.990221],[-79.859747,-1.990921],[-79.85968,-1.991349],[-79.859724,-1.99171],[-79.86006,-1.992861],[-79.860015,-1.993516],[-79.85979,-1.993651],[-79.859036,-1.993644],[-79.858899,-1.993722],[-79.858791,-1.994451],[-79.859071,-1.996216],[-79.860577,-2.001172],[-79.860796,-2.00284],[-79.861571,-2.002752],[-79.861672,-2.003721],[-79.861595,-2.005147],[-79.861367,-2.005606],[-79.861341,-2.006014],[-79.861138,-2.006447],[-79.860834,-2.006727],[-79.859973,-2.007159],[-79.859568,-2.007465],[-79.859516,-2.008083],[-79.858544,-2.007906],[-79.858103,-2.007758],[-79.857809,-2.008379],[-79.857519,-2.009786],[-79.856166,-2.010363],[-79.85699,-2.011691],[-79.857739,-2.013431],[-79.858749,-2.0153],[-79.859569,-2.016272],[-79.859097,-2.017141],[-79.85827,-2.017768],[-79.857737,-2.018525],[-79.857517,-2.018949],[-79.857462,-2.019319],[-79.857975,-2.019855],[-79.858562,-2.019966],[-79.859039,-2.020225],[-79.859422,-2.020689],[-79.859386,-2.020927],[-79.859004,-2.021101],[-79.858622,-2.021171],[-79.858346,-2.021139],[-79.856936,-2.022018],[-79.854815,-2.023592],[-79.854186,-2.024402],[-79.853996,-2.024326],[-79.852552,-2.019985],[-79.847579,-2.02161],[-79.847702,-2.02046],[-79.847959,-2.019145],[-79.848802,-2.017229],[-79.849033,-2.016461],[-79.848995,-2.016401],[-79.848665,-2.016376],[-79.848305,-2.013988],[-79.848656,-2.013868],[-79.848668,-2.011151],[-79.849273,-2.011066],[-79.849298,-2.010646],[-79.849194,-2.008983],[-79.849082,-2.00892],[-79.848226,-2.008909],[-79.848143,-2.006738],[-79.847914,-2.006556],[-79.847551,-2.005464],[-79.84751,-2.005083],[-79.847686,-2.002583],[-79.847773,-2.002466],[-79.848664,-2.002802],[-79.850838,-2.003237],[-79.850982,-1.992863],[-79.851338,-1.993026],[-79.852688,-1.993073],[-79.853212,-1.993168],[-79.8534,-1.992895],[-79.853486,-1.992657],[-79.85347,-1.992276],[-79.853352,-1.991772],[-79.853028,-1.99124],[-79.853028,-1.990452],[-79.853161,-1.99013],[-79.853941,-1.988896],[-79.854188,-1.988621],[-79.854431,-1.988044],[-79.854432,-1.987366],[-79.8543,-1.986945],[-79.854076,-1.986742]]]},"properties":{"OBJECTID":26833,"dpa_parroq":"090650","dpa_despar":"DAULE","dpa_canton":"0906","dpa_descan":"DAULE","dpa_provin":"09","dpa_despro":"GUAYAS","dpa_anio":" ","txt":" ","fcode":" ","fcode_1":" ","descr":"AREA QUE PRESENTA CONDICIONES POTENCIALES PARA LA OCURRENCIA O NO DE UNA AMENAZA A INUNDACION","umo":"NIVEL ONDULADO CON PRESENCIA DE AGUA / NIVEL PLANO","pen":"MUY SUAVE","txs":"ARCILLOSO","ttd":"ARCILLOSO","ith":0,"sui":"ALTA","sce":0,"st_area_sh":4154405.81692,"st_length_":13269.3041554,"anno":2025,"name":"DAULE"}},{"type":"Feature","id":26834,"geometry":{"type":"Polygon","coordinates":[[[-79.851,-1.991583],[-79.851102,-1.984228],[-79.854981,-1.984563],[-79.854884,-1.984847],[-79.85457,-1.98505],[-79.854391,-1.985343],[-79.853897,-1.985771],[-79.85374,-1.986087],[-79.85365,-1.986426],[-79.853694,-1.986945],[-79.853968,-1.987277],[-79.853979,-1.988077],[-79.853912,-1.988487],[-79.853802,-1.988743],[-79.853504,-1.988842],[-79.852664,-1.990429],[-79.852796,-1.990662],[-79.852785,-1.991739],[-79.853082,-1.99245],[-79.85295,-1.992605],[-79.852663,-1.992638],[-79.851291,-1.992396],[-79.851184,-1.992531],[-79.850987,-1.992518],[-79.851,-1.991583]]]},"properties":{"OBJECTID":26834,"dpa_parroq":"090650","dpa_despar":"DAULE","dpa_canton":"0906","dpa_descan":"DAULE","dpa_provin":"09","dpa_despro":"GUAYAS","dpa_anio":" ","txt":" ","fcode":" ","fcode_1":" ","descr":"AREA QUE PRESENTA CONDICIONES POTENCIALES PARA LA OCURRENCIA O NO DE UNA AMENAZA A INUNDACION","umo":"NIVEL ONDULADO CON PRESENCIA DE AGUA / NIVEL PLANO","pen":"MUY SUAVE","txs":"ARCILLOSO","ttd":"ARCILLOSO","ith":0,"sui":"ALTA","sce":0,"st_area_sh":251404.46207,"st_length_":2601.56614349,"anno":2025,"name":"DAULE"}},{"type":"Feature","id":26835,"geometry":{"type":"Polygon","coordinates":[[[-79.913265,-1.910526],[-79.914187,-1.909934],[-79.914852,-1.910502],[-79.915511,-1.91064],[-79.916161,-1.910488],[-79.916235,-1.910623],[-79.916351,-1.910633],[-79.916489,-1.911023],[-79.916469,-1.911616],[-79.915983,-1.912746],[-79.915736,-1.91309],[-79.915507,-1.913607],[-79.913964,-1.915291],[-79.910955,-1.916493],[-79.90658,-1.914361],[-79.906853,-1.913932],[-79.907273,-1.913754],[-79.908228,-1.91356],[-79.909214,-1.912757],[-79.909294,-1.912492],[-79.909722,-1.911916],[-79.90985,-1.911364],[-79.910244,-1.910925],[-79.91028,-1.910008],[-79.910741,-1.91002],[-79.912278,-1.911185],[-79.913265,-1.910526]]]},"properties":{"OBJECTID":26835,"dpa_parroq":"090650","dpa_despar":"DAULE","dpa_canton":"0906","dpa_descan":"DAULE","dpa_provin":"09","dpa_despro":"GUAYAS","dpa_anio":" ","txt":" ","fcode":" ","fcode_1":" ","descr":"AREA QUE PRESENTA CONDICIONES POTENCIALES PARA LA OCURRENCIA O NO DE UNA AMENAZA A INUNDACION","umo":"NIVEL ONDULADO CON PRESENCIA DE AGUA / NIVEL PLANO","pen":"MUY SUAVE","txs":"ARCILLOSO","ttd":"ARCILLOSO","ith":0,"sui":"ALTA","sce":0,"st_area_sh":450391.014416,"st_length_":3001.89836493,"anno":2025,"name":"DAULE"}},{"type":"Feature","id":26836,"geometry":{"type":"Polygon","coordinates":[[[-79.883052,-1.996772],[-79.88294,-1.996602],[-79.882959,-1.996206],[-79.883128,-1.996036],[-79.88354,-1.99581],[-79.883932,-1.995416],[-79.884271,-1.99534],[-79.884624,-1.995159],[-79.8851,-1.994772],[-79.885399,-1.994354],[-79.885653,-1.993718],[-79.885721,-1.993282],[-79.885965,-1.993017],[-79.886023,-1.992401],[-79.886329,-1.991613],[-79.88618,-1.991044],[-79.886347,-1.990379],[-79.886617,-1.990055],[-79.886627,-1.989786],[-79.886933,-1.989565],[-79.887421,-1.989402],[-79.887554,-1.989181],[-79.887736,-1.988613],[-79.887737,-1.988354],[-79.887651,-1.988209],[-79.887756,-1.987781],[-79.889064,-1.987924],[-79.887907,-1.989706],[-79.88725,-1.990971],[-79.887126,-1.991474],[-79.887125,-1.992252],[-79.887002,-1.993256],[-79.88688,-1.993687],[-79.885901,-1.995632],[-79.885086,-1.996738],[-79.884971,-1.997247],[-79.884911,-1.997122],[-79.884682,-1.996987],[-79.884204,-1.996804],[-79.883052,-1.996772]]]},"properties":{"OBJECTID":26836,"dpa_parroq":"090650","dpa_despar":"DAULE","dpa_canton":"0906","dpa_descan":"DAULE","dpa_provin":"09","dpa_despro":"GUAYAS","dpa_anio":" ","txt":" ","fcode":" ","fcode_1":" ","descr":"AREA QUE PRESENTA CONDICIONES POTENCIALES PARA LA OCURRENCIA O NO DE UNA AMENAZA A INUNDACION","umo":"NIVEL PLANO","pen":"PLANA","txs":"ARCILLOSO","ttd":"ARCILLOSO","ith":0,"sui":"ALTA","sce":0,"st_area_sh":142891.765148,"st_length_":2772.98526275,"anno":2025,"name":"DAULE"}},{"type":"Feature","id":26837,"geometry":{"type":"Polygon","coordinates":[[[-79.886342,-1.987627],[-79.886422,-1.987635],[-79.886381,-1.987642],[-79.886342,-1.987627]]]},"properties":{"OBJECTID":26837,"dpa_parroq":"090650","dpa_despar":"DAULE","dpa_canton":"0906","dpa_descan":"DAULE","dpa_provin":"09","dpa_despro":"GUAYAS","dpa_anio":" ","txt":" ","fcode":" ","fcode_1":" ","descr":"AREA QUE PRESENTA CONDICIONES POTENCIALES PARA LA OCURRENCIA O NO DE UNA AMENAZA A INUNDACION","umo":"NIVEL PLANO","pen":"PLANA","txs":"ARCILLOSO","ttd":"ARCILLOSO","ith":0,"sui":"ALTA","sce":0,"st_area_sh":5.45866099,"st_length_":18.0919757549,"anno":2025,"name":"DAULE"}},{"type":"Feature","id":26838,"geometry":{"type":"Polygon","coordinates":[[[-79.917889,-1.903111],[-79.918002,-1.902958],[-79.918019,-1.902182],[-79.918346,-1.902067],[-79.91824,-1.902187],[-79.918198,-1.902488],[-79.918218,-1.902953],[-79.918298,-1.903198],[-79.918784,-1.903144],[-79.918954,-1.903198],[-79.919161,-1.903397],[-79.919152,-1.903578],[-79.918149,-1.904046],[-79.919029,-1.905854],[-79.919573,-1.906774],[-79.92016,-1.907546],[-79.920388,-1.907738],[-79.920661,-1.907738],[-79.921014,-1.907618],[-79.921221,-1.907958],[-79.921406,-1.908484],[-79.922195,-1.908637],[-79.922342,-1.908818],[-79.922287,-1.909021],[-79.921313,-1.90913],[-79.920017,-1.909655],[-79.919908,-1.909764],[-79.919989,-1.911555],[-79.920054,-1.911681],[-79.920348,-1.911703],[-79.920457,-1.911785],[-79.920718,-1.912119],[-79.920739,-1.91247],[-79.920498,-1.912891],[-79.918509,-1.913618],[-79.918891,-1.912986],[-79.919005,-1.912622],[-79.919081,-1.912182],[-79.919063,-1.911646],[-79.918756,-1.910435],[-79.918599,-1.909451],[-79.918272,-1.908994],[-79.918173,-1.908605],[-79.91835,-1.908098],[-79.919481,-1.906712],[-79.91894,-1.905784],[-79.917877,-1.903493],[-79.91782,-1.903295],[-79.917889,-1.903111]]]},"properties":{"OBJECTID":26838,"dpa_parroq":"090650","dpa_despar":"DAULE","dpa_canton":"0906","dpa_descan":"DAULE","dpa_provin":"09","dpa_despro":"GUAYAS","dpa_anio":" ","txt":" ","fcode":" ","fcode_1":" ","descr":"AREA QUE PRESENTA CONDICIONES POTENCIALES PARA LA OCURRENCIA O NO DE UNA AMENAZA A INUNDACION","umo":"NIVEL ONDULADO CON PRESENCIA DE AGUA / NIVEL PLANO","pen":"MUY SUAVE","txs":"ARCILLOSO","ttd":"ARCILLOSO","ith":0,"sui":"ALTA","sce":0,"st_area_sh":154563.149236,"st_length_":3529.65371288,"anno":2025,"name":"DAULE"}},{"type":"Feature","id":26839,"geometry":{"type":"Polygon","coordinates":[[[-79.934231,-1.898794],[-79.934647,-1.897528],[-79.934886,-1.897035],[-79.93508,-1.896335],[-79.935246,-1.896209],[-79.935824,-1.896151],[-79.936277,-1.896377],[-79.93685,-1.896882],[-79.937602,-1.897253],[-79.937812,-1.897423],[-79.938149,-1.897965],[-79.938299,-1.898695],[-79.938571,-1.898908],[-79.938925,-1.899021],[-79.940219,-1.898685],[-79.940693,-1.898766],[-79.941436,-1.89955],[-79.942556,-1.900552],[-79.943041,-1.900727],[-79.943499,-1.900698],[-79.944008,-1.900545],[-79.944266,-1.900611],[-79.944474,-1.900869],[-79.944535,-1.901507],[-79.944685,-1.901662],[-79.944869,-1.901728],[-79.945394,-1.901688],[-79.945748,-1.901821],[-79.945921,-1.902159],[-79.94581,-1.902689],[-79.945135,-1.903235],[-79.944628,-1.904033],[-79.943774,-1.905035],[-79.943666,-1.905389],[-79.943672,-1.905691],[-79.943827,-1.905818],[-79.943973,-1.906627],[-79.943953,-1.906849],[-79.943238,-1.908408],[-79.943173,-1.909075],[-79.942936,-1.910099],[-79.941706,-1.910335],[-79.940608,-1.910744],[-79.939583,-1.910861],[-79.939273,-1.910806],[-79.938973,-1.910635],[-79.938661,-1.910362],[-79.93864,-1.910248],[-79.93842,-1.910254],[-79.938119,-1.909988],[-79.937817,-1.91002],[-79.937115,-1.910773],[-79.936783,-1.910821],[-79.93663,-1.910775],[-79.936406,-1.910538],[-79.935848,-1.909189],[-79.935634,-1.908921],[-79.934836,-1.908457],[-79.934639,-1.90827],[-79.934576,-1.908018],[-79.934551,-1.906187],[-79.934607,-1.90585],[-79.935167,-1.905069],[-79.935608,-1.904641],[-79.935788,-1.904107],[-79.93554,-1.90327],[-79.935264,-1.902786],[-79.93451,-1.902284],[-79.934159,-1.901702],[-79.933943,-1.901108],[-79.933855,-1.900288],[-79.934231,-1.898794]]]},"properties":{"OBJECTID":26839,"dpa_parroq":"090650","dpa_despar":"DAULE","dpa_canton":"0906","dpa_descan":"DAULE","dpa_provin":"09","dpa_despro":"GUAYAS","dpa_anio":" ","txt":" ","fcode":" ","fcode_1":" ","descr":"AREA QUE PRESENTA CONDICIONES POTENCIALES PARA LA OCURRENCIA O NO DE UNA AMENAZA A INUNDACION","umo":"NIVEL ONDULADO CON PRESENCIA DE AGUA / NIVEL PLANO","pen":"PLANA","txs":"ARCILLOSO","ttd":"ARCILLOSO","ith":0,"sui":"ALTA","sce":0,"st_area_sh":1363289.68159,"st_length_":5182.07687784,"anno":2025,"name":"DAULE"}},{"type":"Feature","id":26841,"geometry":{"type":"Polygon","coordinates":[[[-79.984035,-1.965438],[-79.984046,-1.965239],[-79.984206,-1.964986],[-79.984206,-1.964782],[-79.98437,-1.964734],[-79.984512,-1.964209],[-79.984792,-1.963861],[-79.984868,-1.963221],[-79.984766,-1.962719],[-79.985233,-1.962412],[-79.98529,-1.962091],[-79.985856,-1.961754],[-79.98602,-1.961557],[-79.985747,-1.960922],[-79.985658,-1.960851],[-79.985433,-1.960855],[-79.985455,-1.960933],[-79.985646,-1.960871],[-79.985988,-1.961513],[-79.985849,-1.961724],[-79.985766,-1.961721],[-79.985222,-1.962098],[-79.985194,-1.962412],[-79.984746,-1.96269],[-79.984827,-1.96318],[-79.984767,-1.963854],[-79.984459,-1.964218],[-79.984347,-1.964702],[-79.984133,-1.964796],[-79.984174,-1.964945],[-79.983882,-1.965533],[-79.98388,-1.965534],[-79.983823,-1.965651],[-79.983747,-1.965804],[-79.982948,-1.965703],[-79.982548,-1.96557],[-79.981977,-1.965541],[-79.981638,-1.965323],[-79.981316,-1.964986],[-79.981134,-1.964917],[-79.980771,-1.96508],[-79.980462,-1.965623],[-79.980299,-1.965644],[-79.980135,-1.965555],[-79.979639,-1.96483],[-79.979516,-1.964467],[-79.97898,-1.963859],[-79.978962,-1.963578],[-79.979071,-1.963477],[-79.979002,-1.963387],[-79.979008,-1.963142],[-79.979192,-1.96265],[-79.979235,-1.962135],[-79.978579,-1.960456],[-79.978593,-1.960348],[-79.978845,-1.960037],[-79.978868,-1.959819],[-79.97875,-1.959472],[-79.978551,-1.959306],[-79.978447,-1.95858],[-79.978116,-1.958198],[-79.978157,-1.958132],[-79.978683,-1.958131],[-79.978785,-1.958064],[-79.978847,-1.957815],[-79.978629,-1.957578],[-79.978648,-1.957464],[-79.97932,-1.957483],[-79.979631,-1.957065],[-79.979759,-1.957038],[-79.980102,-1.957138],[-79.980352,-1.956955],[-79.980423,-1.956704],[-79.980623,-1.956404],[-79.9805,-1.956019],[-79.980287,-1.955691],[-79.980407,-1.955567],[-79.980749,-1.95547],[-79.980856,-1.955303],[-79.980229,-1.955618],[-79.980212,-1.955813],[-79.980507,-1.95636],[-79.9802,-1.956979],[-79.980011,-1.95701],[-79.979784,-1.956891],[-79.979634,-1.95691],[-79.979275,-1.957364],[-79.978708,-1.957173],[-79.978566,-1.957303],[-79.978514,-1.957504],[-79.978547,-1.95769],[-79.978723,-1.957953],[-79.97825,-1.957943],[-79.978058,-1.958092],[-79.978073,-1.958323],[-79.978371,-1.958769],[-79.978396,-1.959339],[-79.978643,-1.959706],[-79.978703,-1.959918],[-79.978154,-1.960423],[-79.978375,-1.96047],[-79.978717,-1.961483],[-79.979019,-1.961991],[-79.979064,-1.962554],[-79.978697,-1.963515],[-79.978683,-1.964018],[-79.979199,-1.96442],[-79.979442,-1.965056],[-79.980191,-1.96582],[-79.980399,-1.965856],[-79.980614,-1.965795],[-79.980908,-1.965188],[-79.981107,-1.965089],[-79.981334,-1.965217],[-79.981561,-1.965714],[-79.98072,-1.966329],[-79.980196,-1.966864],[-79.979872,-1.966863],[-79.978344,-1.966425],[-79.977384,-1.966031],[-79.977219,-1.966055],[-79.976764,-1.965799],[-79.976198,-1.96578],[-79.974932,-1.965487],[-79.974484,-1.965559],[-79.973606,-1.965511],[-79.972729,-1.964869],[-79.972314,-1.964192],[-79.972223,-1.963198],[-79.972281,-1.96302],[-79.972241,-1.962664],[-79.972303,-1.962526],[-79.972073,-1.962326],[-79.971726,-1.961662],[-79.971146,-1.96126],[-79.970522,-1.960964],[-79.969717,-1.960328],[-79.969138,-1.959737],[-79.968436,-1.958457],[-79.967988,-1.957981],[-79.967335,-1.957628],[-79.966931,-1.957682],[-79.966733,-1.957584],[-79.965981,-1.956663],[-79.965433,-1.955484],[-79.965047,-1.954942],[-79.964451,-1.954491],[-79.964078,-1.954093],[-79.963933,-1.953658],[-79.9639,-1.953334],[-79.96397,-1.953182],[-79.963871,-1.952759],[-79.963686,-1.952344],[-79.963185,-1.951659],[-79.963226,-1.951375],[-79.964019,-1.950949],[-79.964344,-1.950988],[-79.964818,-1.950851],[-79.965099,-1.950319],[-79.965141,-1.949827],[-79.965053,-1.949361],[-79.964314,-1.948456],[-79.963935,-1.947725],[-79.963218,-1.946795],[-79.963042,-1.946354],[-79.962892,-1.945341],[-79.962411,-1.944957],[-79.961917,-1.944773],[-79.961316,-1.944864],[-79.960654,-1.945387],[-79.960305,-1.945223],[-79.959972,-1.944532],[-79.960037,-1.943392],[-79.959954,-1.942716],[-79.959818,-1.942584],[-79.95937,-1.942384],[-79.959011,-1.942466],[-79.958503,-1.942705],[-79.958179,-1.942682],[-79.957512,-1.942801],[-79.956741,-1.943396],[-79.956376,-1.943222],[-79.956001,-1.942733],[-79.955574,-1.942423],[-79.954918,-1.942236],[-79.954631,-1.941208],[-79.954726,-1.940364],[-79.955168,-1.940038],[-79.955774,-1.939932],[-79.956185,-1.939664],[-79.95601,-1.939124],[-79.955989,-1.938452],[-79.956285,-1.936997],[-79.956274,-1.936131],[-79.956484,-1.935879],[-79.956567,-1.935511],[-79.956492,-1.935147],[-79.956415,-1.935104],[-79.955614,-1.935253],[-79.955441,-1.934988],[-79.955293,-1.934472],[-79.955167,-1.933189],[-79.955256,-1.932679],[-79.955421,-1.932477],[-79.95543,-1.932324],[-79.95479,-1.932123],[-79.954387,-1.932175],[-79.953896,-1.932101],[-79.953213,-1.931702],[-79.952712,-1.931],[-79.95075,-1.931216],[-79.9505,-1.931344],[-79.950347,-1.931278],[-79.950709,-1.930981],[-79.95068,-1.930814],[-79.951166,-1.929577],[-79.951167,-1.929233],[-79.950807,-1.928517],[-79.950789,-1.927742],[-79.950486,-1.926302],[-79.950063,-1.925592],[-79.949813,-1.925345],[-79.95186,-1.92445],[-79.952464,-1.922933],[-79.952914,-1.9224],[-79.95454,-1.920859],[-79.956153,-1.918475],[-79.956366,-1.918435],[-79.956646,-1.918555],[-79.957126,-1.918542],[-79.957359,-1.916319],[-79.957681,-1.914783],[-79.958628,-1.91218],[-79.95948,-1.911176],[-79.96031,-1.910473],[-79.960842,-1.910297],[-79.960955,-1.91013],[-79.961115,-1.909178],[-79.961174,-1.909231],[-79.961658,-1.909198],[-79.962076,-1.909527],[-79.962612,-1.90958],[-79.962874,-1.909482],[-79.963292,-1.90887],[-79.96341,-1.908824],[-79.964743,-1.908575],[-79.965937,-1.908488],[-79.966408,-1.909173],[-79.966834,-1.90937],[-79.96732,-1.90947],[-79.968055,-1.909389],[-79.968283,-1.909541],[-79.969173,-1.909719],[-79.969258,-1.90966],[-79.969254,-1.909527],[-79.969372,-1.909493],[-79.969642,-1.909811],[-79.970074,-1.909638],[-79.969981,-1.909115],[-79.970918,-1.908834],[-79.971433,-1.908544],[-79.971482,-1.908396],[-79.970911,-1.907683],[-79.970612,-1.907575],[-79.970426,-1.907682],[-79.970312,-1.907639],[-79.969349,-1.906885],[-79.9693,-1.906268],[-79.968522,-1.906174],[-79.967923,-1.905987],[-79.967845,-1.905886],[-79.967902,-1.905664],[-79.968059,-1.905621],[-79.968159,-1.905406],[-79.968545,-1.90359],[-79.968752,-1.903432],[-79.968849,-1.903194],[-79.969615,-1.903317],[-79.969957,-1.903115],[-79.970138,-1.902226],[-79.970339,-1.902247],[-79.97058,-1.90251],[-79.970821,-1.902651],[-79.970921,-1.90249],[-79.970962,-1.902045],[-79.970821,-1.901903],[-79.970841,-1.901762],[-79.971062,-1.901641],[-79.971083,-1.901378],[-79.971424,-1.9015],[-79.971143,-1.900711],[-79.970922,-1.900691],[-79.970219,-1.901216],[-79.970079,-1.901074],[-79.970239,-1.900852],[-79.97024,-1.900468],[-79.9702,-1.900205],[-79.969878,-1.900023],[-79.969959,-1.89974],[-79.97026,-1.899882],[-79.970401,-1.8997],[-79.970622,-1.89966],[-79.970956,-1.899299],[-79.970931,-1.899021],[-79.97073,-1.898869],[-79.970454,-1.898844],[-79.969651,-1.898288],[-79.969578,-1.898022],[-79.969639,-1.89778],[-79.969558,-1.897537],[-79.969149,-1.897353],[-79.968421,-1.89758],[-79.967768,-1.897655],[-79.967289,-1.897314],[-79.967289,-1.89697],[-79.96741,-1.896445],[-79.96729,-1.895778],[-79.967765,-1.895386],[-79.967958,-1.895334],[-79.968289,-1.895316],[-79.968778,-1.895457],[-79.968935,-1.895369],[-79.969424,-1.895405],[-79.96993,-1.895194],[-79.970035,-1.895072],[-79.970209,-1.895054],[-79.970419,-1.895054],[-79.971413,-1.895652],[-79.971622,-1.895599],[-79.971727,-1.895406],[-79.971902,-1.895336],[-79.972216,-1.895336],[-79.972513,-1.895372],[-79.97335,-1.895671],[-79.974118,-1.895654],[-79.974694,-1.895917],[-79.974956,-1.895777],[-79.9752,-1.895373],[-79.975497,-1.895338],[-79.975846,-1.895426],[-79.97623,-1.895953],[-79.976282,-1.896357],[-79.976561,-1.896638],[-79.976805,-1.896849],[-79.977346,-1.897131],[-79.977957,-1.897166],[-79.978167,-1.897043],[-79.978621,-1.896446],[-79.979005,-1.89664],[-79.979389,-1.896517],[-79.979563,-1.896324],[-79.980018,-1.895078],[-79.980576,-1.894779],[-79.98103,-1.894815],[-79.981257,-1.894709],[-79.981746,-1.894271],[-79.981843,-1.894042],[-79.982186,-1.893807],[-79.982545,-1.893942],[-79.9827,-1.893748],[-79.982818,-1.893786],[-79.982882,-1.893926],[-79.983147,-1.893852],[-79.983193,-1.893727],[-79.983283,-1.893707],[-79.983505,-1.893773],[-79.983662,-1.89374],[-79.983797,-1.893834],[-79.983987,-1.8938],[-79.98452,-1.893237],[-79.984813,-1.893048],[-79.985309,-1.89246],[-79.985697,-1.892168],[-79.987099,-1.89137],[-79.987855,-1.890713],[-79.988934,-1.890033],[-79.990191,-1.888915],[-79.990101,-1.888359],[-79.989615,-1.888032],[-79.989438,-1.887702],[-79.989392,-1.887584],[-79.989441,-1.887326],[-79.989996,-1.886835],[-79.99056,-1.886546],[-79.990634,-1.886302],[-79.991141,-1.885598],[-79.991397,-1.885508],[-79.992002,-1.884976],[-79.992231,-1.885093],[-79.992295,-1.884356],[-79.99181,-1.883264],[-79.991583,-1.882941],[-79.991312,-1.882764],[-79.991027,-1.882902],[-79.990817,-1.882884],[-79.990441,-1.8824],[-79.99014,-1.881821],[-79.990052,-1.881528],[-79.990084,-1.881298],[-79.990208,-1.881138],[-79.990288,-1.880684],[-79.990467,-1.880375],[-79.990781,-1.880227],[-79.991803,-1.880149],[-79.992215,-1.880206],[-79.992604,-1.880163],[-79.992852,-1.880357],[-79.992955,-1.88031],[-79.993017,-1.879928],[-79.993145,-1.879734],[-79.995359,-1.880138],[-79.99531,-1.879689],[-79.995162,-1.879473],[-79.994667,-1.879186],[-79.99408,-1.879381],[-79.993374,-1.879302],[-79.992282,-1.879061],[-79.991417,-1.879001],[-79.990757,-1.879377],[-79.98987,-1.879428],[-79.989483,-1.879668],[-79.988842,-1.881379],[-79.988905,-1.881835],[-79.989168,-1.882365],[-79.989712,-1.883083],[-79.990334,-1.883529],[-79.991163,-1.884272],[-79.991293,-1.884417],[-79.991293,-1.884558],[-79.991193,-1.884675],[-79.991017,-1.884696],[-79.991022,-1.884842],[-79.99079,-1.884977],[-79.990455,-1.885353],[-79.990183,-1.88591],[-79.989688,-1.886501],[-79.989525,-1.886632],[-79.9889,-1.886776],[-79.988695,-1.886929],[-79.9886,-1.887129],[-79.98872,-1.887229],[-79.988816,-1.887696],[-79.989102,-1.887875],[-79.98955,-1.888668],[-79.989478,-1.888941],[-79.988943,-1.889197],[-79.988484,-1.889742],[-79.987875,-1.890139],[-79.987212,-1.89087],[-79.986598,-1.891306],[-79.986244,-1.891404],[-79.985668,-1.891265],[-79.985508,-1.891399],[-79.985185,-1.891283],[-79.984875,-1.892253],[-79.984413,-1.89267],[-79.984138,-1.893216],[-79.983957,-1.893374],[-79.983016,-1.893501],[-79.982497,-1.893296],[-79.981668,-1.893107],[-79.981502,-1.893268],[-79.981433,-1.893553],[-79.981205,-1.893849],[-79.980978,-1.894007],[-79.979791,-1.894041],[-79.979565,-1.893988],[-79.979407,-1.894094],[-79.97932,-1.894217],[-79.97932,-1.894585],[-79.979145,-1.894919],[-79.979145,-1.895112],[-79.9789,-1.895516],[-79.978377,-1.895428],[-79.978028,-1.895551],[-79.977766,-1.895814],[-79.977487,-1.895884],[-79.97705,-1.895884],[-79.976806,-1.89569],[-79.976527,-1.895093],[-79.976038,-1.89504],[-79.975306,-1.894653],[-79.974869,-1.894671],[-79.974695,-1.894793],[-79.974468,-1.894828],[-79.97171,-1.894704],[-79.971222,-1.894844],[-79.97103,-1.89451],[-79.970803,-1.894334],[-79.97014,-1.894176],[-79.969668,-1.894597],[-79.969162,-1.894843],[-79.967888,-1.894772],[-79.967382,-1.894982],[-79.966865,-1.895426],[-79.966736,-1.895177],[-79.966318,-1.89482],[-79.966796,-1.893799],[-79.966922,-1.892783],[-79.966923,-1.892191],[-79.967049,-1.891725],[-79.967723,-1.891429],[-79.968438,-1.89143],[-79.97071,-1.891135],[-79.971047,-1.890585],[-79.971299,-1.890331],[-79.97273,-1.889443],[-79.972983,-1.888766],[-79.973068,-1.887665],[-79.972647,-1.887115],[-79.972227,-1.886733],[-79.971597,-1.885505],[-79.971176,-1.885209],[-79.970208,-1.885166],[-79.969283,-1.885546],[-79.966801,-1.885545],[-79.965959,-1.885417],[-79.965286,-1.884867],[-79.96453,-1.883596],[-79.964488,-1.882707],[-79.963942,-1.882284],[-79.963479,-1.882029],[-79.962554,-1.881944],[-79.960745,-1.881985],[-79.960324,-1.881774],[-79.959274,-1.879487],[-79.958964,-1.879046],[-79.958607,-1.878767],[-79.958187,-1.878663],[-79.957607,-1.878111],[-79.957463,-1.877637],[-79.957615,-1.877492],[-79.957607,-1.877209],[-79.957159,-1.876842],[-79.956825,-1.876375],[-79.956962,-1.876184],[-79.957083,-1.876161],[-79.957258,-1.876307],[-79.957501,-1.876207],[-79.958131,-1.875715],[-79.958179,-1.87556],[-79.957823,-1.875505],[-79.95779,-1.875384],[-79.957803,-1.875242],[-79.958025,-1.875047],[-79.958192,-1.875033],[-79.958275,-1.874954],[-79.959069,-1.875558],[-79.959467,-1.875485],[-79.960021,-1.87517],[-79.960156,-1.874683],[-79.960166,-1.874449],[-79.96003,-1.874082],[-79.960152,-1.873688],[-79.960346,-1.873494],[-79.961452,-1.872766],[-79.962152,-1.872092],[-79.962817,-1.871113],[-79.963277,-1.870235],[-79.963584,-1.869981],[-79.964542,-1.868896],[-79.964811,-1.868724],[-79.965035,-1.868273],[-79.965156,-1.867699],[-79.96533,-1.867409],[-79.966335,-1.867014],[-79.966827,-1.866986],[-79.967623,-1.866662],[-79.967766,-1.866691],[-79.96857,-1.866221],[-79.968718,-1.866005],[-79.969149,-1.865643],[-79.969631,-1.865407],[-79.969786,-1.865107],[-79.9701,-1.864795],[-79.98249,-1.876345],[-79.983255,-1.876833],[-79.984141,-1.8771],[-79.984931,-1.877134],[-79.988371,-1.876897],[-79.990027,-1.873892],[-79.990177,-1.873781],[-79.99174,-1.874956],[-79.992111,-1.873911],[-79.99115,-1.873214],[-79.99146,-1.872727],[-79.99137,-1.872601],[-79.992497,-1.870998],[-79.993551,-1.871624],[-79.994566,-1.871791],[-79.995314,-1.872134],[-79.995562,-1.872364],[-79.996193,-1.872462],[-80.001507,-1.870066],[-80.002124,-1.870546],[-80.002307,-1.871369],[-80.002681,-1.871675],[-80.003133,-1.871732],[-80.003587,-1.872404],[-80.003628,-1.872879],[-80.003266,-1.874251],[-80.001813,-1.877277],[-80.000651,-1.878803],[-80.000086,-1.879882],[-79.998413,-1.882125],[-79.998365,-1.882369],[-79.996455,-1.883953],[-79.996011,-1.884661],[-79.995751,-1.8852],[-79.995245,-1.887277],[-79.993928,-1.890246],[-79.993462,-1.892124],[-79.993431,-1.892677],[-79.993528,-1.894704],[-79.993612,-1.895233],[-79.994368,-1.897013],[-79.99468,-1.897377],[-79.995073,-1.898073],[-79.995517,-1.898641],[-79.995925,-1.899035],[-79.9964,-1.899358],[-79.996714,-1.899752],[-79.997111,-1.900038],[-79.997312,-1.900297],[-79.998524,-1.900931],[-79.998713,-1.90114],[-80.000004,-1.901649],[-80.000191,-1.902449],[-80.00017,-1.902662],[-80.000033,-1.902736],[-79.998879,-1.902874],[-79.997439,-1.90282],[-79.996392,-1.902691],[-79.996011,-1.902553],[-79.995556,-1.902563],[-79.99546,-1.902627],[-79.995163,-1.903979],[-79.994867,-1.904901],[-79.994209,-1.904541],[-79.99397,-1.904317],[-79.992961,-1.903661],[-79.992199,-1.903247],[-79.991586,-1.903061],[-79.991358,-1.902909],[-79.99085,-1.902861],[-79.990042,-1.902971],[-79.989498,-1.90312],[-79.989044,-1.903338],[-79.988467,-1.903815],[-79.988294,-1.904041],[-79.988151,-1.904357],[-79.988152,-1.904832],[-79.987992,-1.905402],[-79.987939,-1.905909],[-79.988247,-1.907804],[-79.988383,-1.908219],[-79.988892,-1.909113],[-79.989319,-1.909608],[-79.991125,-1.91085],[-79.991522,-1.911084],[-79.9924,-1.911435],[-79.993254,-1.912002],[-79.993751,-1.912124],[-79.995302,-1.912872],[-79.996539,-1.913304],[-79.996947,-1.913598],[-79.997129,-1.913539],[-79.997175,-1.913667],[-79.997864,-1.914049],[-79.999082,-1.914666],[-80.000096,-1.915276],[-80.000875,-1.915561],[-80.00087,-1.915644],[-80.00194,-1.916196],[-80.002788,-1.916488],[-80.005302,-1.917061],[-80.006751,-1.917583],[-80.00763,-1.918046],[-80.008094,-1.918385],[-80.00847,-1.918859],[-80.008748,-1.919523],[-80.008761,-1.919999],[-80.008669,-1.920407],[-80.008582,-1.920531],[-80.008223,-1.920732],[-80.005788,-1.920332],[-80.004032,-1.920329],[-80.002856,-1.920616],[-80.002057,-1.920937],[-80.001301,-1.921433],[-80.00041,-1.92223],[-80.000147,-1.922613],[-80.000052,-1.922987],[-79.999866,-1.922933],[-79.998472,-1.923847],[-79.996712,-1.924624],[-79.995112,-1.924743],[-79.994076,-1.925227],[-79.993285,-1.926074],[-79.992894,-1.926762],[-79.992712,-1.927477],[-79.992731,-1.928314],[-79.993046,-1.928838],[-79.993617,-1.929512],[-79.994162,-1.930479],[-79.994801,-1.930731],[-79.995481,-1.930579],[-79.99566,-1.930575],[-79.995866,-1.930696],[-79.995547,-1.932134],[-79.99554,-1.932453],[-79.99648,-1.934823],[-79.998835,-1.937212],[-79.999071,-1.937572],[-79.999334,-1.937822],[-79.999813,-1.938008],[-79.999975,-1.938169],[-80.001135,-1.938398],[-80.002106,-1.938698],[-80.002626,-1.93805],[-80.002689,-1.937891],[-80.002689,-1.937387],[-80.002934,-1.937395],[-80.003225,-1.937573],[-80.003553,-1.937523],[-80.003641,-1.937421],[-80.003743,-1.937028],[-80.004374,-1.936279],[-80.004687,-1.936025],[-80.006981,-1.938005],[-80.00745,-1.938536],[-80.007249,-1.939016],[-80.00696,-1.939167],[-80.005594,-1.939532],[-80.00498,-1.939544],[-80.004516,-1.939682],[-80.004103,-1.939581],[-80.003893,-1.939626],[-80.003652,-1.939745],[-80.003363,-1.940236],[-80.0032,-1.940375],[-80.002837,-1.94045],[-80.001583,-1.941282],[-80.001546,-1.941458],[-80.001669,-1.941849],[-80.001345,-1.942578],[-80.001062,-1.942987],[-80.001212,-1.944656],[-80.001485,-1.945685],[-80.001617,-1.946801],[-80.001746,-1.947282],[-80.00164,-1.950091],[-80.001469,-1.950998],[-80.001229,-1.951652],[-80.000336,-1.95348],[-80.000206,-1.953628],[-80.0,-1.954201],[-79.999532,-1.954774],[-79.999044,-1.955617],[-79.997588,-1.957774],[-79.99728,-1.958622],[-79.996662,-1.961345],[-79.996456,-1.962814],[-79.996485,-1.96389],[-79.99669,-1.964814],[-79.99736,-1.96569],[-79.99888,-1.967003],[-79.999236,-1.967432],[-80.000169,-1.968154],[-80.00109,-1.968556],[-80.001867,-1.968716],[-80.002993,-1.968718],[-80.003642,-1.968592],[-80.003547,-1.969253],[-80.003153,-1.970563],[-80.002551,-1.971962],[-80.00163,-1.973144],[-80.001423,-1.973591],[-80.001256,-1.973751],[-80.000391,-1.974182],[-79.999374,-1.974237],[-79.999287,-1.974189],[-79.999192,-1.97367],[-79.998042,-1.972495],[-79.997074,-1.970793],[-79.996829,-1.970513],[-79.996567,-1.970473],[-79.996369,-1.970584],[-79.995072,-1.96781],[-79.994625,-1.967636],[-79.994292,-1.965791],[-79.99338,-1.963386],[-79.993084,-1.962924],[-79.992521,-1.962394],[-79.992104,-1.962169],[-79.991318,-1.961945],[-79.991162,-1.961693],[-79.990809,-1.961449],[-79.990343,-1.961387],[-79.989447,-1.961535],[-79.988864,-1.961875],[-79.988562,-1.961842],[-79.988033,-1.962],[-79.987545,-1.962472],[-79.986641,-1.963699],[-79.986062,-1.964821],[-79.9856,-1.965474],[-79.984929,-1.965964],[-79.983817,-1.965823],[-79.983798,-1.965704],[-79.983823,-1.965651],[-79.983882,-1.965533],[-79.984035,-1.965438]],[[-80.001026,-1.870639],[-80.000854,-1.87102],[-80.000949,-1.871067],[-80.000788,-1.871848],[-80.001404,-1.871921],[-80.001792,-1.870869],[-80.001951,-1.870903],[-80.001964,-1.870786],[-80.001327,-1.87057],[-80.001026,-1.870639]]]},"properties":{"OBJECTID":26841,"dpa_parroq":"090650","dpa_despar":"DAULE","dpa_canton":"0906","dpa_descan":"DAULE","dpa_provin":"09","dpa_despro":"GUAYAS","dpa_anio":" ","txt":" ","fcode":" ","fcode_1":" ","descr":"AREA QUE PRESENTA CONDICIONES POTENCIALES PARA LA OCURRENCIA O NO DE UNA AMENAZA A INUNDACION","umo":"NIVEL ONDULADO CON PRESENCIA DE AGUA / NIVEL PLANO","pen":"MUY SUAVE","txs":"ARCILLOSO","ttd":"ARCILLOSO","ith":0,"sui":"ALTA","sce":0,"st_area_sh":40879992.3244,"st_length_":63706.4720267,"anno":2025,"name":"DAULE"}},{"type":"Feature","id":26842,"geometry":{"type":"Polygon","coordinates":[[[-79.924377,-1.861257],[-79.924559,-1.860871],[-79.925379,-1.860871],[-79.925797,-1.861001],[-79.930011,-1.861668],[-79.930469,-1.861719],[-79.930603,-1.86155],[-79.931276,-1.863275],[-79.932149,-1.864161],[-79.932385,-1.86464],[-79.932545,-1.865681],[-79.932414,-1.866101],[-79.932202,-1.866348],[-79.931634,-1.86656],[-79.931575,-1.866862],[-79.931746,-1.867183],[-79.931844,-1.867181],[-79.931899,-1.867297],[-79.932329,-1.867595],[-79.932599,-1.867922],[-79.932804,-1.869459],[-79.933128,-1.869834],[-79.933696,-1.869956],[-79.934095,-1.869922],[-79.934569,-1.869999],[-79.934856,-1.870335],[-79.934883,-1.870824],[-79.934678,-1.871885],[-79.934723,-1.873076],[-79.934214,-1.873918],[-79.934335,-1.874458],[-79.93505,-1.875297],[-79.935865,-1.875916],[-79.936441,-1.87605],[-79.937399,-1.876076],[-79.937884,-1.8762],[-79.938188,-1.876378],[-79.93851,-1.876751],[-79.938738,-1.877358],[-79.938697,-1.877812],[-79.938264,-1.879258],[-79.937922,-1.87978],[-79.937658,-1.880465],[-79.937488,-1.881165],[-79.937327,-1.882997],[-79.93755,-1.884216],[-79.937542,-1.884845],[-79.937431,-1.885421],[-79.937095,-1.886032],[-79.936972,-1.886157],[-79.936394,-1.885941],[-79.936354,-1.885533],[-79.93572,-1.885292],[-79.935663,-1.884791],[-79.935175,-1.884831],[-79.935072,-1.885009],[-79.93464,-1.884777],[-79.934399,-1.885046],[-79.933557,-1.88514],[-79.93344,-1.885239],[-79.933035,-1.885104],[-79.9331,-1.885194],[-79.932875,-1.885799],[-79.933717,-1.886122],[-79.933222,-1.88748],[-79.933433,-1.88757],[-79.933529,-1.888274],[-79.934077,-1.888086],[-79.934155,-1.887552],[-79.934215,-1.887507],[-79.935247,-1.887317],[-79.935187,-1.888201],[-79.935754,-1.888223],[-79.935679,-1.889433],[-79.935523,-1.890021],[-79.934807,-1.891163],[-79.934759,-1.891357],[-79.934656,-1.891406],[-79.934337,-1.891888],[-79.933971,-1.892931],[-79.933985,-1.894354],[-79.934161,-1.895265],[-79.934829,-1.896471],[-79.934079,-1.898309],[-79.933623,-1.899785],[-79.933532,-1.900509],[-79.933704,-1.90134],[-79.93387,-1.901664],[-79.933667,-1.901584],[-79.933458,-1.901603],[-79.93144,-1.90231],[-79.92752,-1.903284],[-79.927368,-1.903437],[-79.927367,-1.903571],[-79.927615,-1.904012],[-79.927481,-1.904184],[-79.927291,-1.904203],[-79.92712,-1.904203],[-79.926948,-1.904107],[-79.926853,-1.903916],[-79.926663,-1.903781],[-79.925122,-1.9038],[-79.924856,-1.903436],[-79.924837,-1.903148],[-79.924457,-1.902287],[-79.923677,-1.902018],[-79.923049,-1.901309],[-79.922117,-1.900811],[-79.921699,-1.900428],[-79.921508,-1.900351],[-79.9209,-1.900331],[-79.920728,-1.90037],[-79.920652,-1.900465],[-79.920652,-1.900638],[-79.920747,-1.900791],[-79.921109,-1.900963],[-79.921223,-1.901193],[-79.921187,-1.901406],[-79.920537,-1.901614],[-79.920347,-1.901767],[-79.920345,-1.902161],[-79.920269,-1.90226],[-79.919935,-1.902207],[-79.919367,-1.901745],[-79.918951,-1.901817],[-79.919061,-1.901226],[-79.91905,-1.9002],[-79.918848,-1.897448],[-79.918571,-1.896893],[-79.91778,-1.895666],[-79.917744,-1.895197],[-79.917867,-1.894255],[-79.918137,-1.893451],[-79.919063,-1.891756],[-79.919681,-1.891128],[-79.920898,-1.890182],[-79.921202,-1.889783],[-79.921177,-1.890484],[-79.920945,-1.890665],[-79.920713,-1.891003],[-79.920867,-1.891185],[-79.924171,-1.890616],[-79.924532,-1.890798],[-79.924558,-1.891213],[-79.92417,-1.891758],[-79.923448,-1.891498],[-79.922674,-1.891523],[-79.92177,-1.89225],[-79.922079,-1.892821],[-79.922544,-1.893185],[-79.922879,-1.894146],[-79.923265,-1.894458],[-79.924014,-1.89477],[-79.925279,-1.894356],[-79.925692,-1.89394],[-79.926621,-1.893733],[-79.926828,-1.892539],[-79.926571,-1.891734],[-79.926674,-1.891344],[-79.928171,-1.890982],[-79.928481,-1.890384],[-79.928404,-1.889917],[-79.927656,-1.889787],[-79.927165,-1.890046],[-79.92683,-1.889864],[-79.926675,-1.889267],[-79.926676,-1.888825],[-79.928328,-1.888281],[-79.928534,-1.887814],[-79.928612,-1.887346],[-79.928398,-1.886711],[-79.927875,-1.886597],[-79.927788,-1.886336],[-79.928166,-1.886083],[-79.928493,-1.885679],[-79.928267,-1.885375],[-79.928518,-1.884364],[-79.928368,-1.883858],[-79.926785,-1.883351],[-79.926006,-1.883502],[-79.925252,-1.883856],[-79.924975,-1.884817],[-79.9251,-1.885398],[-79.925251,-1.885677],[-79.924802,-1.885537],[-79.924968,-1.884354],[-79.925124,-1.883788],[-79.925448,-1.883615],[-79.926853,-1.883223],[-79.927112,-1.883087],[-79.914263,-1.878709],[-79.915078,-1.869044],[-79.9153,-1.869156],[-79.915996,-1.869188],[-79.918781,-1.869607],[-79.918929,-1.869615],[-79.919225,-1.869456],[-79.919447,-1.869594],[-79.919819,-1.86961],[-79.919764,-1.871384],[-79.921924,-1.874045],[-79.923493,-1.8739],[-79.924076,-1.873737],[-79.924902,-1.873298],[-79.925986,-1.873054],[-79.926937,-1.872735],[-79.927023,-1.872049],[-79.926839,-1.870791],[-79.926802,-1.86929],[-79.926387,-1.868485],[-79.925621,-1.866619],[-79.925579,-1.866222],[-79.925632,-1.865225],[-79.925515,-1.864914],[-79.924951,-1.864667],[-79.924844,-1.86442],[-79.924887,-1.864131],[-79.925026,-1.864056],[-79.925239,-1.864131],[-79.925313,-1.864056],[-79.925228,-1.863916],[-79.924451,-1.863626],[-79.924472,-1.862597],[-79.924377,-1.861257]]]},"properties":{"OBJECTID":26842,"dpa_parroq":"090650","dpa_despar":"DAULE","dpa_canton":"0906","dpa_descan":"DAULE","dpa_provin":"09","dpa_despro":"GUAYAS","dpa_anio":" ","txt":" ","fcode":" ","fcode_1":" ","descr":"AREA QUE PRESENTA CONDICIONES POTENCIALES PARA LA OCURRENCIA O NO DE UNA AMENAZA A INUNDACION","umo":"NIVEL ONDULADO CON PRESENCIA DE AGUA / NIVEL PLANO","pen":"MUY SUAVE","txs":"ARCILLOSO","ttd":"ARCILLOSO","ith":0,"sui":"ALTA","sce":0,"st_area_sh":6374652.63633,"st_length_":21184.1507803,"anno":2025,"name":"DAULE"}},{"type":"Feature","id":26843,"geometry":{"type":"Polygon","coordinates":[[[-79.925251,-1.885677],[-79.9251,-1.885398],[-79.924975,-1.884817],[-79.925252,-1.883856],[-79.926006,-1.883502],[-79.926785,-1.883351],[-79.928368,-1.883858],[-79.928518,-1.884364],[-79.928267,-1.885375],[-79.928493,-1.885679],[-79.928166,-1.886083],[-79.927788,-1.886336],[-79.927875,-1.886597],[-79.928398,-1.886711],[-79.928612,-1.887346],[-79.928534,-1.887814],[-79.928328,-1.888281],[-79.926676,-1.888825],[-79.926675,-1.889267],[-79.92683,-1.889864],[-79.927165,-1.890046],[-79.927656,-1.889787],[-79.928404,-1.889917],[-79.928481,-1.890384],[-79.928171,-1.890982],[-79.926674,-1.891344],[-79.926571,-1.891734],[-79.926828,-1.892539],[-79.926621,-1.893733],[-79.925692,-1.89394],[-79.925279,-1.894356],[-79.924014,-1.89477],[-79.923265,-1.894458],[-79.922879,-1.894146],[-79.922544,-1.893185],[-79.922079,-1.892821],[-79.92177,-1.89225],[-79.922674,-1.891523],[-79.923448,-1.891498],[-79.92417,-1.891758],[-79.924558,-1.891213],[-79.924532,-1.890798],[-79.924171,-1.890616],[-79.920867,-1.891185],[-79.920713,-1.891003],[-79.920945,-1.890665],[-79.921177,-1.890484],[-79.921202,-1.889783],[-79.921267,-1.889683],[-79.921511,-1.889561],[-79.922674,-1.889286],[-79.922879,-1.889156],[-79.923363,-1.887832],[-79.924146,-1.886402],[-79.92462,-1.886003],[-79.924802,-1.885537],[-79.925251,-1.885677]]]},"properties":{"OBJECTID":26843,"dpa_parroq":"090650","dpa_despar":"DAULE","dpa_canton":"0906","dpa_descan":"DAULE","dpa_provin":"09","dpa_despro":"GUAYAS","dpa_anio":" ","txt":" ","fcode":" ","fcode_1":" ","descr":"AREA QUE PRESENTA CONDICIONES POTENCIALES PARA LA OCURRENCIA O NO DE UNA AMENAZA A INUNDACION","umo":"NIVEL ONDULADO CON PRESENCIA DE AGUA / NIVEL PLANO","pen":"MUY SUAVE","txs":"FRANCO ARCILLO - ARENOSO","ttd":"ARCILLOSO","ith":0,"sui":"ALTA","sce":0,"st_area_sh":575189.029284,"st_length_":4693.22105529,"anno":2025,"name":"DAULE"}},{"type":"Feature","id":26844,"geometry":{"type":"Polygon","coordinates":[[[-79.870665,-2.049047],[-79.870256,-2.045298],[-79.875062,-2.04611],[-79.87512,-2.043968],[-79.875064,-2.043947],[-79.875064,-2.043695],[-79.872583,-2.042386],[-79.872356,-2.042057],[-79.872367,-2.041855],[-79.873376,-2.039938],[-79.872467,-2.03935],[-79.872094,-2.03921],[-79.872127,-2.038942],[-79.871985,-2.038879],[-79.871844,-2.039092],[-79.871221,-2.038738],[-79.871427,-2.038175],[-79.871156,-2.037984],[-79.871136,-2.037379],[-79.869961,-2.037522],[-79.869649,-2.037668],[-79.869729,-2.038414],[-79.869428,-2.038489],[-79.869643,-2.040297],[-79.869616,-2.040182],[-79.869554,-2.040737],[-79.869177,-2.041752],[-79.868614,-2.042517],[-79.868049,-2.042871],[-79.86743,-2.043113],[-79.866768,-2.043215],[-79.86616,-2.043176],[-79.868188,-2.043645],[-79.868496,-2.043741],[-79.869033,-2.044067],[-79.869603,-2.044623],[-79.86989,-2.045036],[-79.869503,-2.045311],[-79.869418,-2.045553],[-79.869443,-2.04574],[-79.868797,-2.045912],[-79.868791,-2.04602],[-79.867849,-2.046286],[-79.863704,-2.047285],[-79.863771,-2.047486],[-79.863357,-2.047569],[-79.863345,-2.047499],[-79.863064,-2.047547],[-79.863152,-2.047071],[-79.863135,-2.046731],[-79.862921,-2.046342],[-79.862396,-2.04589],[-79.862234,-2.045596],[-79.862161,-2.044859],[-79.862267,-2.04429],[-79.862222,-2.043866],[-79.862287,-2.042541],[-79.86183,-2.041314],[-79.861539,-2.040092],[-79.860886,-2.039074],[-79.860839,-2.038896],[-79.860698,-2.037333],[-79.860815,-2.037003],[-79.860893,-2.030262],[-79.862401,-2.027029],[-79.861456,-2.026479],[-79.86284,-2.025293],[-79.862984,-2.024964],[-79.862835,-2.024561],[-79.862195,-2.02431],[-79.862229,-2.023874],[-79.862528,-2.023413],[-79.862658,-2.023334],[-79.863207,-2.023308],[-79.863445,-2.023057],[-79.86391,-2.022892],[-79.864001,-2.022749],[-79.8642,-2.022653],[-79.864353,-2.022436],[-79.864268,-2.022078],[-79.864442,-2.02166],[-79.864314,-2.021332],[-79.864102,-2.021073],[-79.863898,-2.021027],[-79.863732,-2.021082],[-79.863005,-2.020863],[-79.862745,-2.02071],[-79.862266,-2.020684],[-79.861815,-2.02051],[-79.861364,-2.020474],[-79.860392,-2.020613],[-79.859802,-2.020718],[-79.859386,-2.020927],[-79.859422,-2.020689],[-79.859039,-2.020225],[-79.858562,-2.019966],[-79.857975,-2.019855],[-79.857462,-2.019319],[-79.857517,-2.018949],[-79.857737,-2.018525],[-79.85827,-2.017768],[-79.859097,-2.017141],[-79.859569,-2.016272],[-79.858749,-2.0153],[-79.857739,-2.013431],[-79.85699,-2.011691],[-79.856166,-2.010363],[-79.857519,-2.009786],[-79.857809,-2.008379],[-79.858103,-2.007758],[-79.858544,-2.007906],[-79.859516,-2.008083],[-79.859568,-2.007465],[-79.859973,-2.007159],[-79.860834,-2.006727],[-79.861138,-2.006447],[-79.861341,-2.006014],[-79.861367,-2.005606],[-79.861595,-2.005147],[-79.861672,-2.003721],[-79.861571,-2.002752],[-79.860796,-2.00284],[-79.860577,-2.001172],[-79.859071,-1.996216],[-79.858791,-1.994451],[-79.858899,-1.993722],[-79.859036,-1.993644],[-79.85979,-1.993651],[-79.860015,-1.993516],[-79.86006,-1.992861],[-79.859724,-1.99171],[-79.85968,-1.991349],[-79.859747,-1.990921],[-79.859927,-1.990221],[-79.860062,-1.990041],[-79.86069,-1.990176],[-79.860802,-1.989703],[-79.860556,-1.989319],[-79.860354,-1.989319],[-79.859995,-1.989003],[-79.859278,-1.988889],[-79.859009,-1.988731],[-79.858941,-1.988618],[-79.859028,-1.988159],[-79.859383,-1.988101],[-79.860486,-1.988109],[-79.859681,-1.987204],[-79.85966,-1.987109],[-79.859769,-1.986897],[-79.859913,-1.986824],[-79.861487,-1.986849],[-79.861292,-1.985231],[-79.86134,-1.985113],[-79.870822,-1.985933],[-79.885504,-1.987535],[-79.885237,-1.987732],[-79.885133,-1.988047],[-79.885207,-1.988461],[-79.885083,-1.988758],[-79.884367,-1.989206],[-79.883699,-1.98951],[-79.88333,-1.989881],[-79.883253,-1.990085],[-79.88291,-1.990194],[-79.882697,-1.9901],[-79.882439,-1.990152],[-79.88185,-1.990026],[-79.881591,-1.990026],[-79.881323,-1.99013],[-79.880971,-1.990099],[-79.880744,-1.989984],[-79.87938,-1.989858],[-79.878894,-1.990128],[-79.878483,-1.990155],[-79.878034,-1.990328],[-79.877603,-1.990674],[-79.877125,-1.991366],[-79.876503,-1.991654],[-79.875653,-1.991836],[-79.875299,-1.992327],[-79.875021,-1.992932],[-79.874323,-1.99374],[-79.873643,-1.994922],[-79.873178,-1.995327],[-79.872964,-1.995691],[-79.872849,-1.996345],[-79.872619,-1.996681],[-79.872006,-1.998642],[-79.871249,-1.999162],[-79.870907,-2.001133],[-79.870773,-2.002357],[-79.870772,-2.003163],[-79.870875,-2.003866],[-79.871263,-2.004491],[-79.873368,-2.005981],[-79.873846,-2.006164],[-79.874394,-2.006502],[-79.874897,-2.006674],[-79.875328,-2.006683],[-79.876015,-2.006858],[-79.876225,-2.00732],[-79.87676,-2.007561],[-79.877449,-2.007426],[-79.877745,-2.007157],[-79.878428,-2.006843],[-79.879476,-2.005745],[-79.88006,-2.004283],[-79.880778,-2.00313],[-79.880887,-2.001171],[-79.881118,-2.000564],[-79.881723,-2.000187],[-79.881789,-2.000298],[-79.882143,-2.000476],[-79.882593,-2.000315],[-79.883478,-1.999798],[-79.883912,-1.999701],[-79.884315,-1.999458],[-79.884778,-1.999021],[-79.884826,-1.999155],[-79.884739,-1.999707],[-79.884738,-2.000433],[-79.884796,-2.000839],[-79.885087,-2.001227],[-79.884758,-2.001441],[-79.884264,-2.002088],[-79.883522,-2.002729],[-79.882908,-2.003954],[-79.881973,-2.004689],[-79.881268,-2.005104],[-79.880374,-2.005335],[-79.880042,-2.005567],[-79.87973,-2.005935],[-79.879208,-2.00637],[-79.878327,-2.00751],[-79.877836,-2.007929],[-79.877605,-2.008407],[-79.877158,-2.009059],[-79.87687,-2.009175],[-79.876308,-2.009247],[-79.875761,-2.009261],[-79.874551,-2.009101],[-79.874191,-2.009173],[-79.873672,-2.009491],[-79.873497,-2.009689],[-79.873326,-2.010085],[-79.873383,-2.010795],[-79.873527,-2.011114],[-79.873757,-2.011332],[-79.875419,-2.011626],[-79.875566,-2.011795],[-79.875632,-2.012077],[-79.87541,-2.013145],[-79.874768,-2.013894],[-79.874179,-2.015073],[-79.874079,-2.015452],[-79.874192,-2.016702],[-79.87383,-2.017295],[-79.873458,-2.017499],[-79.873152,-2.017874],[-79.872999,-2.018152],[-79.872893,-2.018614],[-79.873562,-2.01898],[-79.874302,-2.019167],[-79.875396,-2.018803],[-79.875666,-2.018579],[-79.875991,-2.017568],[-79.876077,-2.016981],[-79.876278,-2.016635],[-79.87668,-2.016385],[-79.877013,-2.016283],[-79.877282,-2.016232],[-79.877723,-2.016297],[-79.878047,-2.016579],[-79.878543,-2.017435],[-79.878887,-2.017724],[-79.879327,-2.017878],[-79.880101,-2.017975],[-79.880416,-2.018081],[-79.880598,-2.018768],[-79.880723,-2.018922],[-79.880712,-2.019109],[-79.880138,-2.020285],[-79.880137,-2.020431],[-79.880867,-2.021552],[-79.881212,-2.02173],[-79.881369,-2.021938],[-79.881467,-2.022446],[-79.882411,-2.022856],[-79.882596,-2.022873],[-79.882765,-2.022792],[-79.883668,-2.022145],[-79.884164,-2.020801],[-79.884657,-2.020309],[-79.885116,-2.018911],[-79.885985,-2.01797],[-79.886597,-2.017169],[-79.887401,-2.01521],[-79.888056,-2.013243],[-79.888292,-2.012844],[-79.888652,-2.01169],[-79.888725,-2.009864],[-79.888624,-2.00904],[-79.888304,-2.008365],[-79.888121,-2.00818],[-79.887724,-2.007102],[-79.887633,-2.005747],[-79.887358,-2.004761],[-79.88693,-2.003899],[-79.886746,-2.003714],[-79.886348,-2.003621],[-79.88543,-2.003744],[-79.885155,-2.003713],[-79.885124,-2.003251],[-79.885339,-2.002974],[-79.886227,-2.002297],[-79.886469,-2.002],[-79.888545,-2.005211],[-79.88848,-2.005943],[-79.888566,-2.006902],[-79.888743,-2.007369],[-79.888787,-2.007859],[-79.888941,-2.008259],[-79.889073,-2.00915],[-79.889024,-2.009793],[-79.889154,-2.010317],[-79.889414,-2.010867],[-79.88957,-2.011574],[-79.889491,-2.012046],[-79.889517,-2.012439],[-79.889751,-2.013146],[-79.889718,-2.013631],[-79.889486,-2.014093],[-79.889217,-2.014215],[-79.889059,-2.01442],[-79.888919,-2.015074],[-79.888946,-2.015934],[-79.88941,-2.018905],[-79.889206,-2.019631],[-79.88927,-2.020845],[-79.889227,-2.021149],[-79.889033,-2.021582],[-79.88845,-2.022103],[-79.887285,-2.023338],[-79.886337,-2.023771],[-79.885841,-2.023792],[-79.885065,-2.024009],[-79.884569,-2.024008],[-79.88265,-2.024267],[-79.88162,-2.024267],[-79.881226,-2.024529],[-79.880399,-2.02467],[-79.880124,-2.02463],[-79.880443,-2.024247],[-79.880476,-2.023864],[-79.880381,-2.023624],[-79.879914,-2.023326],[-79.87976,-2.023068],[-79.879603,-2.022969],[-79.878795,-2.022805],[-79.878217,-2.022804],[-79.877903,-2.022912],[-79.877458,-2.023433],[-79.877424,-2.023777],[-79.877486,-2.02417],[-79.877714,-2.024491],[-79.878773,-2.025102],[-79.879476,-2.025136],[-79.878448,-2.026101],[-79.878183,-2.026862],[-79.87806,-2.027447],[-79.878024,-2.028085],[-79.878182,-2.028741],[-79.878868,-2.029468],[-79.879145,-2.030076],[-79.879266,-2.030573],[-79.879288,-2.031069],[-79.879094,-2.0315],[-79.879087,-2.032176],[-79.8791,-2.032939],[-79.879279,-2.033751],[-79.879493,-2.034147],[-79.880128,-2.034967],[-79.880619,-2.035465],[-79.881939,-2.036405],[-79.88391,-2.036963],[-79.884145,-2.036866],[-79.884206,-2.036945],[-79.884636,-2.036811],[-79.884901,-2.036429],[-79.885364,-2.036203],[-79.885506,-2.036339],[-79.885759,-2.036432],[-79.885971,-2.036337],[-79.886255,-2.036582],[-79.886527,-2.036566],[-79.88826,-2.036019],[-79.888726,-2.035713],[-79.888886,-2.035519],[-79.88887,-2.035261],[-79.88879,-2.035148],[-79.888325,-2.034873],[-79.888277,-2.034502],[-79.888117,-2.034179],[-79.88746,-2.033823],[-79.88608,-2.033403],[-79.88576,-2.033209],[-79.885299,-2.033289],[-79.885212,-2.033425],[-79.883841,-2.034258],[-79.883647,-2.034563],[-79.882998,-2.034461],[-79.882356,-2.033699],[-79.882245,-2.033319],[-79.8819,-2.03266],[-79.881427,-2.031936],[-79.881308,-2.031158],[-79.880575,-2.029786],[-79.880558,-2.028339],[-79.880992,-2.02738],[-79.883029,-2.026431],[-79.884406,-2.026099],[-79.88507,-2.026174],[-79.885374,-2.026356],[-79.88677,-2.026792],[-79.887015,-2.026797],[-79.887287,-2.026602],[-79.887797,-2.026768],[-79.88798,-2.026617],[-79.888707,-2.026542],[-79.889344,-2.026124],[-79.889773,-2.026032],[-79.889945,-2.025798],[-79.890543,-2.025652],[-79.890809,-2.025518],[-79.891457,-2.025021],[-79.891952,-2.024389],[-79.892104,-2.024026],[-79.892314,-2.023336],[-79.892429,-2.022417],[-79.892696,-2.021862],[-79.892749,-2.020592],[-79.892976,-2.021091],[-79.893542,-2.021495],[-79.894274,-2.021034],[-79.894733,-2.021085],[-79.895256,-2.021446],[-79.895621,-2.022124],[-79.895728,-2.022615],[-79.89552,-2.023011],[-79.895003,-2.023559],[-79.893146,-2.024135],[-79.892384,-2.024607],[-79.891142,-2.026258],[-79.890893,-2.026436],[-79.890767,-2.026409],[-79.890314,-2.026782],[-79.889998,-2.02731],[-79.889734,-2.02806],[-79.889939,-2.028808],[-79.890058,-2.030331],[-79.889759,-2.031105],[-79.889937,-2.031456],[-79.889942,-2.032008],[-79.890111,-2.032389],[-79.890355,-2.032717],[-79.890699,-2.032972],[-79.890988,-2.033045],[-79.891359,-2.033127],[-79.892872,-2.033065],[-79.894532,-2.032481],[-79.894784,-2.032287],[-79.895118,-2.031865],[-79.8973,-2.031515],[-79.898115,-2.031481],[-79.900293,-2.02988],[-79.900994,-2.029897],[-79.901795,-2.029772],[-79.90242,-2.029495],[-79.903196,-2.028867],[-79.903747,-2.028565],[-79.904172,-2.028565],[-79.904648,-2.028314],[-79.905164,-2.028159],[-79.906863,-2.02791],[-79.907135,-2.027637],[-79.907385,-2.027044],[-79.907634,-2.026793],[-79.907884,-2.026702],[-79.90811,-2.026429],[-79.908496,-2.026224],[-79.908781,-2.025963],[-79.909266,-2.026042],[-79.910195,-2.026499],[-79.912486,-2.02745],[-79.913938,-2.02831],[-79.914486,-2.028721],[-79.914754,-2.028849],[-79.915187,-2.028862],[-79.915469,-2.028628],[-79.91665,-2.028225],[-79.917462,-2.02769],[-79.917985,-2.027137],[-79.918119,-2.026847],[-79.91809,-2.026561],[-79.9177,-2.025822],[-79.917056,-2.025328],[-79.916842,-2.025238],[-79.916449,-2.024681],[-79.915846,-2.024339],[-79.915495,-2.024285],[-79.914939,-2.024038],[-79.914748,-2.023717],[-79.91471,-2.023422],[-79.914825,-2.023178],[-79.915488,-2.022833],[-79.916176,-2.022859],[-79.916903,-2.023064],[-79.917948,-2.023116],[-79.918215,-2.022924],[-79.918572,-2.022937],[-79.91977,-2.02272],[-79.920331,-2.022669],[-79.921131,-2.022709],[-79.923478,-2.023267],[-79.924067,-2.023331],[-79.924925,-2.023107],[-79.925595,-2.022403],[-79.925952,-2.022147],[-79.926475,-2.022148],[-79.928131,-2.022546],[-79.928819,-2.022585],[-79.929738,-2.021974],[-79.930299,-2.021814],[-79.929889,-2.031092],[-79.936958,-2.031255],[-79.93662,-2.032119],[-79.936318,-2.032609],[-79.935918,-2.033071],[-79.93519,-2.033687],[-79.933386,-2.034902],[-79.931955,-2.036354],[-79.9307,-2.037851],[-79.929475,-2.039798],[-79.929154,-2.041171],[-79.929236,-2.043056],[-79.929402,-2.044002],[-79.93033,-2.045578],[-79.931166,-2.046502],[-79.932021,-2.047042],[-79.932903,-2.047382],[-79.934632,-2.047608],[-79.936222,-2.047678],[-79.937005,-2.047929],[-79.937905,-2.048354],[-79.938393,-2.048964],[-79.938336,-2.050089],[-79.937844,-2.052829],[-79.937559,-2.055436],[-79.937515,-2.058687],[-79.937274,-2.060956],[-79.936924,-2.062215],[-79.936556,-2.062955],[-79.936128,-2.063469],[-79.935495,-2.06379],[-79.933967,-2.063918],[-79.932929,-2.063813],[-79.931938,-2.06361],[-79.931668,-2.063625],[-79.930745,-2.063374],[-79.930321,-2.063367],[-79.928463,-2.0628],[-79.92812,-2.062553],[-79.926924,-2.062132],[-79.926408,-2.061808],[-79.925681,-2.061503],[-79.92591,-2.060543],[-79.925934,-2.060094],[-79.925763,-2.059565],[-79.925513,-2.059257],[-79.924962,-2.058964],[-79.922755,-2.058882],[-79.92188,-2.058553],[-79.921086,-2.057865],[-79.913451,-2.050534],[-79.912635,-2.049878],[-79.91168,-2.049306],[-79.910154,-2.048777],[-79.909258,-2.048632],[-79.908271,-2.048599],[-79.906934,-2.048771],[-79.904073,-2.049709],[-79.903735,-2.048876],[-79.902915,-2.047619],[-79.901968,-2.046889],[-79.90228,-2.046706],[-79.902785,-2.046559],[-79.903326,-2.046641],[-79.903386,-2.046756],[-79.903982,-2.046763],[-79.904443,-2.046479],[-79.904572,-2.046238],[-79.904971,-2.046029],[-79.905094,-2.045893],[-79.905346,-2.044689],[-79.905967,-2.042781],[-79.90625,-2.042226],[-79.90648,-2.04208],[-79.906774,-2.04208],[-79.906947,-2.042202],[-79.907241,-2.042167],[-79.907622,-2.041593],[-79.907795,-2.041645],[-79.908261,-2.043143],[-79.908967,-2.044344],[-79.909638,-2.045216],[-79.909988,-2.045432],[-79.910611,-2.045393],[-79.91115,-2.0456],[-79.911427,-2.045618],[-79.9116,-2.045548],[-79.911877,-2.044922],[-79.911791,-2.044643],[-79.911826,-2.043964],[-79.911878,-2.043633],[-79.912069,-2.043215],[-79.912069,-2.042989],[-79.911792,-2.042832],[-79.911619,-2.042623],[-79.911585,-2.042414],[-79.911671,-2.042275],[-79.911902,-2.04211],[-79.912889,-2.041809],[-79.913235,-2.041358],[-79.91344,-2.040588],[-79.913575,-2.040489],[-79.914128,-2.040425],[-79.914546,-2.040525],[-79.91483,-2.040811],[-79.915439,-2.041182],[-79.915659,-2.041196],[-79.915829,-2.041047],[-79.916021,-2.040305],[-79.91646,-2.039973],[-79.916576,-2.03968],[-79.916203,-2.036538],[-79.916034,-2.035865],[-79.915792,-2.035341],[-79.91513,-2.034651],[-79.91327,-2.033184],[-79.912418,-2.032214],[-79.911497,-2.030808],[-79.90943,-2.029856],[-79.907156,-2.029461],[-79.905933,-2.028966],[-79.904492,-2.029137],[-79.902659,-2.03005],[-79.902008,-2.030276],[-79.901754,-2.030796],[-79.901792,-2.031147],[-79.901231,-2.03182],[-79.899656,-2.033081],[-79.899323,-2.033188],[-79.898622,-2.033614],[-79.898296,-2.033908],[-79.898133,-2.034236],[-79.898037,-2.034818],[-79.897362,-2.03508],[-79.894073,-2.034775],[-79.891586,-2.034153],[-79.890142,-2.037564],[-79.890429,-2.037626],[-79.891653,-2.038229],[-79.890284,-2.041225],[-79.889614,-2.04292],[-79.888465,-2.045497],[-79.888088,-2.045931],[-79.88756,-2.047308],[-79.886632,-2.04938],[-79.886198,-2.050109],[-79.886151,-2.050675],[-79.885052,-2.050932],[-79.883041,-2.051865],[-79.882624,-2.051401],[-79.882546,-2.050994],[-79.882685,-2.050864],[-79.883187,-2.050775],[-79.883567,-2.050342],[-79.88318,-2.050139],[-79.883498,-2.049284],[-79.882787,-2.04929],[-79.881815,-2.049554],[-79.881327,-2.049554],[-79.880665,-2.049808],[-79.88049,-2.049475],[-79.880255,-2.049337],[-79.880207,-2.04873],[-79.879985,-2.048729],[-79.87975,-2.048446],[-79.879662,-2.048115],[-79.87942,-2.048114],[-79.879513,-2.048593],[-79.879367,-2.048739],[-79.879209,-2.048805],[-79.879092,-2.048746],[-79.878779,-2.048961],[-79.878773,-2.04911],[-79.8781,-2.049309],[-79.878084,-2.049208],[-79.876787,-2.049139],[-79.875696,-2.049256],[-79.87552,-2.049217],[-79.875423,-2.049001],[-79.874542,-2.049016],[-79.871671,-2.048666],[-79.871423,-2.048763],[-79.871169,-2.048968],[-79.870665,-2.049047]],[[-79.863183,-2.010888],[-79.863111,-2.011316],[-79.863135,-2.011673],[-79.862969,-2.011982],[-79.862993,-2.01222],[-79.863182,-2.012243],[-79.863347,-2.012077],[-79.863631,-2.011507],[-79.864057,-2.010984],[-79.864105,-2.01077],[-79.864058,-2.010389],[-79.864176,-2.010033],[-79.864578,-2.009747],[-79.865326,-2.008543],[-79.86527,-2.008048],[-79.865415,-2.007845],[-79.865447,-2.00742],[-79.865277,-2.00709],[-79.864769,-2.006965],[-79.864509,-2.006775],[-79.864367,-2.006751],[-79.864131,-2.006822],[-79.864013,-2.007131],[-79.8638,-2.007345],[-79.863776,-2.007607],[-79.86361,-2.007773],[-79.862972,-2.007654],[-79.862381,-2.007891],[-79.862263,-2.008081],[-79.86179,-2.008009],[-79.861743,-2.008271],[-79.861884,-2.008675],[-79.862168,-2.008771],[-79.862262,-2.008937],[-79.862356,-2.010198],[-79.862474,-2.010602],[-79.862663,-2.010555],[-79.862687,-2.009984],[-79.862545,-2.009508],[-79.862687,-2.009342],[-79.862853,-2.009604],[-79.863585,-2.010103],[-79.863632,-2.010389],[-79.863514,-2.010674],[-79.863254,-2.010674],[-79.863183,-2.010888]],[[-79.869924,-1.992512],[-79.870085,-1.992564],[-79.870551,-1.990755],[-79.871151,-1.990726],[-79.871524,-1.990784],[-79.872248,-1.991304],[-79.872878,-1.991535],[-79.873395,-1.991312],[-79.874062,-1.990743],[-79.874227,-1.990267],[-79.874249,-1.989971],[-79.874396,-1.989739],[-79.874801,-1.989553],[-79.876994,-1.989439],[-79.877138,-1.98905],[-79.877504,-1.988884],[-79.877519,-1.987668],[-79.877316,-1.987347],[-79.876755,-1.987424],[-79.876105,-1.98718],[-79.875035,-1.987141],[-79.873888,-1.986832],[-79.873404,-1.986832],[-79.873199,-1.987088],[-79.872919,-1.987267],[-79.871746,-1.987561],[-79.870905,-1.987958],[-79.870551,-1.988367],[-79.870112,-1.989759],[-79.870162,-1.990148],[-79.870292,-1.990356],[-79.869396,-1.989911],[-79.869413,-1.989868],[-79.869321,-1.989877],[-79.868464,-1.992152],[-79.869132,-1.992506],[-79.869189,-1.992276],[-79.869924,-1.992512]],[[-79.922298,-2.028941],[-79.921595,-2.02906],[-79.921441,-2.029229],[-79.921011,-2.029414],[-79.920978,-2.029777],[-79.921212,-2.030052],[-79.921267,-2.030297],[-79.921945,-2.030888],[-79.92254,-2.031141],[-79.922902,-2.031206],[-79.923492,-2.031058],[-79.92374,-2.030859],[-79.923883,-2.030627],[-79.923862,-2.029831],[-79.923773,-2.029546],[-79.922853,-2.028978],[-79.922298,-2.028941]],[[-79.930963,-2.036709],[-79.931319,-2.03653],[-79.931476,-2.036361],[-79.931748,-2.035851],[-79.931817,-2.035123],[-79.93175,-2.033931],[-79.931468,-2.033511],[-79.930677,-2.03277],[-79.930516,-2.032378],[-79.930107,-2.031855],[-79.929886,-2.031701],[-79.929432,-2.03154],[-79.928401,-2.031873],[-79.927842,-2.031699],[-79.92767,-2.031724],[-79.927449,-2.032033],[-79.926952,-2.032347],[-79.926872,-2.032693],[-79.927062,-2.033638],[-79.927331,-2.034008],[-79.927533,-2.034682],[-79.928202,-2.035374],[-79.928533,-2.035534],[-79.929245,-2.0363],[-79.929803,-2.036443],[-79.930552,-2.036771],[-79.930963,-2.036709]],[[-79.926924,-2.036757],[-79.926769,-2.036444],[-79.925518,-2.035251],[-79.925158,-2.035006],[-79.924879,-2.034656],[-79.924471,-2.034352],[-79.923736,-2.034353],[-79.921689,-2.034749],[-79.920933,-2.035091],[-79.920161,-2.035267],[-79.919828,-2.035458],[-79.91935,-2.035976],[-79.919149,-2.036355],[-79.918884,-2.03729],[-79.91862,-2.037631],[-79.918682,-2.038857],[-79.918443,-2.039527],[-79.918468,-2.040133],[-79.918725,-2.040698],[-79.918648,-2.041093],[-79.919036,-2.043258],[-79.919625,-2.044653],[-79.919682,-2.045378],[-79.91982,-2.046028],[-79.920131,-2.046671],[-79.920752,-2.047239],[-79.920949,-2.047544],[-79.921067,-2.049088],[-79.920995,-2.049694],[-79.920897,-2.049949],[-79.920733,-2.050163],[-79.920119,-2.050376],[-79.919653,-2.050639],[-79.919481,-2.050878],[-79.919235,-2.051561],[-79.919316,-2.051899],[-79.919632,-2.052092],[-79.921159,-2.053655],[-79.921214,-2.054137],[-79.920538,-2.055165],[-79.920382,-2.055142],[-79.920195,-2.054899],[-79.919881,-2.054742],[-79.91956,-2.054935],[-79.919503,-2.05524],[-79.920124,-2.056047],[-79.920443,-2.056344],[-79.92059,-2.056929],[-79.920771,-2.057261],[-79.92184,-2.058271],[-79.922429,-2.058557],[-79.923225,-2.0587],[-79.923956,-2.058701],[-79.924357,-2.058601],[-79.92491,-2.058217],[-79.925542,-2.057996],[-79.926341,-2.057416],[-79.926956,-2.056463],[-79.927028,-2.055864],[-79.927005,-2.055197],[-79.92748,-2.054267],[-79.928282,-2.053411],[-79.928782,-2.053206],[-79.929007,-2.053007],[-79.929203,-2.052343],[-79.929326,-2.052185],[-79.92974,-2.052082],[-79.930157,-2.050615],[-79.930143,-2.049724],[-79.929703,-2.048603],[-79.929632,-2.048546],[-79.92944,-2.0486],[-79.929231,-2.048781],[-79.929053,-2.048715],[-79.928974,-2.048585],[-79.929145,-2.04773],[-79.928973,-2.047216],[-79.928878,-2.046271],[-79.92853,-2.045981],[-79.928322,-2.045492],[-79.928284,-2.044944],[-79.928342,-2.044329],[-79.928474,-2.043989],[-79.928181,-2.043109],[-79.928145,-2.04276],[-79.927807,-2.042086],[-79.927828,-2.041116],[-79.927609,-2.040616],[-79.927688,-2.040089],[-79.927778,-2.039916],[-79.927721,-2.038759],[-79.92721,-2.037754],[-79.926924,-2.036757]]]},"properties":{"OBJECTID":26844,"dpa_parroq":"090650","dpa_despar":"DAULE","dpa_canton":"0906","dpa_descan":"DAULE","dpa_provin":"09","dpa_despro":"GUAYAS","dpa_anio":" ","txt":" ","fcode":" ","fcode_1":" ","descr":"AREA QUE PRESENTA CONDICIONES POTENCIALES PARA LA OCURRENCIA O NO DE UNA AMENAZA A INUNDACION","umo":"NIVEL PLANO","pen":"PLANA","txs":"ARCILLOSO","ttd":"ARCILLOSO","ith":0,"sui":"ALTA","sce":0,"st_area_sh":22496439.8788,"st_length_":85270.4403717,"anno":2025,"name":"DAULE"}},{"type":"Feature","id":26845,"geometry":{"type":"Polygon","coordinates":[[[-79.996965,-1.929342],[-79.994948,-1.929132],[-79.994692,-1.928973],[-79.994417,-1.928606],[-79.994279,-1.927953],[-79.99426,-1.927467],[-79.994555,-1.927091],[-79.995383,-1.926536],[-79.996058,-1.926469],[-79.997222,-1.926655],[-79.99778,-1.927076],[-79.997643,-1.927828],[-79.997655,-1.929237],[-79.997202,-1.929367],[-79.996965,-1.929342]]]},"properties":{"OBJECTID":26845,"dpa_parroq":"090650","dpa_despar":"DAULE","dpa_canton":"0906","dpa_descan":"DAULE","dpa_provin":"09","dpa_despro":"GUAYAS","dpa_anio":" ","txt":" ","fcode":" ","fcode_1":" ","descr":"AREA QUE PRESENTA CONDICIONES POTENCIALES PARA LA OCURRENCIA O NO DE UNA AMENAZA A INUNDACION","umo":"NIVEL PLANO","pen":"PLANA","txs":"ARCILLOSO","ttd":"ARCILLOSO","ith":0,"sui":"ALTA","sce":0,"st_area_sh":102764.421412,"st_length_":1204.31960939,"anno":2025,"name":"DAULE"}},{"type":"Feature","id":26846,"geometry":{"type":"Polygon","coordinates":[[[-80.008545,-1.876559],[-80.007839,-1.876131],[-80.007966,-1.875781],[-80.00723,-1.875718],[-80.007144,-1.8756],[-80.0077,-1.874986],[-80.00817,-1.875038],[-80.008156,-1.875242],[-80.008555,-1.875403],[-80.008728,-1.875577],[-80.008742,-1.875765],[-80.008928,-1.875886],[-80.008968,-1.876087],[-80.009394,-1.876368],[-80.009447,-1.876489],[-80.009327,-1.876596],[-80.009373,-1.876712],[-80.009551,-1.876613],[-80.009607,-1.876475],[-80.009908,-1.876384],[-80.010047,-1.877011],[-80.009921,-1.877365],[-80.009867,-1.877436],[-80.009612,-1.877171],[-80.009158,-1.877104],[-80.009014,-1.8769],[-80.008545,-1.876559]]]},"properties":{"OBJECTID":26846,"dpa_parroq":"090650","dpa_despar":"DAULE","dpa_canton":"0906","dpa_descan":"DAULE","dpa_provin":"09","dpa_despro":"GUAYAS","dpa_anio":" ","txt":" ","fcode":" ","fcode_1":" ","descr":"AREA QUE PRESENTA CONDICIONES POTENCIALES PARA LA OCURRENCIA O NO DE UNA AMENAZA A INUNDACION","umo":"NIVEL PLANO","pen":"PLANA","txs":"ARCILLOSO","ttd":"ARCILLOSO","ith":0,"sui":"ALTA","sce":0,"st_area_sh":29251.3061564,"st_length_":1024.44223759,"anno":2025,"name":"DAULE"}},{"type":"Feature","id":26847,"geometry":{"type":"Polygon","coordinates":[[[-79.920269,-1.90226],[-79.920345,-1.902161],[-79.920347,-1.901767],[-79.920537,-1.901614],[-79.921187,-1.901406],[-79.921223,-1.901193],[-79.921109,-1.900963],[-79.920747,-1.900791],[-79.920652,-1.900638],[-79.920652,-1.900465],[-79.920728,-1.90037],[-79.9209,-1.900331],[-79.921508,-1.900351],[-79.921699,-1.900428],[-79.922117,-1.900811],[-79.923049,-1.901309],[-79.923677,-1.902018],[-79.924457,-1.902287],[-79.924837,-1.903148],[-79.924856,-1.903436],[-79.925122,-1.9038],[-79.926663,-1.903781],[-79.926853,-1.903916],[-79.926948,-1.904107],[-79.92712,-1.904203],[-79.927291,-1.904203],[-79.927481,-1.904184],[-79.927615,-1.904012],[-79.927367,-1.903571],[-79.927368,-1.903437],[-79.92752,-1.903284],[-79.93144,-1.90231],[-79.932621,-1.901851],[-79.933667,-1.901584],[-79.933957,-1.901756],[-79.934292,-1.902389],[-79.934931,-1.902749],[-79.935189,-1.903015],[-79.935542,-1.903811],[-79.935544,-1.904215],[-79.935456,-1.904489],[-79.934942,-1.905027],[-79.934461,-1.905779],[-79.934339,-1.907825],[-79.920498,-1.912891],[-79.920739,-1.91247],[-79.920745,-1.912223],[-79.920457,-1.911785],[-79.920011,-1.91162],[-79.919908,-1.909764],[-79.920017,-1.909655],[-79.921313,-1.90913],[-79.922287,-1.909021],[-79.922342,-1.908818],[-79.922195,-1.908637],[-79.921406,-1.908484],[-79.921221,-1.907958],[-79.921014,-1.907618],[-79.920661,-1.907738],[-79.920388,-1.907738],[-79.92016,-1.907546],[-79.919573,-1.906774],[-79.919029,-1.905854],[-79.918149,-1.904046],[-79.919152,-1.903578],[-79.919161,-1.903397],[-79.918954,-1.903198],[-79.918784,-1.903144],[-79.918298,-1.903198],[-79.918218,-1.902953],[-79.918198,-1.902488],[-79.91824,-1.902187],[-79.918346,-1.902067],[-79.918875,-1.901929],[-79.918951,-1.901817],[-79.919367,-1.901745],[-79.919935,-1.902207],[-79.920269,-1.90226]]]},"properties":{"OBJECTID":26847,"dpa_parroq":"090650","dpa_despar":"DAULE","dpa_canton":"0906","dpa_descan":"DAULE","dpa_provin":"09","dpa_despro":"GUAYAS","dpa_anio":" ","txt":" ","fcode":" ","fcode_1":" ","descr":"AREA QUE PRESENTA CONDICIONES POTENCIALES PARA LA OCURRENCIA O NO DE UNA AMENAZA A INUNDACION","umo":"NIVEL ONDULADO CON PRESENCIA DE AGUA / NIVEL PLANO","pen":"PLANA","txs":"ARCILLOSO","ttd":"ARCILLOSO","ith":0,"sui":"ALTA","sce":0,"st_area_sh":1497712.68351,"st_length_":6651.42022123,"anno":2025,"name":"DAULE"}},{"type":"Feature","id":26848,"geometry":{"type":"Polygon","coordinates":[[[-79.944296,-1.882288],[-79.945214,-1.881886],[-79.945742,-1.881565],[-79.946194,-1.881225],[-79.946704,-1.880703],[-79.947301,-1.880348],[-79.948879,-1.879844],[-79.948983,-1.879846],[-79.94921,-1.88023],[-79.949327,-1.880627],[-79.949404,-1.881434],[-79.949405,-1.882167],[-79.949326,-1.882545],[-79.948933,-1.882771],[-79.946269,-1.883904],[-79.945336,-1.884372],[-79.945297,-1.884452],[-79.945369,-1.88478],[-79.945576,-1.88519],[-79.945626,-1.886128],[-79.946008,-1.886658],[-79.946178,-1.88708],[-79.946266,-1.88788],[-79.946213,-1.888488],[-79.945721,-1.889054],[-79.94548,-1.889224],[-79.945086,-1.88997],[-79.945352,-1.890696],[-79.945349,-1.891525],[-79.945442,-1.892215],[-79.945674,-1.892792],[-79.945688,-1.893267],[-79.946036,-1.893804],[-79.945951,-1.894362],[-79.946005,-1.894966],[-79.945736,-1.895572],[-79.945737,-1.895867],[-79.945886,-1.896101],[-79.946208,-1.896383],[-79.946578,-1.896917],[-79.950938,-1.896437],[-79.951028,-1.896457],[-79.951228,-1.89696],[-79.951617,-1.897614],[-79.951708,-1.89772],[-79.951796,-1.897687],[-79.951735,-1.8983],[-79.952053,-1.898748],[-79.952052,-1.899665],[-79.951544,-1.900048],[-79.950929,-1.900879],[-79.950441,-1.901327],[-79.949423,-1.901923],[-79.949339,-1.902136],[-79.949953,-1.902179],[-79.950207,-1.902328],[-79.950419,-1.902329],[-79.950525,-1.902222],[-79.950525,-1.901945],[-79.951077,-1.90137],[-79.951882,-1.900666],[-79.952306,-1.900411],[-79.952667,-1.900027],[-79.953006,-1.898898],[-79.953007,-1.898556],[-79.953155,-1.898258],[-79.953685,-1.897981],[-79.954299,-1.897982],[-79.954373,-1.89792],[-79.954389,-1.898599],[-79.954289,-1.899068],[-79.954089,-1.899469],[-79.953157,-1.900104],[-79.952791,-1.900472],[-79.952292,-1.901242],[-79.952025,-1.90151],[-79.951326,-1.902614],[-79.951293,-1.903283],[-79.951525,-1.903384],[-79.951858,-1.903384],[-79.952457,-1.90325],[-79.953355,-1.902682],[-79.954387,-1.901578],[-79.95472,-1.901377],[-79.955286,-1.901378],[-79.957311,-1.902506],[-79.958696,-1.903548],[-79.960521,-1.904442],[-79.961123,-1.905191],[-79.96117,-1.908257],[-79.961115,-1.909178],[-79.960955,-1.91013],[-79.960842,-1.910297],[-79.96065,-1.910402],[-79.96031,-1.910473],[-79.95948,-1.911176],[-79.958628,-1.91218],[-79.957681,-1.914783],[-79.957359,-1.916319],[-79.957126,-1.918542],[-79.956646,-1.918555],[-79.956366,-1.918435],[-79.956153,-1.918475],[-79.95454,-1.920859],[-79.952914,-1.9224],[-79.952464,-1.922933],[-79.95186,-1.92445],[-79.949813,-1.925345],[-79.949687,-1.925225],[-79.948994,-1.924922],[-79.948866,-1.92463],[-79.948866,-1.92448],[-79.949237,-1.923597],[-79.949239,-1.923338],[-79.949072,-1.922958],[-79.94879,-1.922712],[-79.947897,-1.922472],[-79.947433,-1.922116],[-79.946704,-1.921716],[-79.946537,-1.921524],[-79.946515,-1.921313],[-79.946981,-1.920777],[-79.947228,-1.920127],[-79.947264,-1.919019],[-79.947578,-1.918128],[-79.947606,-1.916888],[-79.947969,-1.915386],[-79.94796,-1.914747],[-79.947679,-1.914106],[-79.947575,-1.913617],[-79.947114,-1.913222],[-79.946529,-1.913144],[-79.946242,-1.912999],[-79.94609,-1.912706],[-79.945994,-1.91221],[-79.945554,-1.911364],[-79.945268,-1.911085],[-79.944779,-1.910864],[-79.944154,-1.91084],[-79.943607,-1.910704],[-79.943371,-1.910394],[-79.943323,-1.910219],[-79.94338,-1.909392],[-79.943563,-1.908525],[-79.944236,-1.906751],[-79.943997,-1.905311],[-79.944602,-1.904563],[-79.945382,-1.903279],[-79.946019,-1.902715],[-79.946156,-1.902029],[-79.946131,-1.901726],[-79.945599,-1.90146],[-79.944891,-1.901494],[-79.94472,-1.901282],[-79.944643,-1.900621],[-79.944353,-1.900327],[-79.944078,-1.9003],[-79.943375,-1.900481],[-79.942851,-1.90035],[-79.941548,-1.899262],[-79.940993,-1.898658],[-79.940628,-1.898456],[-79.939965,-1.898476],[-79.938903,-1.898787],[-79.938575,-1.898657],[-79.938407,-1.898364],[-79.938288,-1.897627],[-79.937965,-1.897144],[-79.936272,-1.896024],[-79.936006,-1.895916],[-79.935302,-1.895961],[-79.935113,-1.895833],[-79.934714,-1.895096],[-79.934516,-1.894231],[-79.934469,-1.893272],[-79.934656,-1.892461],[-79.934959,-1.891793],[-79.935889,-1.890394],[-79.935963,-1.890416],[-79.936109,-1.890166],[-79.936492,-1.889003],[-79.936645,-1.888165],[-79.936746,-1.888104],[-79.937152,-1.888169],[-79.937509,-1.887247],[-79.938327,-1.887415],[-79.938363,-1.887249],[-79.938801,-1.887182],[-79.939478,-1.886895],[-79.939466,-1.886813],[-79.939377,-1.88684],[-79.939261,-1.886723],[-79.939001,-1.886912],[-79.938876,-1.886903],[-79.938795,-1.88702],[-79.938607,-1.887029],[-79.938554,-1.887173],[-79.93841,-1.887154],[-79.938137,-1.886975],[-79.937899,-1.886255],[-79.937662,-1.886141],[-79.938367,-1.885443],[-79.938776,-1.884926],[-79.939456,-1.883409],[-79.939697,-1.883076],[-79.940297,-1.882643],[-79.941,-1.88246],[-79.942509,-1.88176],[-79.942966,-1.881781],[-79.94355,-1.882123],[-79.943933,-1.882261],[-79.944296,-1.882288]]]},"properties":{"OBJECTID":26848,"dpa_parroq":"090650","dpa_despar":"DAULE","dpa_canton":"0906","dpa_descan":"DAULE","dpa_provin":"09","dpa_despro":"GUAYAS","dpa_anio":" ","txt":" ","fcode":" ","fcode_1":" ","descr":"AREA QUE PRESENTA CONDICIONES POTENCIALES PARA LA OCURRENCIA O NO DE UNA AMENAZA A INUNDACION","umo":"NIVEL ONDULADO CON PRESENCIA DE AGUA / NIVEL PLANO","pen":"PLANA","txs":"ARCILLOSO","ttd":"ARCILLOSO","ith":0,"sui":"ALTA","sce":0,"st_area_sh":5629314.49341,"st_length_":17390.87533,"anno":2025,"name":"DAULE"}},{"type":"Feature","id":26849,"geometry":{"type":"Polygon","coordinates":[[[-79.950555,-1.931327],[-79.95075,-1.931216],[-79.952712,-1.931],[-79.953213,-1.931702],[-79.953896,-1.932101],[-79.954387,-1.932175],[-79.95479,-1.932123],[-79.955193,-1.932221],[-79.955455,-1.932379],[-79.955256,-1.932679],[-79.955167,-1.933189],[-79.955293,-1.934472],[-79.955441,-1.934988],[-79.955614,-1.935253],[-79.956415,-1.935104],[-79.956492,-1.935147],[-79.956567,-1.935511],[-79.956484,-1.935879],[-79.956274,-1.936131],[-79.956285,-1.936997],[-79.955989,-1.938452],[-79.95601,-1.939124],[-79.956185,-1.939664],[-79.955774,-1.939932],[-79.955168,-1.940038],[-79.954726,-1.940364],[-79.954631,-1.941208],[-79.954918,-1.942236],[-79.954428,-1.942275],[-79.953182,-1.942624],[-79.952322,-1.942428],[-79.952062,-1.942254],[-79.95182,-1.941943],[-79.95134,-1.94084],[-79.950758,-1.940494],[-79.950643,-1.940229],[-79.950422,-1.940167],[-79.95052,-1.939309],[-79.950744,-1.939647],[-79.950991,-1.939715],[-79.951045,-1.94006],[-79.951473,-1.940004],[-79.951835,-1.939841],[-79.951925,-1.939532],[-79.951923,-1.938847],[-79.952247,-1.938551],[-79.953063,-1.93832],[-79.95325,-1.938111],[-79.953401,-1.938099],[-79.953603,-1.937967],[-79.954105,-1.937434],[-79.954491,-1.937602],[-79.954624,-1.937745],[-79.9547,-1.938003],[-79.955011,-1.937833],[-79.955085,-1.937512],[-79.954902,-1.937421],[-79.954458,-1.93699],[-79.954495,-1.936848],[-79.954864,-1.936812],[-79.954903,-1.936655],[-79.954641,-1.936525],[-79.954452,-1.936547],[-79.954246,-1.936388],[-79.953974,-1.936423],[-79.953945,-1.935838],[-79.954032,-1.935636],[-79.953942,-1.935428],[-79.95376,-1.935303],[-79.953643,-1.935321],[-79.953119,-1.935599],[-79.952883,-1.935439],[-79.952815,-1.935062],[-79.952938,-1.934772],[-79.953445,-1.934837],[-79.953602,-1.934731],[-79.953726,-1.934332],[-79.95372,-1.933934],[-79.953605,-1.933622],[-79.952575,-1.933768],[-79.952453,-1.933857],[-79.952417,-1.933994],[-79.952166,-1.934117],[-79.951799,-1.933919],[-79.951166,-1.934021],[-79.950341,-1.934397],[-79.950127,-1.93457],[-79.949997,-1.9348],[-79.949961,-1.933958],[-79.950088,-1.933579],[-79.95008,-1.933242],[-79.949865,-1.932383],[-79.94986,-1.932023],[-79.949964,-1.931641],[-79.950084,-1.931471],[-79.950347,-1.931278],[-79.950555,-1.931327]]]},"properties":{"OBJECTID":26849,"dpa_parroq":"090650","dpa_despar":"DAULE","dpa_canton":"0906","dpa_descan":"DAULE","dpa_provin":"09","dpa_despro":"GUAYAS","dpa_anio":" ","txt":" ","fcode":" ","fcode_1":" ","descr":"AREA QUE PRESENTA CONDICIONES POTENCIALES PARA LA OCURRENCIA O NO DE UNA AMENAZA A INUNDACION","umo":"NIVEL ONDULADO CON PRESENCIA DE AGUA / NIVEL PLANO","pen":"PLANA","txs":"ARCILLOSO","ttd":"FRANCO ARCILLOSO","ith":0,"sui":"ALTA","sce":0,"st_area_sh":459501.037494,"st_length_":5186.83427172,"anno":2025,"name":"DAULE"}},{"type":"Feature","id":26850,"geometry":{"type":"Polygon","coordinates":[[[-79.870404,-2.060929],[-79.87056,-2.060866],[-79.870486,-2.060923],[-79.870404,-2.060929]]]},"properties":{"OBJECTID":26850,"dpa_parroq":"090650","dpa_despar":"DAULE","dpa_canton":"0906","dpa_descan":"DAULE","dpa_provin":"09","dpa_despro":"GUAYAS","dpa_anio":" ","txt":" ","fcode":" ","fcode_1":" ","descr":"AREA QUE PRESENTA CONDICIONES POTENCIALES PARA LA OCURRENCIA O NO DE UNA AMENAZA A INUNDACION","umo":"NIVEL PLANO","pen":"PLANA","txs":"ARCILLOSO","ttd":"ARCILLOSO","ith":0,"sui":"ALTA","sce":0,"st_area_sh":26.61286065,"st_length_":38.1306542178,"anno":2025,"name":"DAULE"}},{"type":"Feature","id":26851,"geometry":{"type":"Polygon","coordinates":[[[-79.870076,-2.060797],[-79.869957,-2.060735],[-79.870124,-2.060818],[-79.870076,-2.060797]]]},"properties":{"OBJECTID":26851,"dpa_parroq":"090650","dpa_despar":"DAULE","dpa_canton":"0906","dpa_descan":"DAULE","dpa_provin":"09","dpa_despro":"GUAYAS","dpa_anio":" ","txt":" ","fcode":" ","fcode_1":" ","descr":"AREA QUE PRESENTA CONDICIONES POTENCIALES PARA LA OCURRENCIA O NO DE UNA AMENAZA A INUNDACION","umo":"NIVEL PLANO","pen":"PLANA","txs":"ARCILLOSO","ttd":"ARCILLOSO","ith":0,"sui":"ALTA","sce":0,"st_area_sh":2.38549276,"st_length_":41.3915067403,"anno":2025,"name":"DAULE"}},{"type":"Feature","id":26852,"geometry":{"type":"Polygon","coordinates":[[[-79.868725,-2.059331],[-79.869014,-2.059386],[-79.869524,-2.059871],[-79.869752,-2.060296],[-79.869804,-2.060654],[-79.869698,-2.060259],[-79.869451,-2.059838],[-79.86899,-2.059391],[-79.868497,-2.059406],[-79.868725,-2.059331]]]},"properties":{"OBJECTID":26852,"dpa_parroq":"090650","dpa_despar":"DAULE","dpa_canton":"0906","dpa_descan":"DAULE","dpa_provin":"09","dpa_despro":"GUAYAS","dpa_anio":" ","txt":" ","fcode":" ","fcode_1":" ","descr":"AREA QUE PRESENTA CONDICIONES POTENCIALES PARA LA OCURRENCIA O NO DE UNA AMENAZA A INUNDACION","umo":"NIVEL PLANO","pen":"PLANA","txs":"ARCILLOSO","ttd":"ARCILLOSO","ith":0,"sui":"ALTA","sce":0,"st_area_sh":742.737646235,"st_length_":456.145086983,"anno":2025,"name":"DAULE"}},{"type":"Feature","id":26853,"geometry":{"type":"Polygon","coordinates":[[[-79.868207,-2.059423],[-79.868009,-2.059108],[-79.868245,-2.059416],[-79.86832,-2.059428],[-79.868207,-2.059423]]]},"properties":{"OBJECTID":26853,"dpa_parroq":"090650","dpa_despar":"DAULE","dpa_canton":"0906","dpa_descan":"DAULE","dpa_provin":"09","dpa_despro":"GUAYAS","dpa_anio":" ","txt":" ","fcode":" ","fcode_1":" ","descr":"AREA QUE PRESENTA CONDICIONES POTENCIALES PARA LA OCURRENCIA O NO DE UNA AMENAZA A INUNDACION","umo":"NIVEL PLANO","pen":"PLANA","txs":"ARCILLOSO","ttd":"ARCILLOSO","ith":0,"sui":"ALTA","sce":0,"st_area_sh":87.06481508,"st_length_":105.219547442,"anno":2025,"name":"DAULE"}},{"type":"Feature","id":26854,"geometry":{"type":"MultiPolygon","coordinates":[[[[-79.866512,-2.058631],[-79.865948,-2.058722],[-79.865623,-2.058582],[-79.86547,-2.058464],[-79.865409,-2.05813],[-79.865841,-2.058595],[-79.866512,-2.058631]]],[[[-79.866842,-2.058648],[-79.866913,-2.058385],[-79.86771,-2.058943],[-79.867199,-2.058595],[-79.867042,-2.05874],[-79.866905,-2.058768],[-79.86653,-2.058632],[-79.866842,-2.058648]]],[[[-79.86653,-2.058632],[-79.866512,-2.058631],[-79.866523,-2.058629],[-79.86653,-2.058632]]]]},"properties":{"OBJECTID":26854,"dpa_parroq":"090650","dpa_despar":"DAULE","dpa_canton":"0906","dpa_descan":"DAULE","dpa_provin":"09","dpa_despro":"GUAYAS","dpa_anio":" ","txt":" ","fcode":" ","fcode_1":" ","descr":"AREA QUE PRESENTA CONDICIONES POTENCIALES PARA LA OCURRENCIA O NO DE UNA AMENAZA A INUNDACION","umo":"NIVEL PLANO","pen":"PLANA","txs":"ARCILLOSO","ttd":"ARCILLOSO","ith":0,"sui":"ALTA","sce":0,"st_area_sh":2723.52728305,"st_length_":636.126710961,"anno":2025,"name":"DAULE"}},{"type":"Feature","id":26855,"geometry":{"type":"Polygon","coordinates":[[[-79.870665,-2.049047],[-79.8708,-2.050071],[-79.875392,-2.050303],[-79.875673,-2.050237],[-79.877618,-2.052532],[-79.874397,-2.054516],[-79.873635,-2.054812],[-79.872418,-2.055148],[-79.872152,-2.055268],[-79.871762,-2.055594],[-79.8715,-2.055627],[-79.871556,-2.056185],[-79.866817,-2.055706],[-79.865652,-2.055834],[-79.865488,-2.055048],[-79.864968,-2.054175],[-79.864067,-2.053411],[-79.863955,-2.053232],[-79.863978,-2.052071],[-79.864126,-2.052063],[-79.864187,-2.051813],[-79.864248,-2.050555],[-79.864169,-2.050324],[-79.863564,-2.049511],[-79.865086,-2.049278],[-79.865367,-2.049094],[-79.865551,-2.049137],[-79.869151,-2.048444],[-79.869302,-2.048983],[-79.869506,-2.04893],[-79.869467,-2.04881],[-79.869672,-2.04874],[-79.869852,-2.04938],[-79.870665,-2.049047]]]},"properties":{"OBJECTID":26855,"dpa_parroq":"090650","dpa_despar":"DAULE","dpa_canton":"0906","dpa_descan":"DAULE","dpa_provin":"09","dpa_despro":"GUAYAS","dpa_anio":" ","txt":" ","fcode":" ","fcode_1":" ","descr":"AREA QUE PRESENTA CONDICIONES POTENCIALES PARA LA OCURRENCIA O NO DE UNA AMENAZA A INUNDACION","umo":"NIVEL PLANO","pen":"PLANA","txs":"ARCILLOSO","ttd":"ARCILLOSO","ith":0,"sui":"ALTA","sce":0,"st_area_sh":867332.682448,"st_length_":4222.16156095,"anno":2025,"name":"DAULE"}},{"type":"Feature","id":26856,"geometry":{"type":"Polygon","coordinates":[[[-79.92944,-2.008724],[-79.929892,-2.008761],[-79.930792,-2.016667],[-79.930353,-2.016059],[-79.929257,-2.015225],[-79.927258,-2.0128],[-79.927309,-2.012429],[-79.928125,-2.011903],[-79.928253,-2.01175],[-79.928215,-2.011493],[-79.927871,-2.011339],[-79.927693,-2.010723],[-79.928088,-2.010519],[-79.928423,-2.010469],[-79.928738,-2.010327],[-79.929159,-2.009609],[-79.928841,-2.009198],[-79.928765,-2.008955],[-79.928943,-2.008814],[-79.92944,-2.008724]]]},"properties":{"OBJECTID":26856,"dpa_parroq":"090650","dpa_despar":"DAULE","dpa_canton":"0906","dpa_descan":"DAULE","dpa_provin":"09","dpa_despro":"GUAYAS","dpa_anio":" ","txt":" ","fcode":" ","fcode_1":" ","descr":"AREA QUE PRESENTA CONDICIONES POTENCIALES PARA LA OCURRENCIA O NO DE UNA AMENAZA A INUNDACION","umo":"NIVEL PLANO","pen":"PLANA","txs":"ARCILLOSO","ttd":"ARCILLOSO","ith":0,"sui":"ALTA","sce":0,"st_area_sh":169098.879842,"st_length_":2212.01634917,"anno":2025,"name":"DAULE"}},{"type":"Feature","id":26857,"geometry":{"type":"Polygon","coordinates":[[[-79.891642,-2.003985],[-79.891272,-2.003437],[-79.891154,-2.003114],[-79.889498,-2.001454],[-79.889213,-2.00109],[-79.888871,-2.000458],[-79.888852,-1.999367],[-79.888986,-1.998333],[-79.890339,-1.995424],[-79.890607,-1.994352],[-79.890759,-1.994084],[-79.890855,-1.992478],[-79.891311,-1.993074],[-79.891965,-1.993446],[-79.891186,-1.995939],[-79.890706,-1.999075],[-79.890702,-1.999144],[-79.890941,-1.999154],[-79.890887,-1.999769],[-79.891152,-2.001502],[-79.891126,-2.002202],[-79.891289,-2.002498],[-79.891665,-2.002899],[-79.891842,-2.003433],[-79.891841,-2.003789],[-79.892018,-2.004078],[-79.893013,-2.004101],[-79.893194,-2.004198],[-79.89403,-2.005474],[-79.893999,-2.005752],[-79.893356,-2.00609],[-79.893224,-2.00623],[-79.893183,-2.006961],[-79.892911,-2.007204],[-79.892588,-2.007295],[-79.892326,-2.007477],[-79.892174,-2.007863],[-79.892234,-2.008208],[-79.892637,-2.008401],[-79.893101,-2.008756],[-79.893282,-2.009182],[-79.89216,-2.010555],[-79.891641,-2.010768],[-79.891701,-2.010318],[-79.891569,-2.010146],[-79.891497,-2.008768],[-79.891771,-2.008291],[-79.891807,-2.00796],[-79.892025,-2.00757],[-79.892015,-2.00742],[-79.892135,-2.007272],[-79.8921,-2.007023],[-79.891863,-2.006601],[-79.89179,-2.006215],[-79.891723,-2.004249],[-79.891642,-2.003985]]]},"properties":{"OBJECTID":26857,"dpa_parroq":"090650","dpa_despar":"DAULE","dpa_canton":"0906","dpa_descan":"DAULE","dpa_provin":"09","dpa_despro":"GUAYAS","dpa_anio":" ","txt":" ","fcode":" ","fcode_1":" ","descr":"AREA QUE PRESENTA CONDICIONES POTENCIALES PARA LA OCURRENCIA O NO DE UNA AMENAZA A INUNDACION","umo":"NIVEL PLANO","pen":"PLANA","txs":"ARCILLOSO","ttd":"ARCILLOSO","ith":0,"sui":"ALTA","sce":0,"st_area_sh":285744.047569,"st_length_":4768.1407724,"anno":2025,"name":"DAULE"}},{"type":"Feature","id":26859,"geometry":{"type":"Polygon","coordinates":[[[-79.983609,-1.808877],[-79.984298,-1.808856],[-79.985141,-1.805824],[-79.995793,-1.805824],[-79.996009,-1.806087],[-79.996088,-1.806303],[-79.996104,-1.806638],[-79.99589,-1.807133],[-79.995683,-1.8081],[-79.995444,-1.808371],[-79.994579,-1.80889],[-79.994038,-1.810463],[-79.993919,-1.811014],[-79.993942,-1.812188],[-79.994258,-1.815838],[-79.993682,-1.817241],[-79.993325,-1.817815],[-79.993133,-1.818012],[-79.992041,-1.818704],[-79.991486,-1.818816],[-79.990374,-1.81939],[-79.988726,-1.820606],[-79.985839,-1.822081],[-79.98541,-1.822078],[-79.984344,-1.822299],[-79.983185,-1.822404],[-79.982522,-1.822698],[-79.982262,-1.822706],[-79.981831,-1.822371],[-79.982932,-1.820938],[-79.982742,-1.820279],[-79.982211,-1.819655],[-79.982279,-1.819543],[-79.982005,-1.819343],[-79.981872,-1.81951],[-79.981922,-1.819568],[-79.981864,-1.819668],[-79.98159,-1.819484],[-79.981823,-1.819209],[-79.981516,-1.819025],[-79.98164,-1.818566],[-79.981586,-1.818528],[-79.981502,-1.818822],[-79.979802,-1.81832],[-79.978644,-1.818442],[-79.97768,-1.820939],[-79.976761,-1.821224],[-79.974321,-1.819921],[-79.974023,-1.819361],[-79.97595,-1.818322],[-79.975997,-1.817067],[-79.975166,-1.815858],[-79.974889,-1.814462],[-79.97422,-1.813948],[-79.974064,-1.813589],[-79.973642,-1.813206],[-79.973089,-1.81344],[-79.972814,-1.813939],[-79.971627,-1.814778],[-79.970778,-1.814836],[-79.969638,-1.814615],[-79.969185,-1.814212],[-79.968709,-1.814075],[-79.968616,-1.81389],[-79.968411,-1.813733],[-79.968316,-1.813504],[-79.968293,-1.813099],[-79.968445,-1.812341],[-79.96837,-1.811649],[-79.96766,-1.810066],[-79.967373,-1.809796],[-79.967302,-1.809602],[-79.967302,-1.809384],[-79.967496,-1.809],[-79.9675,-1.808856],[-79.983274,-1.808856],[-79.983211,-1.809187],[-79.982563,-1.809485],[-79.981974,-1.809649],[-79.981915,-1.810014],[-79.981447,-1.810222],[-79.981474,-1.810406],[-79.98172,-1.810434],[-79.981716,-1.810575],[-79.983042,-1.810544],[-79.98305,-1.810701],[-79.983778,-1.810748],[-79.984255,-1.809032],[-79.983975,-1.808987],[-79.983601,-1.809065],[-79.983609,-1.808877]]]},"properties":{"OBJECTID":26859,"dpa_parroq":"090650","dpa_despar":"DAULE","dpa_canton":"0906","dpa_descan":"DAULE","dpa_provin":"09","dpa_despro":"GUAYAS","dpa_anio":" ","txt":" ","fcode":" ","fcode_1":" ","descr":"AREA QUE PRESENTA CONDICIONES POTENCIALES PARA LA OCURRENCIA O NO DE UNA AMENAZA A INUNDACION","umo":"NIVEL PLANO","pen":"PLANA","txs":"ARCILLOSO","ttd":"ARCILLOSO","ith":0,"sui":"ALTA","sce":0,"st_area_sh":3468735.77761,"st_length_":11078.4142297,"anno":2025,"name":"DAULE"}},{"type":"Feature","id":26861,"geometry":{"type":"Polygon","coordinates":[[[-80.036036,-1.872141],[-80.03631,-1.871984],[-80.036623,-1.871417],[-80.036655,-1.871236],[-80.036577,-1.870874],[-80.036733,-1.870276],[-80.036843,-1.870134],[-80.036931,-1.870576],[-80.037038,-1.870765],[-80.037816,-1.871629],[-80.038084,-1.872277],[-80.038406,-1.872575],[-80.038647,-1.872656],[-80.038808,-1.872845],[-80.038862,-1.873115],[-80.038728,-1.873277],[-80.037896,-1.87333],[-80.0376,-1.873654],[-80.037305,-1.87414],[-80.037358,-1.875004],[-80.037787,-1.875518],[-80.038028,-1.876031],[-80.038015,-1.87681],[-80.037888,-1.877577],[-80.038036,-1.878067],[-80.038935,-1.878142],[-80.039104,-1.878216],[-80.03916,-1.878404],[-80.03912,-1.878875],[-80.038706,-1.880193],[-80.038694,-1.880729],[-80.038498,-1.880941],[-80.038239,-1.881009],[-80.038141,-1.88096],[-80.038073,-1.881108],[-80.03819,-1.88155],[-80.038356,-1.881511],[-80.038366,-1.881629],[-80.038278,-1.881752],[-80.038043,-1.881855],[-80.037965,-1.881521],[-80.037774,-1.881511],[-80.037481,-1.882164],[-80.036982,-1.882125],[-80.036003,-1.882477],[-80.035892,-1.8823],[-80.035918,-1.882182],[-80.036179,-1.882024],[-80.036231,-1.881887],[-80.036166,-1.881113],[-80.036108,-1.881054],[-80.035463,-1.88108],[-80.034843,-1.881401],[-80.034432,-1.880861],[-80.034263,-1.880736],[-80.033761,-1.880657],[-80.033559,-1.880755],[-80.033294,-1.881021],[-80.032976,-1.881869],[-80.032909,-1.88231],[-80.032744,-1.882504],[-80.032502,-1.883044],[-80.032614,-1.883584],[-80.032614,-1.884038],[-80.032754,-1.88459],[-80.032646,-1.884851],[-80.032321,-1.884993],[-80.031887,-1.884997],[-80.031832,-1.884879],[-80.031922,-1.88457],[-80.031865,-1.884443],[-80.031395,-1.884264],[-80.030764,-1.883447],[-80.029882,-1.882845],[-80.029629,-1.882859],[-80.02942,-1.883024],[-80.02914,-1.882898],[-80.028306,-1.882936],[-80.027142,-1.88328],[-80.026344,-1.884276],[-80.025004,-1.885699],[-80.023467,-1.88705],[-80.023067,-1.888103],[-80.022439,-1.888849],[-80.022058,-1.889175],[-80.021544,-1.889328],[-80.020916,-1.889346],[-80.020212,-1.888523],[-80.020061,-1.887967],[-80.019832,-1.88768],[-80.019509,-1.88745],[-80.018405,-1.887526],[-80.017417,-1.888387],[-80.016485,-1.888712],[-80.015626,-1.88876],[-80.01524,-1.888527],[-80.014761,-1.888005],[-80.014505,-1.887902],[-80.013199,-1.88849],[-80.013091,-1.888236],[-80.013091,-1.887926],[-80.012877,-1.88686],[-80.01267,-1.886682],[-80.012272,-1.886633],[-80.012201,-1.886173],[-80.011833,-1.88551],[-80.011542,-1.885178],[-80.011058,-1.884827],[-80.010322,-1.884437],[-80.009121,-1.884319],[-80.008734,-1.883968],[-80.008327,-1.883207],[-80.008211,-1.882622],[-80.007243,-1.88116],[-80.006643,-1.880477],[-80.005404,-1.879385],[-80.005063,-1.878794],[-80.005645,-1.878311],[-80.006834,-1.876112],[-80.007856,-1.876384],[-80.008056,-1.876632],[-80.008241,-1.87662],[-80.00849,-1.876789],[-80.008958,-1.877255],[-80.009308,-1.877311],[-80.009742,-1.8776],[-80.009543,-1.877859],[-80.009391,-1.877786],[-80.008903,-1.878934],[-80.008213,-1.880131],[-80.00807,-1.880059],[-80.007963,-1.880142],[-80.007998,-1.880298],[-80.007808,-1.880442],[-80.007927,-1.880597],[-80.008153,-1.880466],[-80.008236,-1.880514],[-80.008309,-1.880459],[-80.008356,-1.880558],[-80.008664,-1.880657],[-80.008723,-1.880921],[-80.008926,-1.881005],[-80.009115,-1.881759],[-80.009912,-1.881221],[-80.010302,-1.882374],[-80.010393,-1.882847],[-80.01072,-1.8828],[-80.01059,-1.881879],[-80.010317,-1.881053],[-80.009984,-1.881173],[-80.009889,-1.880957],[-80.010317,-1.880742],[-80.009946,-1.879767],[-80.009474,-1.879006],[-80.009462,-1.878564],[-80.009343,-1.878492],[-80.009474,-1.878312],[-80.009688,-1.878528],[-80.00995,-1.878301],[-80.009784,-1.877966],[-80.009922,-1.877727],[-80.010466,-1.87808],[-80.011145,-1.878779],[-80.011533,-1.878937],[-80.013576,-1.879384],[-80.015155,-1.87946],[-80.017612,-1.879989],[-80.018824,-1.880074],[-80.020366,-1.880377],[-80.022215,-1.880638],[-80.023769,-1.881037],[-80.024035,-1.880982],[-80.024616,-1.88052],[-80.025532,-1.879536],[-80.026275,-1.878954],[-80.030025,-1.875287],[-80.030714,-1.874831],[-80.034361,-1.87277],[-80.035668,-1.872173],[-80.036036,-1.872141]],[[-80.030222,-1.880568],[-80.030764,-1.88007],[-80.03107,-1.879579],[-80.031168,-1.878713],[-80.031019,-1.878339],[-80.03053,-1.877848],[-80.029527,-1.877237],[-80.029429,-1.877362],[-80.02939,-1.877644],[-80.029494,-1.878732],[-80.029363,-1.879178],[-80.029148,-1.879341],[-80.029161,-1.879623],[-80.029226,-1.879761],[-80.029369,-1.879781],[-80.029662,-1.880312],[-80.029936,-1.880594],[-80.030222,-1.880568]]]},"properties":{"OBJECTID":26861,"dpa_parroq":"090650","dpa_despar":"DAULE","dpa_canton":"0906","dpa_descan":"DAULE","dpa_provin":"09","dpa_despro":"GUAYAS","dpa_anio":" ","txt":" ","fcode":" ","fcode_1":" ","descr":"AREA QUE PRESENTA CONDICIONES POTENCIALES PARA LA OCURRENCIA O NO DE UNA AMENAZA A INUNDACION","umo":"NIVEL PLANO","pen":"PLANA","txs":"ARCILLOSO","ttd":"ARCILLOSO","ith":0,"sui":"ALTA","sce":0,"st_area_sh":2906371.432,"st_length_":14419.2959157,"anno":2025,"name":"DAULE"}},{"type":"Feature","id":26862,"geometry":{"type":"Polygon","coordinates":[[[-80.058658,-1.863723],[-80.059371,-1.863058],[-80.060723,-1.865732],[-80.060242,-1.865905],[-80.060038,-1.866085],[-80.059764,-1.866583],[-80.059735,-1.866794],[-80.059413,-1.866549],[-80.059207,-1.866534],[-80.058854,-1.866741],[-80.058486,-1.866756],[-80.05831,-1.866682],[-80.058178,-1.866533],[-80.058119,-1.866237],[-80.057693,-1.865764],[-80.057605,-1.865542],[-80.057561,-1.865068],[-80.057192,-1.864765],[-80.057379,-1.864501],[-80.057678,-1.864359],[-80.05803,-1.864032],[-80.058658,-1.863723]]]},"properties":{"OBJECTID":26862,"dpa_parroq":"090650","dpa_despar":"DAULE","dpa_canton":"0906","dpa_descan":"DAULE","dpa_provin":"09","dpa_despro":"GUAYAS","dpa_anio":" ","txt":" ","fcode":" ","fcode_1":" ","descr":"AREA QUE PRESENTA CONDICIONES POTENCIALES PARA LA OCURRENCIA O NO DE UNA AMENAZA A INUNDACION","umo":"NIVEL PLANO","pen":"PLANA","txs":"ARCILLOSO","ttd":"ARCILLOSO","ith":0,"sui":"ALTA","sce":0,"st_area_sh":90300.8850935,"st_length_":1250.35730683,"anno":2025,"name":"DAULE"}},{"type":"Feature","id":26863,"geometry":{"type":"Polygon","coordinates":[[[-79.983276,-1.836147],[-79.983135,-1.83598],[-79.985115,-1.834661],[-79.98551,-1.834475],[-79.987466,-1.83385],[-79.987567,-1.833622],[-79.987527,-1.833233],[-79.987157,-1.832496],[-79.987132,-1.831983],[-79.987478,-1.831652],[-79.98747,-1.831048],[-79.987561,-1.830759],[-79.987902,-1.830337],[-79.989419,-1.831419],[-79.991622,-1.833142],[-79.991949,-1.833169],[-79.991944,-1.83347],[-79.992103,-1.833946],[-79.992065,-1.834187],[-79.992228,-1.834529],[-79.992236,-1.834925],[-79.992367,-1.835311],[-79.991328,-1.836079],[-79.990302,-1.837254],[-79.989992,-1.837038],[-79.9898,-1.836993],[-79.988344,-1.837589],[-79.988125,-1.837738],[-79.988161,-1.838106],[-79.988259,-1.838187],[-79.989232,-1.8379],[-79.989183,-1.838093],[-79.989391,-1.838566],[-79.989385,-1.838968],[-79.989311,-1.839208],[-79.989005,-1.839466],[-79.98958,-1.842036],[-79.989664,-1.842267],[-79.989725,-1.84223],[-79.989806,-1.842298],[-79.989901,-1.842838],[-79.990359,-1.843485],[-79.990603,-1.843593],[-79.990906,-1.843335],[-79.991097,-1.843395],[-79.991614,-1.843989],[-79.991656,-1.844108],[-79.99159,-1.844318],[-79.991733,-1.844444],[-79.99215,-1.844079],[-79.99262,-1.844151],[-79.993132,-1.844445],[-79.993204,-1.844696],[-79.993652,-1.844817],[-79.993739,-1.844912],[-79.99392,-1.844888],[-79.994258,-1.845077],[-79.994322,-1.845198],[-79.994476,-1.845215],[-79.994576,-1.845114],[-79.994674,-1.845124],[-79.99529,-1.845391],[-79.996458,-1.845749],[-79.997871,-1.845901],[-79.998176,-1.846191],[-79.999299,-1.846836],[-80.000282,-1.847813],[-80.000317,-1.848029],[-80.000231,-1.848499],[-80.000096,-1.848775],[-79.999007,-1.849993],[-79.9985,-1.851205],[-79.997335,-1.852514],[-79.99633,-1.854087],[-79.99563,-1.854885],[-79.995615,-1.854997],[-79.992448,-1.853734],[-79.991261,-1.853404],[-79.990477,-1.853335],[-79.988932,-1.853495],[-79.988154,-1.853773],[-79.986793,-1.854095],[-79.985955,-1.854455],[-79.985432,-1.854545],[-79.984137,-1.855077],[-79.984053,-1.855168],[-79.983086,-1.852609],[-79.982347,-1.852005],[-79.982842,-1.849926],[-79.983022,-1.849733],[-79.983195,-1.848663],[-79.983469,-1.848503],[-79.983324,-1.848064],[-79.983297,-1.847289],[-79.98348,-1.847601],[-79.984138,-1.847744],[-79.984964,-1.847399],[-79.986073,-1.845527],[-79.986575,-1.845115],[-79.986494,-1.843819],[-79.985983,-1.843286],[-79.985327,-1.84222],[-79.985254,-1.841834],[-79.985455,-1.841522],[-79.985967,-1.841163],[-79.986113,-1.840971],[-79.985802,-1.840732],[-79.98518,-1.840647],[-79.984511,-1.838545],[-79.983276,-1.836147]]]},"properties":{"OBJECTID":26863,"dpa_parroq":"090650","dpa_despar":"DAULE","dpa_canton":"0906","dpa_descan":"DAULE","dpa_provin":"09","dpa_despro":"GUAYAS","dpa_anio":" ","txt":" ","fcode":" ","fcode_1":" ","descr":"AREA QUE PRESENTA CONDICIONES POTENCIALES PARA LA OCURRENCIA O NO DE UNA AMENAZA A INUNDACION","umo":"NIVEL PLANO","pen":"PLANA","txs":"ARCILLOSO","ttd":"ARCILLOSO","ith":0,"sui":"ALTA","sce":0,"st_area_sh":2489131.07427,"st_length_":9601.03159068,"anno":2025,"name":"DAULE"}},{"type":"Feature","id":26864,"geometry":{"type":"Polygon","coordinates":[[[-79.943285,-1.795744],[-79.944028,-1.795431],[-79.944065,-1.795772],[-79.943818,-1.795993],[-79.943595,-1.796074],[-79.943415,-1.795982],[-79.943002,-1.796237],[-79.94287,-1.796202],[-79.942452,-1.796654],[-79.942064,-1.796782],[-79.941905,-1.79727],[-79.941619,-1.797299],[-79.941554,-1.797092],[-79.941783,-1.796693],[-79.941381,-1.796581],[-79.941408,-1.796475],[-79.941291,-1.796339],[-79.94136,-1.796187],[-79.941929,-1.79614],[-79.942263,-1.796358],[-79.942576,-1.796239],[-79.942979,-1.795749],[-79.943285,-1.795744]]]},"properties":{"OBJECTID":26864,"dpa_parroq":"090653","dpa_despar":"LAUREL","dpa_canton":"0906","dpa_descan":"DAULE","dpa_provin":"09","dpa_despro":"GUAYAS","dpa_anio":" ","txt":" ","fcode":" ","fcode_1":" ","descr":"AREA QUE PRESENTA CONDICIONES POTENCIALES PARA LA OCURRENCIA O NO DE UNA AMENAZA A INUNDACION","umo":"VALLE INDIFERENCIADO","pen":"PLANA","txs":"FRANCO ARCILLOSO","ttd":"FRANCO ARCILLOSO","ith":0,"sui":"ALTA","sce":0,"st_area_sh":16260.9868758,"st_length_":905.856157092,"anno":2025,"name":"LAUREL"}},{"type":"Feature","id":26866,"geometry":{"type":"Polygon","coordinates":[[[-80.02191,-1.831774],[-80.06412,-1.831774],[-80.063961,-1.832132],[-80.063524,-1.837545],[-80.063408,-1.83815],[-80.063194,-1.838419],[-80.062976,-1.838559],[-80.056904,-1.841913],[-80.056737,-1.842127],[-80.054623,-1.846453],[-80.053249,-1.850026],[-80.053729,-1.850232],[-80.053788,-1.850662],[-80.054406,-1.852281],[-80.054477,-1.852655],[-80.054848,-1.853456],[-80.055173,-1.853721],[-80.055351,-1.854056],[-80.055291,-1.855139],[-80.055451,-1.856593],[-80.055571,-1.856955],[-80.055691,-1.857091],[-80.055848,-1.857076],[-80.056192,-1.856769],[-80.059244,-1.862806],[-80.058851,-1.863286],[-80.058513,-1.863615],[-80.057989,-1.863889],[-80.057156,-1.864549],[-80.056826,-1.864313],[-80.056488,-1.864313],[-80.055811,-1.86486],[-80.055414,-1.86483],[-80.055134,-1.864608],[-80.054488,-1.863542],[-80.053311,-1.863053],[-80.052983,-1.862659],[-80.05199,-1.862308],[-80.051455,-1.861769],[-80.051007,-1.861434],[-80.050342,-1.861172],[-80.049995,-1.860881],[-80.04959,-1.860662],[-80.048578,-1.860516],[-80.048158,-1.860574],[-80.047594,-1.860545],[-80.046929,-1.860777],[-80.046408,-1.860559],[-80.046032,-1.860529],[-80.045642,-1.860398],[-80.045121,-1.860107],[-80.044673,-1.860063],[-80.044527,-1.860164],[-80.044412,-1.860002],[-80.043739,-1.859903],[-80.042813,-1.860673],[-80.041901,-1.860334],[-80.041381,-1.859882],[-80.039974,-1.857611],[-80.038738,-1.856813],[-80.037078,-1.856523],[-80.036451,-1.856856],[-80.035851,-1.857459],[-80.035696,-1.857928],[-80.035735,-1.858285],[-80.037819,-1.859417],[-80.038457,-1.860427],[-80.038938,-1.860756],[-80.039217,-1.861427],[-80.039722,-1.861826],[-80.039946,-1.86213],[-80.040034,-1.862515],[-80.039662,-1.863658],[-80.039885,-1.864552],[-80.039598,-1.864753],[-80.039569,-1.865011],[-80.039626,-1.86524],[-80.039825,-1.865498],[-80.040593,-1.866042],[-80.040707,-1.866386],[-80.040536,-1.86693],[-80.039169,-1.868075],[-80.037603,-1.868762],[-80.037033,-1.869306],[-80.036844,-1.869899],[-80.036655,-1.87004],[-80.036491,-1.870717],[-80.036506,-1.871221],[-80.036114,-1.87196],[-80.035488,-1.872102],[-80.033727,-1.87292],[-80.032827,-1.873533],[-80.030597,-1.874689],[-80.030064,-1.875043],[-80.029149,-1.875869],[-80.028334,-1.876798],[-80.027403,-1.877585],[-80.025923,-1.879119],[-80.025352,-1.879544],[-80.025085,-1.87989],[-80.024404,-1.880496],[-80.023848,-1.880875],[-80.023661,-1.880772],[-80.023154,-1.880723],[-80.02173,-1.880355],[-80.021248,-1.88034],[-80.019409,-1.880054],[-80.018836,-1.879877],[-80.018015,-1.879888],[-80.017227,-1.879722],[-80.016816,-1.879713],[-80.016434,-1.879568],[-80.015159,-1.879298],[-80.014634,-1.879233],[-80.013782,-1.879256],[-80.011328,-1.878702],[-80.01085,-1.878302],[-80.010643,-1.877971],[-80.00994,-1.877493],[-80.010132,-1.877083],[-80.010061,-1.876712],[-80.009943,-1.876221],[-80.009257,-1.874348],[-80.007771,-1.874151],[-80.00763,-1.874206],[-80.007521,-1.873781],[-80.007424,-1.873786],[-80.007455,-1.872731],[-80.007191,-1.872733],[-80.007272,-1.872309],[-80.007229,-1.87198],[-80.007082,-1.871683],[-80.007065,-1.871019],[-80.006876,-1.870494],[-80.006329,-1.869828],[-80.004229,-1.86864],[-80.003647,-1.868461],[-80.002967,-1.868011],[-80.002357,-1.867931],[-80.001905,-1.86808],[-80.001876,-1.867775],[-80.001091,-1.867607],[-79.999359,-1.867762],[-79.998294,-1.867699],[-79.996463,-1.867316],[-79.994047,-1.867198],[-79.99318,-1.867328],[-79.992248,-1.867769],[-79.992048,-1.867961],[-79.992163,-1.868149],[-79.990641,-1.866737],[-79.989876,-1.866171],[-79.987917,-1.864931],[-79.986374,-1.86415],[-79.986793,-1.86316],[-79.984796,-1.861397],[-79.984224,-1.860557],[-79.984263,-1.859698],[-79.984479,-1.859119],[-79.985065,-1.858951],[-79.987436,-1.859483],[-79.989815,-1.859516],[-79.991487,-1.859097],[-79.992612,-1.859259],[-79.993379,-1.859972],[-79.995308,-1.859654],[-79.997998,-1.858412],[-79.99811,-1.858123],[-79.998086,-1.857946],[-79.99788,-1.857682],[-79.998185,-1.857896],[-79.998886,-1.858145],[-80.000773,-1.858555],[-80.0014,-1.858525],[-80.001927,-1.858606],[-80.003287,-1.858964],[-80.00467,-1.859094],[-80.0061,-1.8588],[-80.007451,-1.858152],[-80.008128,-1.857575],[-80.00886,-1.856771],[-80.009653,-1.855538],[-80.010051,-1.854733],[-80.010114,-1.854889],[-80.010536,-1.855097],[-80.010951,-1.854349],[-80.011912,-1.85139],[-80.012474,-1.848213],[-80.011896,-1.847922],[-80.011989,-1.847361],[-80.011747,-1.847233],[-80.011474,-1.847334],[-80.011348,-1.848545],[-80.011016,-1.848527],[-80.011016,-1.848346],[-80.010827,-1.848346],[-80.010782,-1.848735],[-80.010593,-1.848771],[-80.010611,-1.849458],[-80.010498,-1.849774],[-80.010329,-1.849581],[-80.01021,-1.849234],[-80.009975,-1.849128],[-80.009785,-1.848889],[-80.009762,-1.84865],[-80.009667,-1.848555],[-80.009453,-1.848698],[-80.00924,-1.848555],[-80.00925,-1.848458],[-80.008623,-1.848029],[-80.007485,-1.847026],[-80.006578,-1.846557],[-80.006234,-1.845463],[-80.005549,-1.844623],[-80.004007,-1.843675],[-80.003733,-1.843543],[-79.999492,-1.842296],[-79.99973,-1.84208],[-79.999066,-1.841483],[-79.998734,-1.841578],[-79.998639,-1.841459],[-79.99833,-1.841602],[-79.998069,-1.841602],[-79.998022,-1.841697],[-79.997453,-1.841554],[-79.997354,-1.841623],[-79.996362,-1.840789],[-79.996124,-1.841099],[-79.996243,-1.841243],[-79.995985,-1.841664],[-79.995452,-1.841577],[-79.992368,-1.840104],[-79.991989,-1.840051],[-79.992786,-1.839493],[-79.993056,-1.839735],[-79.993491,-1.839969],[-79.994028,-1.839925],[-79.994547,-1.839629],[-79.995413,-1.838625],[-79.99584,-1.837825],[-79.996203,-1.836716],[-79.996356,-1.835895],[-79.996362,-1.83529],[-79.996178,-1.83465],[-79.995619,-1.833454],[-79.995067,-1.832667],[-79.994597,-1.832399],[-79.995331,-1.832276],[-79.996071,-1.832284],[-79.997209,-1.83208],[-79.997924,-1.832099],[-79.998974,-1.83176],[-80.002534,-1.831774],[-80.002455,-1.832342],[-80.002258,-1.832836],[-80.002039,-1.833102],[-80.001329,-1.833694],[-80.000633,-1.833778],[-80.000489,-1.833914],[-80.000608,-1.834228],[-80.001248,-1.834291],[-80.001928,-1.834257],[-80.002534,-1.834024],[-80.002988,-1.833676],[-80.00343,-1.832827],[-80.003717,-1.831774],[-80.015826,-1.831774],[-80.015807,-1.831925],[-80.016093,-1.832174],[-80.01674,-1.832327],[-80.017824,-1.83229],[-80.018547,-1.83252],[-80.019308,-1.832635],[-80.020317,-1.832617],[-80.021154,-1.832272],[-80.02191,-1.831774]],[[-80.038014,-1.835194],[-80.038226,-1.834839],[-80.038353,-1.8342],[-80.038255,-1.833661],[-80.038311,-1.833206],[-80.038735,-1.832511],[-80.038806,-1.832014],[-80.038481,-1.831787],[-80.03803,-1.831928],[-80.037126,-1.832737],[-80.036194,-1.833887],[-80.035714,-1.833958],[-80.035277,-1.83417],[-80.034994,-1.834525],[-80.034924,-1.834866],[-80.034952,-1.835207],[-80.034867,-1.835491],[-80.034937,-1.835974],[-80.035135,-1.836187],[-80.035417,-1.836258],[-80.035615,-1.836059],[-80.035728,-1.835747],[-80.036052,-1.835761],[-80.036348,-1.836343],[-80.036983,-1.836898],[-80.037138,-1.837366],[-80.037406,-1.837565],[-80.03773,-1.837679],[-80.038097,-1.837608],[-80.038564,-1.8366],[-80.038677,-1.836061],[-80.038493,-1.835777],[-80.038183,-1.835606],[-80.038014,-1.835194]],[[-80.004957,-1.83666],[-80.004207,-1.836514],[-80.003651,-1.836562],[-80.003408,-1.837195],[-80.00336,-1.837536],[-80.003553,-1.837828],[-80.004618,-1.838097],[-80.005053,-1.838803],[-80.005464,-1.838755],[-80.006215,-1.838],[-80.006699,-1.838074],[-80.006868,-1.838463],[-80.006843,-1.839242],[-80.007327,-1.839559],[-80.008077,-1.839901],[-80.008868,-1.839931],[-80.009073,-1.839588],[-80.009186,-1.839094],[-80.009111,-1.838827],[-80.008695,-1.838599],[-80.008317,-1.83818],[-80.008393,-1.837724],[-80.007929,-1.836896],[-80.007619,-1.836881],[-80.007111,-1.83671],[-80.006361,-1.837002],[-80.00532,-1.83705],[-80.004957,-1.83666]],[[-80.039466,-1.835443],[-80.039252,-1.83597],[-80.039267,-1.836497],[-80.040021,-1.837192],[-80.040251,-1.837224],[-80.040632,-1.837136],[-80.040791,-1.836865],[-80.040776,-1.836657],[-80.040276,-1.836234],[-80.040078,-1.835459],[-80.039967,-1.835371],[-80.039816,-1.835507],[-80.039554,-1.835371],[-80.039466,-1.835443]],[[-80.034817,-1.849784],[-80.035291,-1.84861],[-80.035412,-1.848112],[-80.035002,-1.846666],[-80.034776,-1.846205],[-80.034197,-1.8457],[-80.033935,-1.845639],[-80.033504,-1.845664],[-80.033186,-1.845856],[-80.032124,-1.846986],[-80.031667,-1.84772],[-80.03137,-1.848613],[-80.031343,-1.849154],[-80.031558,-1.84937],[-80.033145,-1.849398],[-80.033656,-1.849561],[-80.033857,-1.849942],[-80.034625,-1.850181],[-80.034817,-1.849784]],[[-80.043291,-1.857078],[-80.043344,-1.856773],[-80.043291,-1.856293],[-80.043214,-1.855982],[-80.043089,-1.855892],[-80.042869,-1.855892],[-80.042238,-1.856107],[-80.041767,-1.856083],[-80.041023,-1.856196],[-80.040314,-1.85643],[-80.040356,-1.856879],[-80.040636,-1.856885],[-80.040653,-1.857125],[-80.040734,-1.857212],[-80.040731,-1.857532],[-80.041171,-1.858005],[-80.041736,-1.858144],[-80.042403,-1.858096],[-80.04279,-1.857946],[-80.04304,-1.857605],[-80.043291,-1.857078]],[[-80.016616,-1.873911],[-80.015868,-1.873839],[-80.015205,-1.873981],[-80.014753,-1.874222],[-80.012777,-1.876109],[-80.012536,-1.876663],[-80.012437,-1.877245],[-80.012649,-1.877359],[-80.012846,-1.877316],[-80.01303,-1.87716],[-80.01344,-1.876351],[-80.013722,-1.876067],[-80.015021,-1.875117],[-80.01591,-1.874677],[-80.016108,-1.874705],[-80.016799,-1.87516],[-80.017011,-1.875359],[-80.01725,-1.875799],[-80.017702,-1.876211],[-80.018139,-1.876396],[-80.019155,-1.876141],[-80.019833,-1.875531],[-80.020045,-1.874537],[-80.020045,-1.874211],[-80.019947,-1.87404],[-80.019763,-1.873998],[-80.019127,-1.875133],[-80.018746,-1.875431],[-80.018408,-1.875473],[-80.018012,-1.875345],[-80.017364,-1.874238],[-80.017152,-1.874067],[-80.016616,-1.873911]]]},"properties":{"OBJECTID":26866,"dpa_parroq":"090650","dpa_despar":"DAULE","dpa_canton":"0906","dpa_descan":"DAULE","dpa_provin":"09","dpa_despro":"GUAYAS","dpa_anio":" ","txt":" ","fcode":" ","fcode_1":" ","descr":"AREA QUE PRESENTA CONDICIONES POTENCIALES PARA LA OCURRENCIA O NO DE UNA AMENAZA A INUNDACION","umo":"NIVEL PLANO","pen":"PLANA","txs":"ARCILLOSO","ttd":"ARCILLOSO","ith":0,"sui":"ALTA","sce":0,"st_area_sh":27113743.0433,"st_length_":43709.4499308,"anno":2025,"name":"DAULE"}},{"type":"Feature","id":26867,"geometry":{"type":"MultiPolygon","coordinates":[[[[-79.991434,-1.828745],[-79.990783,-1.827832],[-79.990438,-1.827416],[-79.990276,-1.827347],[-79.990166,-1.827142],[-79.989989,-1.827131],[-79.989818,-1.82744],[-79.989706,-1.827505],[-79.989659,-1.827415],[-79.989607,-1.827436],[-79.989591,-1.827605],[-79.989471,-1.82751],[-79.989534,-1.827336],[-79.989471,-1.82731],[-79.989366,-1.827457],[-79.989288,-1.827436],[-79.989272,-1.827205],[-79.988922,-1.827062],[-79.988932,-1.827004],[-79.988833,-1.826983],[-79.988828,-1.826846],[-79.988676,-1.826878],[-79.988833,-1.827099],[-79.988801,-1.827183],[-79.989031,-1.827373],[-79.988717,-1.828018],[-79.988764,-1.828046],[-79.988538,-1.82832],[-79.987623,-1.828023],[-79.987699,-1.827688],[-79.98733,-1.827519],[-79.987309,-1.827351],[-79.987205,-1.827288],[-79.98683,-1.827214],[-79.986788,-1.827172],[-79.986843,-1.827048],[-79.986653,-1.826982],[-79.986427,-1.827071],[-79.986107,-1.826883],[-79.985279,-1.826749],[-79.985159,-1.826617],[-79.984535,-1.826592],[-79.983839,-1.826399],[-79.983576,-1.826121],[-79.983648,-1.826012],[-79.983432,-1.825614],[-79.983444,-1.825493],[-79.983539,-1.825496],[-79.983556,-1.82538],[-79.983444,-1.82536],[-79.983132,-1.825517],[-79.983029,-1.8257],[-79.98305,-1.826046],[-79.982913,-1.825698],[-79.983535,-1.824185],[-79.984121,-1.823801],[-79.984198,-1.823797],[-79.984237,-1.823924],[-79.984333,-1.823912],[-79.984391,-1.82406],[-79.98423,-1.824186],[-79.984356,-1.824335],[-79.984332,-1.824431],[-79.983996,-1.824612],[-79.983756,-1.824527],[-79.983612,-1.824612],[-79.983516,-1.824769],[-79.983588,-1.824865],[-79.98354,-1.824986],[-79.983384,-1.825094],[-79.983348,-1.825263],[-79.983516,-1.825276],[-79.983984,-1.824709],[-79.984452,-1.824479],[-79.984572,-1.824564],[-79.984884,-1.824419],[-79.984908,-1.824311],[-79.985046,-1.824243],[-79.985467,-1.824219],[-79.985691,-1.824293],[-79.985864,-1.824561],[-79.985942,-1.824557],[-79.985917,-1.824385],[-79.986094,-1.824293],[-79.986251,-1.824372],[-79.986272,-1.824509],[-79.986371,-1.824488],[-79.986387,-1.824367],[-79.986957,-1.824656],[-79.987307,-1.824904],[-79.987344,-1.825093],[-79.987412,-1.825125],[-79.987542,-1.825046],[-79.987699,-1.825125],[-79.987741,-1.825167],[-79.987636,-1.82542],[-79.987871,-1.825541],[-79.988013,-1.825452],[-79.988279,-1.82562],[-79.988222,-1.825741],[-79.98887,-1.826152],[-79.988818,-1.826415],[-79.988943,-1.826652],[-79.989189,-1.826652],[-79.989335,-1.826742],[-79.989487,-1.82671],[-79.989461,-1.8266],[-79.989136,-1.826589],[-79.989189,-1.826347],[-79.989053,-1.826163],[-79.98909,-1.82601],[-79.988562,-1.825531],[-79.988395,-1.825252],[-79.987689,-1.824815],[-79.987637,-1.824673],[-79.987427,-1.824636],[-79.987393,-1.824538],[-79.988267,-1.824979],[-79.990786,-1.827798],[-79.991434,-1.828745]]],[[[-79.992512,-1.829892],[-79.992022,-1.829569],[-79.991775,-1.829223],[-79.992512,-1.829892]]],[[[-79.991775,-1.829223],[-79.99174,-1.829191],[-79.991434,-1.828745],[-79.991775,-1.829223]]]]},"properties":{"OBJECTID":26867,"dpa_parroq":"090650","dpa_despar":"DAULE","dpa_canton":"0906","dpa_descan":"DAULE","dpa_provin":"09","dpa_despro":"GUAYAS","dpa_anio":" ","txt":" ","fcode":" ","fcode_1":" ","descr":"AREA QUE PRESENTA CONDICIONES POTENCIALES PARA LA OCURRENCIA O NO DE UNA AMENAZA A INUNDACION","umo":"NIVEL PLANO","pen":"PLANA","txs":"ARCILLOSO","ttd":"ARCILLOSO","ith":0,"sui":"ALTA","sce":0,"st_area_sh":176051.502572,"st_length_":4583.86576531,"anno":2025,"name":"DAULE"}},{"type":"Feature","id":26868,"geometry":{"type":"MultiPolygon","coordinates":[[[[-80.060933,-1.872748],[-80.061245,-1.872795],[-80.061689,-1.873098],[-80.061857,-1.87311],[-80.062373,-1.872856],[-80.062632,-1.872458],[-80.062716,-1.871945],[-80.06268,-1.871202],[-80.062453,-1.870507],[-80.062351,-1.869565],[-80.061853,-1.869063],[-80.061637,-1.86852],[-80.061499,-1.868375],[-80.061319,-1.868284],[-80.060875,-1.86826],[-80.060527,-1.868024],[-80.060527,-1.867867],[-80.060591,-1.867831],[-80.062459,-1.868524],[-80.062859,-1.869063],[-80.06318,-1.869871],[-80.063679,-1.870643],[-80.06368,-1.872512],[-80.06352,-1.873836],[-80.063308,-1.873918],[-80.062871,-1.873907],[-80.062024,-1.873738],[-80.061639,-1.873493],[-80.061277,-1.872909],[-80.060933,-1.872748]]],[[[-80.060893,-1.872742],[-80.060809,-1.872768],[-80.060586,-1.873089],[-80.060735,-1.873777],[-80.060725,-1.875004],[-80.060576,-1.875388],[-80.060395,-1.875567],[-80.059652,-1.87559],[-80.059001,-1.875274],[-80.057707,-1.874905],[-80.057513,-1.874945],[-80.057175,-1.875228],[-80.057271,-1.874883],[-80.057812,-1.874321],[-80.058036,-1.874337],[-80.058013,-1.87473],[-80.058072,-1.874821],[-80.058632,-1.874931],[-80.058815,-1.874831],[-80.058897,-1.874858],[-80.058915,-1.875],[-80.059056,-1.875147],[-80.059215,-1.875179],[-80.059325,-1.875097],[-80.059316,-1.874845],[-80.059393,-1.874684],[-80.059539,-1.874717],[-80.059785,-1.874946],[-80.059953,-1.874946],[-80.060213,-1.874726],[-80.060341,-1.87436],[-80.06039,-1.87326],[-80.060765,-1.872723],[-80.060893,-1.872742]]],[[[-80.060933,-1.872748],[-80.060893,-1.872742],[-80.06091,-1.872737],[-80.060933,-1.872748]]]]},"properties":{"OBJECTID":26868,"dpa_parroq":"090650","dpa_despar":"DAULE","dpa_canton":"0906","dpa_descan":"DAULE","dpa_provin":"09","dpa_despro":"GUAYAS","dpa_anio":" ","txt":" ","fcode":" ","fcode_1":" ","descr":"AREA QUE PRESENTA CONDICIONES POTENCIALES PARA LA OCURRENCIA O NO DE UNA AMENAZA A INUNDACION","umo":"TERRAZA MEDIA","pen":"PLANA","txs":"FRANCO ARCILLO - ARENOSO","ttd":"FRANCO ARENOSO","ith":0,"sui":"MEDIA","sce":0,"st_area_sh":107571.855371,"st_length_":3568.84303956,"anno":2025,"name":"DAULE"}},{"type":"Feature","id":26869,"geometry":{"type":"Polygon","coordinates":[[[-79.952361,-1.897248],[-79.952516,-1.897102],[-79.952556,-1.896931],[-79.952537,-1.895825],[-79.952597,-1.895232],[-79.952818,-1.894579],[-79.953107,-1.894569],[-79.955156,-1.895383],[-79.955647,-1.895807],[-79.953219,-1.897171],[-79.952605,-1.897277],[-79.952361,-1.897248]]]},"properties":{"OBJECTID":26869,"dpa_parroq":"090650","dpa_despar":"DAULE","dpa_canton":"0906","dpa_descan":"DAULE","dpa_provin":"09","dpa_despro":"GUAYAS","dpa_anio":" ","txt":" ","fcode":" ","fcode_1":" ","descr":"AREA QUE PRESENTA CONDICIONES POTENCIALES PARA LA OCURRENCIA O NO DE UNA AMENAZA A INUNDACION","umo":"TERRAZAS INDIFERENCIADAS","pen":"MUY SUAVE","txs":"ARCILLOSO","ttd":"ARCILLOSO","ith":0,"sui":"ALTA","sce":0,"st_area_sh":61604.0432619,"st_length_":1062.65853576,"anno":2025,"name":"DAULE"}},{"type":"Feature","id":26870,"geometry":{"type":"Polygon","coordinates":[[[-80.016093,-1.832174],[-80.015807,-1.831925],[-80.015826,-1.831774],[-80.02191,-1.831774],[-80.021154,-1.832272],[-80.020317,-1.832617],[-80.019308,-1.832635],[-80.018547,-1.83252],[-80.017824,-1.83229],[-80.01674,-1.832327],[-80.016093,-1.832174]]]},"properties":{"OBJECTID":26870,"dpa_parroq":"090650","dpa_despar":"DAULE","dpa_canton":"0906","dpa_descan":"DAULE","dpa_provin":"09","dpa_despro":"GUAYAS","dpa_anio":" ","txt":" ","fcode":" ","fcode_1":" ","descr":"AREA QUE PRESENTA CONDICIONES POTENCIALES PARA LA OCURRENCIA O NO DE UNA AMENAZA A INUNDACION","umo":"VALLE FLUVIAL","pen":"PLANA","txs":"FRANCO ARCILLOSO","ttd":"FRANCO ARCILLOSO","ith":0,"sui":"ALTA","sce":0,"st_area_sh":44793.5932887,"st_length_":1413.637842,"anno":2025,"name":"DAULE"}},{"type":"Feature","id":26871,"geometry":{"type":"Polygon","coordinates":[[[-79.967943,-1.812746],[-79.968445,-1.812341],[-79.968293,-1.813099],[-79.968316,-1.813504],[-79.968411,-1.813733],[-79.968616,-1.81389],[-79.968709,-1.814075],[-79.968431,-1.814115],[-79.967949,-1.81438],[-79.967175,-1.814145],[-79.966694,-1.814432],[-79.966408,-1.814432],[-79.965588,-1.81409],[-79.96541,-1.814108],[-79.965249,-1.814162],[-79.964999,-1.814431],[-79.964768,-1.81452],[-79.964429,-1.814807],[-79.964018,-1.814825],[-79.963786,-1.814915],[-79.963572,-1.81522],[-79.963215,-1.815453],[-79.962426,-1.816268],[-79.961226,-1.816701],[-79.960422,-1.816712],[-79.960119,-1.816899],[-79.958918,-1.818505],[-79.95675,-1.820074],[-79.956587,-1.820273],[-79.956436,-1.820484],[-79.956307,-1.820871],[-79.956225,-1.821434],[-79.95591,-1.821844],[-79.955666,-1.822348],[-79.955118,-1.822945],[-79.954546,-1.823965],[-79.954243,-1.824105],[-79.953369,-1.824081],[-79.952938,-1.824163],[-79.952437,-1.824444],[-79.952274,-1.824433],[-79.952332,-1.824163],[-79.952531,-1.824011],[-79.95295,-1.823788],[-79.953603,-1.823624],[-79.954453,-1.822992],[-79.955048,-1.821843],[-79.955386,-1.821328],[-79.955596,-1.82114],[-79.955655,-1.820695],[-79.956085,-1.819674],[-79.956672,-1.819094],[-79.9576,-1.818478],[-79.958015,-1.818097],[-79.958232,-1.817671],[-79.95861,-1.817508],[-79.959513,-1.816193],[-79.959828,-1.815867],[-79.960658,-1.815622],[-79.96137,-1.815795],[-79.961983,-1.815605],[-79.962082,-1.815442],[-79.962118,-1.81497],[-79.962824,-1.814465],[-79.963145,-1.814053],[-79.963502,-1.813963],[-79.964144,-1.814054],[-79.964483,-1.813569],[-79.96484,-1.813246],[-79.965071,-1.813211],[-79.96525,-1.813265],[-79.966231,-1.812888],[-79.966891,-1.812925],[-79.967426,-1.812745],[-79.967711,-1.812835],[-79.967943,-1.812746]]]},"properties":{"OBJECTID":26871,"dpa_parroq":"090650","dpa_despar":"DAULE","dpa_canton":"0906","dpa_descan":"DAULE","dpa_provin":"09","dpa_despro":"GUAYAS","dpa_anio":" ","txt":" ","fcode":" ","fcode_1":" ","descr":"AREA QUE PRESENTA CONDICIONES POTENCIALES PARA LA OCURRENCIA O NO DE UNA AMENAZA A INUNDACION","umo":"VALLE FLUVIAL","pen":"PLANA","txs":"FRANCO ARCILLOSO","ttd":"FRANCO ARCILLOSO","ith":0,"sui":"ALTA","sce":0,"st_area_sh":228474.616087,"st_length_":5049.99412946,"anno":2025,"name":"DAULE"}},{"type":"Feature","id":26872,"geometry":{"type":"Polygon","coordinates":[[[-79.949834,-1.889302],[-79.949937,-1.888375],[-79.950033,-1.888324],[-79.950123,-1.888363],[-79.950118,-1.888486],[-79.949996,-1.889232],[-79.950114,-1.889315],[-79.950492,-1.889337],[-79.949876,-1.890056],[-79.949843,-1.89023],[-79.949895,-1.890332],[-79.950034,-1.890395],[-79.95063,-1.890178],[-79.950826,-1.890033],[-79.951061,-1.890178],[-79.95146,-1.890154],[-79.951517,-1.890188],[-79.951455,-1.890347],[-79.95038,-1.890583],[-79.94979,-1.89053],[-79.949832,-1.891032],[-79.94959,-1.891098],[-79.949398,-1.891034],[-79.949578,-1.890583],[-79.949251,-1.890384],[-79.949277,-1.890287],[-79.949559,-1.890255],[-79.949642,-1.890171],[-79.949834,-1.889302]]]},"properties":{"OBJECTID":26872,"dpa_parroq":"090650","dpa_despar":"DAULE","dpa_canton":"0906","dpa_descan":"DAULE","dpa_provin":"09","dpa_despro":"GUAYAS","dpa_anio":" ","txt":" ","fcode":" ","fcode_1":" ","descr":"AREA QUE PRESENTA CONDICIONES POTENCIALES PARA LA OCURRENCIA O NO DE UNA AMENAZA A INUNDACION","umo":"VALLE INDIFERENCIADO","pen":"PLANA","txs":"FRANCO ARCILLOSO","ttd":"FRANCO ARCILLOSO","ith":0,"sui":"ALTA","sce":0,"st_area_sh":16182.227625,"st_length_":1179.25270699,"anno":2025,"name":"DAULE"}},{"type":"Feature","id":26873,"geometry":{"type":"Polygon","coordinates":[[[-79.944598,-1.873702],[-79.944713,-1.873658],[-79.94478,-1.873856],[-79.94489,-1.873938],[-79.944933,-1.874146],[-79.944856,-1.874557],[-79.944659,-1.874803],[-79.944131,-1.874797],[-79.94393,-1.874986],[-79.943824,-1.875198],[-79.943478,-1.875328],[-79.943497,-1.875729],[-79.944035,-1.875879],[-79.94415,-1.876212],[-79.943809,-1.876352],[-79.943154,-1.876341],[-79.942943,-1.876505],[-79.942779,-1.876901],[-79.942137,-1.877037],[-79.942024,-1.877132],[-79.942072,-1.877366],[-79.942238,-1.877438],[-79.942727,-1.87745],[-79.942881,-1.877606],[-79.942899,-1.877726],[-79.942762,-1.877786],[-79.942143,-1.877779],[-79.942071,-1.877803],[-79.942077,-1.877983],[-79.942381,-1.878235],[-79.942827,-1.878331],[-79.943059,-1.878529],[-79.943018,-1.87863],[-79.942362,-1.879001],[-79.942255,-1.879199],[-79.942106,-1.879241],[-79.942005,-1.878845],[-79.942208,-1.878714],[-79.942297,-1.878546],[-79.942149,-1.878396],[-79.941654,-1.878342],[-79.941595,-1.878282],[-79.941435,-1.877228],[-79.941649,-1.876833],[-79.941959,-1.876575],[-79.942072,-1.876126],[-79.942144,-1.876042],[-79.942161,-1.876165],[-79.942355,-1.876102],[-79.94243,-1.875937],[-79.942371,-1.875735],[-79.942497,-1.87567],[-79.942752,-1.875809],[-79.942932,-1.875772],[-79.943119,-1.875458],[-79.943368,-1.875318],[-79.943339,-1.875096],[-79.943076,-1.874864],[-79.943167,-1.874464],[-79.943412,-1.873913],[-79.943508,-1.873846],[-79.943633,-1.873996],[-79.943734,-1.873996],[-79.943969,-1.87387],[-79.94418,-1.873866],[-79.944391,-1.873716],[-79.944598,-1.873702]]]},"properties":{"OBJECTID":26873,"dpa_parroq":"090650","dpa_despar":"DAULE","dpa_canton":"0906","dpa_descan":"DAULE","dpa_provin":"09","dpa_despro":"GUAYAS","dpa_anio":" ","txt":" ","fcode":" ","fcode_1":" ","descr":"AREA QUE PRESENTA CONDICIONES POTENCIALES PARA LA OCURRENCIA O NO DE UNA AMENAZA A INUNDACION","umo":"VALLE INDIFERENCIADO","pen":"PLANA","txs":"FRANCO ARCILLOSO","ttd":"FRANCO ARCILLOSO","ith":0,"sui":"ALTA","sce":0,"st_area_sh":66183.2567258,"st_length_":2261.10576435,"anno":2025,"name":"DAULE"}},{"type":"Feature","id":26874,"geometry":{"type":"Polygon","coordinates":[[[-79.954706,-1.856658],[-79.955281,-1.856479],[-79.955432,-1.856699],[-79.955404,-1.856961],[-79.955199,-1.857154],[-79.954925,-1.856851],[-79.954569,-1.857277],[-79.954349,-1.858738],[-79.954157,-1.858889],[-79.95376,-1.858903],[-79.953404,-1.859026],[-79.953514,-1.859261],[-79.953746,-1.859495],[-79.953993,-1.859399],[-79.954732,-1.859385],[-79.954993,-1.858628],[-79.955184,-1.858986],[-79.955348,-1.859069],[-79.955554,-1.859028],[-79.955663,-1.858849],[-79.955595,-1.858339],[-79.955445,-1.858118],[-79.955554,-1.858008],[-79.955746,-1.858174],[-79.955924,-1.858064],[-79.956157,-1.858091],[-79.956225,-1.858188],[-79.956458,-1.858257],[-79.956567,-1.858036],[-79.956568,-1.857843],[-79.95639,-1.857651],[-79.956321,-1.857416],[-79.956267,-1.856796],[-79.956322,-1.856631],[-79.956869,-1.857706],[-79.95717,-1.857899],[-79.95743,-1.857183],[-79.957321,-1.856838],[-79.957431,-1.85677],[-79.95754,-1.856949],[-79.957649,-1.857293],[-79.957608,-1.857858],[-79.9578,-1.858244],[-79.957607,-1.858919],[-79.957416,-1.85896],[-79.957306,-1.858822],[-79.956896,-1.858904],[-79.956717,-1.85918],[-79.956758,-1.859469],[-79.95721,-1.860007],[-79.957716,-1.86009],[-79.957826,-1.860007],[-79.958018,-1.860021],[-79.957675,-1.860365],[-79.957319,-1.860213],[-79.95721,-1.860323],[-79.957114,-1.860626],[-79.957141,-1.860861],[-79.957278,-1.860985],[-79.957579,-1.861522],[-79.95751,-1.861715],[-79.957387,-1.86177],[-79.956922,-1.860943],[-79.956621,-1.860034],[-79.95632,-1.859937],[-79.956019,-1.860061],[-79.9558,-1.86002],[-79.955499,-1.85973],[-79.954965,-1.859992],[-79.954841,-1.860198],[-79.954923,-1.860432],[-79.955416,-1.86024],[-79.955622,-1.860267],[-79.955772,-1.860419],[-79.955745,-1.860639],[-79.955484,-1.860708],[-79.955375,-1.860901],[-79.955484,-1.861314],[-79.955771,-1.861645],[-79.956538,-1.861852],[-79.957373,-1.86239],[-79.957934,-1.862459],[-79.958071,-1.862707],[-79.957851,-1.862983],[-79.957181,-1.863203],[-79.956934,-1.863988],[-79.957043,-1.864167],[-79.957331,-1.864222],[-79.957714,-1.864029],[-79.957864,-1.864209],[-79.957851,-1.864622],[-79.958001,-1.86498],[-79.958151,-1.865145],[-79.958151,-1.865407],[-79.957699,-1.865517],[-79.957097,-1.864773],[-79.956796,-1.864676],[-79.956057,-1.865103],[-79.956139,-1.864621],[-79.956331,-1.864359],[-79.956276,-1.863946],[-79.955497,-1.862513],[-79.954936,-1.862347],[-79.954128,-1.861603],[-79.953581,-1.86185],[-79.953375,-1.861575],[-79.95343,-1.861341],[-79.95354,-1.861423],[-79.953896,-1.861341],[-79.954019,-1.86101],[-79.953458,-1.860404],[-79.953363,-1.860156],[-79.95261,-1.859797],[-79.951925,-1.859632],[-79.951857,-1.859508],[-79.95183,-1.859273],[-79.952035,-1.859205],[-79.952268,-1.858791],[-79.952542,-1.858626],[-79.95272,-1.858378],[-79.95272,-1.858089],[-79.952898,-1.858034],[-79.953035,-1.858227],[-79.953514,-1.858406],[-79.953815,-1.85842],[-79.954213,-1.858186],[-79.954364,-1.857208],[-79.954706,-1.856658]]]},"properties":{"OBJECTID":26874,"dpa_parroq":"090650","dpa_despar":"DAULE","dpa_canton":"0906","dpa_descan":"DAULE","dpa_provin":"09","dpa_despro":"GUAYAS","dpa_anio":" ","txt":" ","fcode":" ","fcode_1":" ","descr":"AREA QUE PRESENTA CONDICIONES POTENCIALES PARA LA OCURRENCIA O NO DE UNA AMENAZA A INUNDACION","umo":"VALLE INDIFERENCIADO","pen":"PLANA","txs":"FRANCO ARCILLOSO","ttd":"FRANCO ARCILLOSO","ith":0,"sui":"ALTA","sce":0,"st_area_sh":225955.915829,"st_length_":5950.3617196,"anno":2025,"name":"DAULE"}},{"type":"Feature","id":26875,"geometry":{"type":"Polygon","coordinates":[[[-79.958701,-1.850779],[-79.958935,-1.850696],[-79.959071,-1.850464],[-79.95915,-1.850451],[-79.959586,-1.850843],[-79.959962,-1.850875],[-79.960057,-1.851009],[-79.959962,-1.851193],[-79.959795,-1.851253],[-79.959191,-1.850792],[-79.958771,-1.85104],[-79.958698,-1.851167],[-79.958751,-1.851316],[-79.959169,-1.851631],[-79.959156,-1.851686],[-79.958957,-1.851644],[-79.958672,-1.851434],[-79.958502,-1.851469],[-79.958198,-1.851701],[-79.957926,-1.851589],[-79.957825,-1.851675],[-79.957803,-1.851923],[-79.957727,-1.852028],[-79.957597,-1.851866],[-79.957515,-1.851586],[-79.957187,-1.851579],[-79.957048,-1.851401],[-79.956858,-1.851312],[-79.956915,-1.851016],[-79.95732,-1.851204],[-79.957645,-1.851077],[-79.957945,-1.85109],[-79.958021,-1.85088],[-79.958192,-1.850915],[-79.958262,-1.850817],[-79.958515,-1.850893],[-79.958701,-1.850779]]]},"properties":{"OBJECTID":26875,"dpa_parroq":"090650","dpa_despar":"DAULE","dpa_canton":"0906","dpa_descan":"DAULE","dpa_provin":"09","dpa_despro":"GUAYAS","dpa_anio":" ","txt":" ","fcode":" ","fcode_1":" ","descr":"AREA QUE PRESENTA CONDICIONES POTENCIALES PARA LA OCURRENCIA O NO DE UNA AMENAZA A INUNDACION","umo":"VALLE INDIFERENCIADO","pen":"PLANA","txs":"FRANCO ARCILLOSO","ttd":"FRANCO ARCILLOSO","ith":0,"sui":"ALTA","sce":0,"st_area_sh":19129.9611014,"st_length_":1090.02975691,"anno":2025,"name":"DAULE"}},{"type":"Feature","id":26876,"geometry":{"type":"Polygon","coordinates":[[[-79.960459,-1.847896],[-79.961591,-1.846984],[-79.961875,-1.846909],[-79.962347,-1.846955],[-79.962825,-1.847069],[-79.962972,-1.847717],[-79.963588,-1.848019],[-79.963883,-1.84804],[-79.964199,-1.847951],[-79.964464,-1.848405],[-79.964388,-1.848541],[-79.964156,-1.848698],[-79.963469,-1.848358],[-79.963195,-1.84832],[-79.962787,-1.848387],[-79.962711,-1.848459],[-79.962453,-1.849418],[-79.961968,-1.849765],[-79.96201,-1.850216],[-79.962172,-1.850336],[-79.962435,-1.85024],[-79.963018,-1.850739],[-79.963234,-1.850713],[-79.963502,-1.850935],[-79.963504,-1.851186],[-79.963276,-1.851563],[-79.963295,-1.851735],[-79.963069,-1.852562],[-79.963086,-1.853013],[-79.962815,-1.853538],[-79.96265,-1.853611],[-79.962751,-1.853767],[-79.962707,-1.853888],[-79.961923,-1.853761],[-79.961606,-1.853816],[-79.961509,-1.853913],[-79.961366,-1.854588],[-79.960805,-1.855601],[-79.960543,-1.855706],[-79.959605,-1.855383],[-79.959122,-1.855129],[-79.958785,-1.854501],[-79.958807,-1.85428],[-79.958869,-1.854235],[-79.95938,-1.854761],[-79.959549,-1.854818],[-79.959729,-1.854677],[-79.960269,-1.853964],[-79.960438,-1.853269],[-79.960736,-1.852885],[-79.960747,-1.85254],[-79.960922,-1.852138],[-79.961732,-1.851337],[-79.961791,-1.851011],[-79.961311,-1.850256],[-79.961267,-1.849804],[-79.96147,-1.84893],[-79.961837,-1.848681],[-79.962115,-1.847942],[-79.961597,-1.847934],[-79.961313,-1.84813],[-79.960863,-1.848138],[-79.960459,-1.847896]]]},"properties":{"OBJECTID":26876,"dpa_parroq":"090650","dpa_despar":"DAULE","dpa_canton":"0906","dpa_descan":"DAULE","dpa_provin":"09","dpa_despro":"GUAYAS","dpa_anio":" ","txt":" ","fcode":" ","fcode_1":" ","descr":"AREA QUE PRESENTA CONDICIONES POTENCIALES PARA LA OCURRENCIA O NO DE UNA AMENAZA A INUNDACION","umo":"VALLE INDIFERENCIADO","pen":"PLANA","txs":"FRANCO ARCILLOSO","ttd":"FRANCO ARCILLOSO","ith":0,"sui":"ALTA","sce":0,"st_area_sh":183675.212718,"st_length_":3438.09188409,"anno":2025,"name":"DAULE"}},{"type":"Feature","id":26877,"geometry":{"type":"Polygon","coordinates":[[[-79.957535,-1.844849],[-79.95781,-1.844725],[-79.957985,-1.844442],[-79.958064,-1.84399],[-79.957968,-1.843888],[-79.957991,-1.84373],[-79.958935,-1.843442],[-79.959059,-1.843419],[-79.959171,-1.843487],[-79.959137,-1.84394],[-79.959418,-1.844398],[-79.95946,-1.845242],[-79.959677,-1.845461],[-79.959842,-1.845499],[-79.960059,-1.845416],[-79.960351,-1.84516],[-79.960726,-1.844421],[-79.961274,-1.84418],[-79.961371,-1.844045],[-79.961693,-1.84406],[-79.961596,-1.844361],[-79.961153,-1.844791],[-79.961101,-1.845115],[-79.961183,-1.845221],[-79.96119,-1.845522],[-79.961108,-1.845779],[-79.960343,-1.846042],[-79.960118,-1.84623],[-79.959676,-1.846992],[-79.959436,-1.847082],[-79.957567,-1.84736],[-79.95714,-1.847942],[-79.95701,-1.848293],[-79.956752,-1.848275],[-79.956538,-1.848162],[-79.956533,-1.848004],[-79.956662,-1.847778],[-79.956601,-1.847173],[-79.956219,-1.847365],[-79.955612,-1.847506],[-79.955347,-1.847449],[-79.954988,-1.847211],[-79.955061,-1.84707],[-79.955657,-1.846878],[-79.955859,-1.846539],[-79.956236,-1.846669],[-79.956624,-1.846268],[-79.956601,-1.846132],[-79.956382,-1.8459],[-79.956192,-1.845544],[-79.955832,-1.845425],[-79.955585,-1.845566],[-79.955512,-1.845515],[-79.955405,-1.845102],[-79.955529,-1.845029],[-79.956085,-1.845097],[-79.9564,-1.844995],[-79.956816,-1.845109],[-79.957181,-1.844877],[-79.957434,-1.844906],[-79.957535,-1.844849]]]},"properties":{"OBJECTID":26877,"dpa_parroq":"090650","dpa_despar":"DAULE","dpa_canton":"0906","dpa_descan":"DAULE","dpa_provin":"09","dpa_despro":"GUAYAS","dpa_anio":" ","txt":" ","fcode":" ","fcode_1":" ","descr":"AREA QUE PRESENTA CONDICIONES POTENCIALES PARA LA OCURRENCIA O NO DE UNA AMENAZA A INUNDACION","umo":"VALLE INDIFERENCIADO","pen":"PLANA","txs":"FRANCO ARCILLOSO","ttd":"FRANCO ARCILLOSO","ith":0,"sui":"ALTA","sce":0,"st_area_sh":162060.49971,"st_length_":2707.25832777,"anno":2025,"name":"DAULE"}},{"type":"Feature","id":26878,"geometry":{"type":"Polygon","coordinates":[[[-79.979512,-1.843707],[-79.97982,-1.843397],[-79.979892,-1.843096],[-79.979893,-1.842416],[-79.980057,-1.842333],[-79.980283,-1.842395],[-79.980775,-1.84284],[-79.980991,-1.84316],[-79.981412,-1.843171],[-79.981689,-1.843409],[-79.981863,-1.843833],[-79.982332,-1.844347],[-79.982954,-1.844591],[-79.983527,-1.843214],[-79.983753,-1.843234],[-79.983813,-1.843431],[-79.983402,-1.844669],[-79.983401,-1.844972],[-79.983523,-1.845125],[-79.984729,-1.845285],[-79.984859,-1.845457],[-79.984266,-1.845912],[-79.98412,-1.84622],[-79.983421,-1.84623],[-79.983298,-1.846499],[-79.983276,-1.847634],[-79.983324,-1.848064],[-79.983469,-1.848503],[-79.983404,-1.848585],[-79.982379,-1.848535],[-79.981692,-1.848405],[-79.981716,-1.847998],[-79.981805,-1.847909],[-79.98246,-1.84797],[-79.982629,-1.847556],[-79.982667,-1.846263],[-79.982564,-1.846123],[-79.982376,-1.846099],[-79.982243,-1.845279],[-79.982327,-1.845072],[-79.982233,-1.844866],[-79.981964,-1.844803],[-79.980939,-1.84377],[-79.980785,-1.843744],[-79.979902,-1.844079],[-79.979522,-1.844079],[-79.979368,-1.843965],[-79.979375,-1.843845],[-79.979512,-1.843707]]]},"properties":{"OBJECTID":26878,"dpa_parroq":"090650","dpa_despar":"DAULE","dpa_canton":"0906","dpa_descan":"DAULE","dpa_provin":"09","dpa_despro":"GUAYAS","dpa_anio":" ","txt":" ","fcode":" ","fcode_1":" ","descr":"AREA QUE PRESENTA CONDICIONES POTENCIALES PARA LA OCURRENCIA O NO DE UNA AMENAZA A INUNDACION","umo":"VALLE INDIFERENCIADO","pen":"PLANA","txs":"FRANCO ARCILLOSO","ttd":"FRANCO ARCILLOSO","ith":0,"sui":"ALTA","sce":0,"st_area_sh":104705.758495,"st_length_":2760.37051314,"anno":2025,"name":"DAULE"}},{"type":"Feature","id":26879,"geometry":{"type":"Polygon","coordinates":[[[-79.957326,-1.809167],[-79.957298,-1.808856],[-79.958298,-1.808856],[-79.958079,-1.809116],[-79.957574,-1.809203],[-79.957326,-1.809167]]]},"properties":{"OBJECTID":26879,"dpa_parroq":"090650","dpa_despar":"DAULE","dpa_canton":"0906","dpa_descan":"DAULE","dpa_provin":"09","dpa_despro":"GUAYAS","dpa_anio":" ","txt":" ","fcode":" ","fcode_1":" ","descr":"AREA QUE PRESENTA CONDICIONES POTENCIALES PARA LA OCURRENCIA O NO DE UNA AMENAZA A INUNDACION","umo":"VALLE INDIFERENCIADO","pen":"PLANA","txs":"FRANCO ARCILLOSO","ttd":"FRANCO ARCILLOSO","ith":0,"sui":"ALTA","sce":0,"st_area_sh":3287.86694292,"st_length_":268.221765473,"anno":2025,"name":"DAULE"}},{"type":"Feature","id":26880,"geometry":{"type":"Polygon","coordinates":[[[-79.968926,-1.824713],[-79.96877,-1.824427],[-79.96827,-1.824052],[-79.96772,-1.823032],[-79.967931,-1.822519],[-79.96777,-1.822157],[-79.967899,-1.821913],[-79.967924,-1.821286],[-79.968234,-1.820859],[-79.968526,-1.820767],[-79.968928,-1.820935],[-79.969141,-1.821197],[-79.969081,-1.821354],[-79.968617,-1.821761],[-79.968487,-1.82212],[-79.968627,-1.822532],[-79.968263,-1.823136],[-79.968233,-1.823499],[-79.968522,-1.823715],[-79.968945,-1.823885],[-79.969262,-1.824456],[-79.969716,-1.824702],[-79.969952,-1.824678],[-79.970224,-1.824064],[-79.970383,-1.82404],[-79.970597,-1.82412],[-79.970969,-1.824482],[-79.971019,-1.824667],[-79.971011,-1.825095],[-79.970639,-1.826256],[-79.970147,-1.82661],[-79.969862,-1.827148],[-79.969251,-1.827786],[-79.969458,-1.828346],[-79.969462,-1.828479],[-79.969314,-1.828598],[-79.969302,-1.828748],[-79.969644,-1.829085],[-79.969644,-1.829369],[-79.969349,-1.829648],[-79.969063,-1.829726],[-79.968827,-1.830218],[-79.968727,-1.830839],[-79.968766,-1.831016],[-79.969477,-1.831267],[-79.969507,-1.831478],[-79.968956,-1.831773],[-79.968946,-1.831919],[-79.969025,-1.832025],[-79.969255,-1.832115],[-79.969433,-1.83201],[-79.969859,-1.831463],[-79.970274,-1.8314],[-79.970459,-1.831477],[-79.970651,-1.831757],[-79.970977,-1.831978],[-79.971036,-1.832171],[-79.970865,-1.832198],[-79.97032,-1.831993],[-79.969947,-1.832008],[-79.969708,-1.832191],[-79.969665,-1.832313],[-79.96961,-1.83265],[-79.969732,-1.832949],[-79.969663,-1.83303],[-79.969321,-1.832701],[-79.969206,-1.832713],[-79.968982,-1.832877],[-79.968448,-1.833031],[-79.968119,-1.833217],[-79.967815,-1.833481],[-79.967774,-1.833597],[-79.967339,-1.833597],[-79.967179,-1.833741],[-79.967232,-1.833952],[-79.967075,-1.833818],[-79.966683,-1.83423],[-79.966234,-1.834335],[-79.96607,-1.834202],[-79.965154,-1.833839],[-79.964347,-1.833384],[-79.964156,-1.833375],[-79.963464,-1.833572],[-79.963596,-1.833183],[-79.963365,-1.83313],[-79.963287,-1.832986],[-79.963132,-1.833334],[-79.962993,-1.833434],[-79.962956,-1.833318],[-79.963116,-1.833097],[-79.963158,-1.832776],[-79.96278,-1.832197],[-79.962602,-1.831438],[-79.962174,-1.831106],[-79.961635,-1.830966],[-79.961259,-1.831003],[-79.960669,-1.830799],[-79.960539,-1.830594],[-79.960147,-1.830547],[-79.959851,-1.830352],[-79.959685,-1.830331],[-79.959414,-1.830105],[-79.958859,-1.829994],[-79.958545,-1.830004],[-79.958306,-1.830112],[-79.958124,-1.830338],[-79.957896,-1.831196],[-79.95772,-1.83128],[-79.957511,-1.831016],[-79.957403,-1.830995],[-79.957295,-1.831128],[-79.956821,-1.831199],[-79.956535,-1.831155],[-79.956418,-1.831248],[-79.956236,-1.831267],[-79.956079,-1.831158],[-79.955947,-1.831167],[-79.955779,-1.830934],[-79.955903,-1.830769],[-79.956295,-1.830756],[-79.956424,-1.830632],[-79.956987,-1.830456],[-79.957186,-1.830458],[-79.957532,-1.830311],[-79.957761,-1.830148],[-79.957862,-1.829974],[-79.958191,-1.829788],[-79.958327,-1.829853],[-79.958452,-1.829788],[-79.958622,-1.829839],[-79.958865,-1.829689],[-79.959461,-1.829889],[-79.959928,-1.829743],[-79.960415,-1.829732],[-79.960919,-1.830125],[-79.960706,-1.830134],[-79.960166,-1.829836],[-79.95981,-1.829815],[-79.959743,-1.829996],[-79.959944,-1.829996],[-79.961124,-1.830569],[-79.96162,-1.830684],[-79.96227,-1.830685],[-79.962888,-1.830924],[-79.963095,-1.831395],[-79.963119,-1.832083],[-79.963467,-1.832505],[-79.963935,-1.832735],[-79.964582,-1.832933],[-79.964816,-1.832903],[-79.965079,-1.832706],[-79.96499,-1.833149],[-79.965177,-1.833428],[-79.966102,-1.833761],[-79.966755,-1.833563],[-79.967183,-1.833258],[-79.967593,-1.833118],[-79.968123,-1.832639],[-79.968259,-1.832308],[-79.967883,-1.831586],[-79.967809,-1.829574],[-79.967675,-1.829339],[-79.967563,-1.829283],[-79.967019,-1.829294],[-79.966929,-1.829146],[-79.966865,-1.828643],[-79.967236,-1.828858],[-79.967612,-1.828906],[-79.967836,-1.828868],[-79.968257,-1.828657],[-79.968396,-1.828506],[-79.968481,-1.827781],[-79.968703,-1.827228],[-79.968715,-1.827057],[-79.96856,-1.826715],[-79.96865,-1.826575],[-79.968868,-1.826448],[-79.969401,-1.82632],[-79.969667,-1.826101],[-79.969957,-1.825654],[-79.969961,-1.825485],[-79.969708,-1.825136],[-79.969102,-1.824873],[-79.968926,-1.824713]]]},"properties":{"OBJECTID":26880,"dpa_parroq":"090650","dpa_despar":"DAULE","dpa_canton":"0906","dpa_descan":"DAULE","dpa_provin":"09","dpa_despro":"GUAYAS","dpa_anio":" ","txt":" ","fcode":" ","fcode_1":" ","descr":"AREA QUE PRESENTA CONDICIONES POTENCIALES PARA LA OCURRENCIA O NO DE UNA AMENAZA A INUNDACION","umo":"VALLE INDIFERENCIADO","pen":"PLANA","txs":"FRANCO ARCILLOSO","ttd":"FRANCO ARCILLOSO","ith":0,"sui":"ALTA","sce":0,"st_area_sh":263885.617946,"st_length_":8445.42594855,"anno":2025,"name":"DAULE"}},{"type":"Feature","id":26881,"geometry":{"type":"Polygon","coordinates":[[[-79.94088,-1.813183],[-79.94115,-1.813005],[-79.941403,-1.81262],[-79.941458,-1.812799],[-79.941403,-1.813115],[-79.941304,-1.813276],[-79.94091,-1.813529],[-79.939925,-1.813234],[-79.939555,-1.813286],[-79.939459,-1.813392],[-79.939397,-1.813578],[-79.939394,-1.814197],[-79.939521,-1.814906],[-79.939371,-1.815057],[-79.93922,-1.815425],[-79.939147,-1.816227],[-79.938978,-1.816345],[-79.939156,-1.815491],[-79.93941,-1.813228],[-79.939613,-1.813083],[-79.939884,-1.813052],[-79.940579,-1.813201],[-79.94088,-1.813183]]]},"properties":{"OBJECTID":26881,"dpa_parroq":"090650","dpa_despar":"DAULE","dpa_canton":"0906","dpa_descan":"DAULE","dpa_provin":"09","dpa_despro":"GUAYAS","dpa_anio":" ","txt":" ","fcode":" ","fcode_1":" ","descr":"AREA QUE PRESENTA CONDICIONES POTENCIALES PARA LA OCURRENCIA O NO DE UNA AMENAZA A INUNDACION","umo":"VALLE INDIFERENCIADO","pen":"PLANA","txs":"FRANCO ARCILLOSO","ttd":"FRANCO ARCILLOSO","ith":0,"sui":"ALTA","sce":0,"st_area_sh":10974.3052818,"st_length_":1255.97887961,"anno":2025,"name":"DAULE"}},{"type":"Feature","id":26882,"geometry":{"type":"Polygon","coordinates":[[[-79.941256,-1.812245],[-79.940794,-1.810521],[-79.940994,-1.808856],[-79.941196,-1.808856],[-79.941028,-1.809702],[-79.941016,-1.810292],[-79.941215,-1.811389],[-79.941424,-1.812014],[-79.941412,-1.812196],[-79.941256,-1.812245]]]},"properties":{"OBJECTID":26882,"dpa_parroq":"090650","dpa_despar":"DAULE","dpa_canton":"0906","dpa_descan":"DAULE","dpa_provin":"09","dpa_despro":"GUAYAS","dpa_anio":" ","txt":" ","fcode":" ","fcode_1":" ","descr":"AREA QUE PRESENTA CONDICIONES POTENCIALES PARA LA OCURRENCIA O NO DE UNA AMENAZA A INUNDACION","umo":"VALLE INDIFERENCIADO","pen":"PLANA","txs":"FRANCO ARCILLOSO","ttd":"FRANCO ARCILLOSO","ith":0,"sui":"ALTA","sce":0,"st_area_sh":8113.2181573,"st_length_":800.367365475,"anno":2025,"name":"DAULE"}},{"type":"Feature","id":26883,"geometry":{"type":"Polygon","coordinates":[[[-79.941848,-1.809811],[-79.941694,-1.809702],[-79.941671,-1.809295],[-79.941455,-1.809191],[-79.941432,-1.808856],[-79.942135,-1.808856],[-79.942052,-1.809288],[-79.942103,-1.809738],[-79.941848,-1.809811]]]},"properties":{"OBJECTID":26883,"dpa_parroq":"090650","dpa_despar":"DAULE","dpa_canton":"0906","dpa_descan":"DAULE","dpa_provin":"09","dpa_despro":"GUAYAS","dpa_anio":" ","txt":" ","fcode":" ","fcode_1":" ","descr":"AREA QUE PRESENTA CONDICIONES POTENCIALES PARA LA OCURRENCIA O NO DE UNA AMENAZA A INUNDACION","umo":"VALLE INDIFERENCIADO","pen":"PLANA","txs":"FRANCO ARCILLOSO","ttd":"FRANCO ARCILLOSO","ith":0,"sui":"ALTA","sce":0,"st_area_sh":5647.35370742,"st_length_":336.098380827,"anno":2025,"name":"DAULE"}},{"type":"Feature","id":26884,"geometry":{"type":"Polygon","coordinates":[[[-79.954935,-1.80891],[-79.954971,-1.808856],[-79.955861,-1.808856],[-79.955739,-1.809198],[-79.955127,-1.809338],[-79.954444,-1.809707],[-79.953658,-1.809953],[-79.953542,-1.810017],[-79.953348,-1.810373],[-79.953141,-1.810456],[-79.95267,-1.809982],[-79.952352,-1.810199],[-79.952268,-1.810175],[-79.952135,-1.809907],[-79.951634,-1.809637],[-79.951529,-1.809492],[-79.951703,-1.809191],[-79.951551,-1.808999],[-79.951457,-1.809016],[-79.950885,-1.809707],[-79.95074,-1.810598],[-79.950859,-1.810802],[-79.9513,-1.810923],[-79.951476,-1.811049],[-79.952031,-1.811815],[-79.951962,-1.811871],[-79.951032,-1.811618],[-79.950855,-1.811679],[-79.950669,-1.811955],[-79.950528,-1.812043],[-79.950156,-1.811943],[-79.949928,-1.812461],[-79.949913,-1.812684],[-79.949998,-1.812814],[-79.950611,-1.813182],[-79.950695,-1.813464],[-79.950119,-1.813705],[-79.950037,-1.813829],[-79.950263,-1.814072],[-79.950281,-1.814294],[-79.950219,-1.814389],[-79.949705,-1.81461],[-79.949644,-1.814849],[-79.949803,-1.815],[-79.950376,-1.815245],[-79.950561,-1.816031],[-79.950504,-1.816455],[-79.950294,-1.816886],[-79.950349,-1.817088],[-79.950544,-1.817258],[-79.95106,-1.817455],[-79.951191,-1.817699],[-79.951125,-1.818064],[-79.950788,-1.818265],[-79.950636,-1.818514],[-79.950655,-1.818712],[-79.951029,-1.819245],[-79.950992,-1.819481],[-79.950795,-1.819535],[-79.950166,-1.818921],[-79.949961,-1.818443],[-79.949871,-1.817861],[-79.949691,-1.817667],[-79.949068,-1.817446],[-79.948513,-1.817401],[-79.948294,-1.817455],[-79.947693,-1.817816],[-79.946913,-1.817842],[-79.946749,-1.817604],[-79.946781,-1.817393],[-79.946907,-1.817353],[-79.947469,-1.817445],[-79.947745,-1.816968],[-79.947801,-1.816495],[-79.948406,-1.816508],[-79.948447,-1.816327],[-79.94845,-1.816064],[-79.948323,-1.815637],[-79.948352,-1.815488],[-79.948235,-1.815272],[-79.947834,-1.815173],[-79.94733,-1.81552],[-79.94727,-1.815358],[-79.946896,-1.81499],[-79.946925,-1.814921],[-79.947312,-1.814838],[-79.947516,-1.814623],[-79.947925,-1.814763],[-79.948145,-1.814669],[-79.948139,-1.814585],[-79.947923,-1.814421],[-79.947391,-1.814095],[-79.947298,-1.813919],[-79.947692,-1.813856],[-79.947917,-1.813637],[-79.94742,-1.813226],[-79.947212,-1.812434],[-79.947584,-1.812122],[-79.947705,-1.811561],[-79.948077,-1.811171],[-79.948019,-1.810541],[-79.948155,-1.810544],[-79.948318,-1.810668],[-79.948394,-1.811765],[-79.948565,-1.812024],[-79.94875,-1.812094],[-79.948952,-1.811846],[-79.949014,-1.811649],[-79.949005,-1.811287],[-79.948633,-1.810242],[-79.947452,-1.808856],[-79.947773,-1.808856],[-79.947848,-1.809019],[-79.948088,-1.809241],[-79.948594,-1.809419],[-79.949263,-1.810418],[-79.949475,-1.810525],[-79.949692,-1.810342],[-79.949426,-1.809791],[-79.949611,-1.809342],[-79.949123,-1.808856],[-79.952272,-1.808856],[-79.952285,-1.808923],[-79.952808,-1.809129],[-79.953925,-1.809332],[-79.954201,-1.809183],[-79.954114,-1.808856],[-79.954935,-1.80891]]]},"properties":{"OBJECTID":26884,"dpa_parroq":"090650","dpa_despar":"DAULE","dpa_canton":"0906","dpa_descan":"DAULE","dpa_provin":"09","dpa_despro":"GUAYAS","dpa_anio":" ","txt":" ","fcode":" ","fcode_1":" ","descr":"AREA QUE PRESENTA CONDICIONES POTENCIALES PARA LA OCURRENCIA O NO DE UNA AMENAZA A INUNDACION","umo":"VALLE INDIFERENCIADO","pen":"PLANA","txs":"FRANCO ARCILLOSO","ttd":"FRANCO ARCILLOSO","ith":0,"sui":"ALTA","sce":0,"st_area_sh":334179.98118,"st_length_":6482.57413659,"anno":2025,"name":"DAULE"}},{"type":"Feature","id":26885,"geometry":{"type":"Polygon","coordinates":[[[-79.909012,-1.89491],[-79.909494,-1.894823],[-79.911004,-1.894295],[-79.913127,-1.894054],[-79.913587,-1.893834],[-79.914222,-1.893196],[-79.914594,-1.892602],[-79.914813,-1.892051],[-79.915121,-1.890202],[-79.915669,-1.889123],[-79.915845,-1.887009],[-79.915627,-1.886238],[-79.915299,-1.885467],[-79.914359,-1.883441],[-79.913353,-1.881877],[-79.912588,-1.880423],[-79.911714,-1.879299],[-79.911451,-1.878859],[-79.911583,-1.878374],[-79.911605,-1.877978],[-79.911452,-1.87767],[-79.910971,-1.877449],[-79.910861,-1.877163],[-79.910314,-1.87692],[-79.910183,-1.876788],[-79.91014,-1.876524],[-79.910469,-1.87485],[-79.91071,-1.874344],[-79.91106,-1.873992],[-79.911279,-1.873992],[-79.911892,-1.874411],[-79.912001,-1.874697],[-79.912131,-1.876547],[-79.912306,-1.87756],[-79.912634,-1.877869],[-79.91318,-1.87864],[-79.913508,-1.878904],[-79.913727,-1.879235],[-79.913924,-1.879741],[-79.91458,-1.880644],[-79.915542,-1.881658],[-79.915826,-1.882099],[-79.916286,-1.882539],[-79.916678,-1.883312],[-79.917477,-1.884518],[-79.917956,-1.885725],[-79.917981,-1.886877],[-79.917875,-1.887467],[-79.917873,-1.88945],[-79.917623,-1.891135],[-79.917452,-1.891632],[-79.917366,-1.892455],[-79.916701,-1.893621],[-79.91653,-1.894479],[-79.916325,-1.894805],[-79.915933,-1.895302],[-79.914636,-1.89621],[-79.913443,-1.896587],[-79.912437,-1.896466],[-79.911687,-1.896157],[-79.911261,-1.895762],[-79.910664,-1.895453],[-79.909812,-1.895418],[-79.90901,-1.895727],[-79.908345,-1.896104],[-79.907415,-1.896178],[-79.906617,-1.896528],[-79.906109,-1.896791],[-79.904837,-1.897783],[-79.904492,-1.898286],[-79.90448,-1.898582],[-79.904578,-1.898859],[-79.904749,-1.898958],[-79.904828,-1.89963],[-79.905061,-1.89963],[-79.905214,-1.89992],[-79.905391,-1.900012],[-79.905685,-1.899834],[-79.905747,-1.899883],[-79.905777,-1.900191],[-79.905948,-1.900277],[-79.906307,-1.902065],[-79.906579,-1.902471],[-79.907046,-1.902942],[-79.907416,-1.90361],[-79.907916,-1.904235],[-79.908108,-1.904716],[-79.908079,-1.90521],[-79.907754,-1.90606],[-79.906388,-1.908863],[-79.905894,-1.909389],[-79.904994,-1.909885],[-79.903499,-1.909854],[-79.902048,-1.909678],[-79.901351,-1.909853],[-79.900959,-1.910086],[-79.900755,-1.910451],[-79.90077,-1.910743],[-79.900943,-1.911255],[-79.901987,-1.912789],[-79.902814,-1.913738],[-79.903249,-1.914527],[-79.903294,-1.91684],[-79.903414,-1.917191],[-79.903726,-1.917343],[-79.90502,-1.917382],[-79.905762,-1.917478],[-79.906561,-1.917881],[-79.907036,-1.918417],[-79.908235,-1.91882],[-79.908672,-1.918839],[-79.909244,-1.918552],[-79.909947,-1.918744],[-79.91029,-1.918611],[-79.911813,-1.917635],[-79.912594,-1.916717],[-79.913641,-1.91576],[-79.913964,-1.915291],[-79.914241,-1.91518],[-79.915646,-1.916651],[-79.912255,-1.91952],[-79.911608,-1.919845],[-79.911113,-1.920247],[-79.910637,-1.920495],[-79.909514,-1.920839],[-79.909019,-1.920762],[-79.908372,-1.920437],[-79.907459,-1.920608],[-79.906812,-1.920646],[-79.906089,-1.920416],[-79.905423,-1.919688],[-79.905062,-1.919669],[-79.904034,-1.919323],[-79.902782,-1.918493],[-79.902292,-1.918526],[-79.902107,-1.91892],[-79.901576,-1.919367],[-79.900898,-1.919523],[-79.89964,-1.919444],[-79.898944,-1.919249],[-79.897764,-1.918605],[-79.897106,-1.917865],[-79.896681,-1.917631],[-79.89606,-1.917015],[-79.894148,-1.912385],[-79.893438,-1.911349],[-79.892998,-1.910859],[-79.892465,-1.9104],[-79.891726,-1.910036],[-79.891129,-1.909925],[-79.890359,-1.90994],[-79.889275,-1.910461],[-79.887495,-1.914316],[-79.887142,-1.915711],[-79.886987,-1.91686],[-79.887006,-1.917288],[-79.887122,-1.917503],[-79.887954,-1.917951],[-79.888633,-1.917921],[-79.889632,-1.918516],[-79.892042,-1.91972],[-79.895039,-1.920619],[-79.89792,-1.922446],[-79.895639,-1.923833],[-79.895323,-1.923454],[-79.894528,-1.922792],[-79.892978,-1.922083],[-79.891989,-1.921983],[-79.89149,-1.922073],[-79.891195,-1.921817],[-79.89099,-1.921798],[-79.890852,-1.921975],[-79.890319,-1.922248],[-79.89016,-1.922438],[-79.89014,-1.922695],[-79.890271,-1.923934],[-79.892197,-1.924357],[-79.893525,-1.925118],[-79.890652,-1.926866],[-79.890399,-1.926858],[-79.889985,-1.926972],[-79.889703,-1.927426],[-79.889025,-1.929016],[-79.888516,-1.929678],[-79.887443,-1.930927],[-79.886897,-1.931362],[-79.886334,-1.931625],[-79.879926,-1.931447],[-79.877412,-1.930451],[-79.876218,-1.930198],[-79.875716,-1.930213],[-79.875259,-1.930361],[-79.875141,-1.930598],[-79.875162,-1.930978],[-79.875362,-1.93132],[-79.872742,-1.931247],[-79.872772,-1.930396],[-79.873781,-1.928444],[-79.874224,-1.927999],[-79.874873,-1.927866],[-79.875522,-1.927852],[-79.876186,-1.927659],[-79.876628,-1.927748],[-79.878515,-1.92867],[-79.879059,-1.929131],[-79.881926,-1.92966],[-79.884191,-1.929684],[-79.885112,-1.929425],[-79.887618,-1.927876],[-79.888097,-1.927056],[-79.8879,-1.922529],[-79.888492,-1.920559],[-79.887851,-1.919058],[-79.886886,-1.918828],[-79.885501,-1.917698],[-79.885378,-1.917048],[-79.884936,-1.916492],[-79.884493,-1.914854],[-79.884778,-1.913507],[-79.885527,-1.913008],[-79.886228,-1.912008],[-79.88656,-1.910823],[-79.887592,-1.909712],[-79.888311,-1.907978],[-79.889583,-1.906489],[-79.892382,-1.906602],[-79.894039,-1.907492],[-79.894886,-1.908382],[-79.896628,-1.912462],[-79.897202,-1.914758],[-79.89979,-1.916352],[-79.90022,-1.91625],[-79.900568,-1.916016],[-79.900975,-1.915506],[-79.901297,-1.91395],[-79.90121,-1.913425],[-79.901047,-1.913151],[-79.900297,-1.912471],[-79.899775,-1.910872],[-79.899928,-1.909777],[-79.900146,-1.909152],[-79.901807,-1.907453],[-79.902069,-1.907355],[-79.903789,-1.907498],[-79.904812,-1.907389],[-79.905237,-1.907017],[-79.905515,-1.906259],[-79.905511,-1.905248],[-79.905631,-1.904554],[-79.905571,-1.904106],[-79.905402,-1.903663],[-79.905126,-1.903247],[-79.904672,-1.902937],[-79.904415,-1.902604],[-79.904473,-1.902239],[-79.904418,-1.902045],[-79.904211,-1.901661],[-79.904161,-1.901204],[-79.903712,-1.900399],[-79.903469,-1.89941],[-79.903391,-1.898218],[-79.903318,-1.897982],[-79.903387,-1.89752],[-79.903806,-1.896989],[-79.904853,-1.896422],[-79.905442,-1.895724],[-79.907573,-1.895108],[-79.907721,-1.894954],[-79.909012,-1.89491]]]},"properties":{"OBJECTID":26885,"dpa_parroq":"090652","dpa_despar":"JUAN BAUTISTA AGUIRRE","dpa_canton":"0906","dpa_descan":"DAULE","dpa_provin":"09","dpa_despro":"GUAYAS","dpa_anio":" ","txt":" ","fcode":" ","fcode_1":" ","descr":"AREA QUE PRESENTA CONDICIONES POTENCIALES PARA LA OCURRENCIA O NO DE UNA AMENAZA A INUNDACION","umo":"CAUCE ABANDONADO","pen":"PLANA","txs":"ARCILLOSO","ttd":"FRANCO ARCILLOSO","ith":0,"sui":"ALTA","sce":0,"st_area_sh":3557581.39238,"st_length_":32008.140328,"anno":2025,"name":"JUAN BAUTISTA AGUIRRE"}},{"type":"Feature","id":26886,"geometry":{"type":"Polygon","coordinates":[[[-79.879618,-1.931438],[-79.875362,-1.93132],[-79.875162,-1.930978],[-79.875141,-1.930598],[-79.875259,-1.930361],[-79.875716,-1.930213],[-79.876218,-1.930198],[-79.877412,-1.930451],[-79.878312,-1.930764],[-79.87972,-1.93135],[-79.879618,-1.931438]]]},"properties":{"OBJECTID":26886,"dpa_parroq":"090652","dpa_despar":"JUAN BAUTISTA AGUIRRE","dpa_canton":"0906","dpa_descan":"DAULE","dpa_provin":"09","dpa_despro":"GUAYAS","dpa_anio":" ","txt":" ","fcode":" ","fcode_1":" ","descr":"AREA QUE PRESENTA CONDICIONES POTENCIALES PARA LA OCURRENCIA O NO DE UNA AMENAZA A INUNDACION","umo":"DIQUE O BANCO ALUVIAL","pen":"PLANA","txs":"FRANCO ARCILLOSO","ttd":"ARCILLOSO","ith":0,"sui":"ALTA","sce":0,"st_area_sh":43575.4730639,"st_length_":1124.21310086,"anno":2025,"name":"JUAN BAUTISTA AGUIRRE"}},{"type":"Feature","id":26887,"geometry":{"type":"Polygon","coordinates":[[[-79.911453,-1.900682],[-79.911563,-1.900504],[-79.911961,-1.900304],[-79.912956,-1.900282],[-79.914261,-1.900439],[-79.915167,-1.900751],[-79.915587,-1.90104],[-79.915764,-1.901441],[-79.916007,-1.90262],[-79.916005,-1.905446],[-79.915031,-1.907403],[-79.914323,-1.907914],[-79.913748,-1.908114],[-79.913239,-1.908136],[-79.912642,-1.908047],[-79.912244,-1.907913],[-79.911802,-1.907512],[-79.91052,-1.907022],[-79.90968,-1.906376],[-79.90807,-1.904679],[-79.907916,-1.904235],[-79.907387,-1.903558],[-79.908465,-1.903906],[-79.909084,-1.90444],[-79.909217,-1.904707],[-79.910653,-1.905687],[-79.911073,-1.906088],[-79.912753,-1.907135],[-79.913173,-1.907246],[-79.913571,-1.907246],[-79.913947,-1.907113],[-79.914678,-1.906179],[-79.915253,-1.905],[-79.915431,-1.90391],[-79.91552,-1.902153],[-79.915189,-1.901485],[-79.914106,-1.900861],[-79.913553,-1.90075],[-79.912669,-1.900905],[-79.912315,-1.901105],[-79.911784,-1.901127],[-79.911563,-1.901082],[-79.911453,-1.900682]]]},"properties":{"OBJECTID":26887,"dpa_parroq":"090652","dpa_despar":"JUAN BAUTISTA AGUIRRE","dpa_canton":"0906","dpa_descan":"DAULE","dpa_provin":"09","dpa_despro":"GUAYAS","dpa_anio":" ","txt":" ","fcode":" ","fcode_1":" ","descr":"AREA QUE PRESENTA CONDICIONES POTENCIALES PARA LA OCURRENCIA O NO DE UNA AMENAZA A INUNDACION","umo":"MEANDRO ABANDONADO","pen":"PLANA","txs":"FRANCO ARCILLOSO","ttd":"ARCILLOSO","ith":0,"sui":"ALTA","sce":0,"st_area_sh":174169.59848,"st_length_":4322.82052416,"anno":2025,"name":"JUAN BAUTISTA AGUIRRE"}},{"type":"Feature","id":26888,"geometry":{"type":"Polygon","coordinates":[[[-79.886334,-1.931625],[-79.886897,-1.931362],[-79.887443,-1.930927],[-79.888516,-1.929678],[-79.889025,-1.929016],[-79.889703,-1.927426],[-79.889985,-1.926972],[-79.890399,-1.926858],[-79.890652,-1.926866],[-79.889857,-1.927349],[-79.890061,-1.931728],[-79.886334,-1.931625]]]},"properties":{"OBJECTID":26888,"dpa_parroq":"090652","dpa_despar":"JUAN BAUTISTA AGUIRRE","dpa_canton":"0906","dpa_descan":"DAULE","dpa_provin":"09","dpa_despro":"GUAYAS","dpa_anio":" ","txt":" ","fcode":" ","fcode_1":" ","descr":"AREA QUE PRESENTA CONDICIONES POTENCIALES PARA LA OCURRENCIA O NO DE UNA AMENAZA A INUNDACION","umo":"NIVEL ONDULADO CON PRESENCIA DE AGUA / NIVEL PLANO","pen":"MUY SUAVE","txs":"ARCILLOSO","ttd":"ARCILLOSO","ith":0,"sui":"ALTA","sce":0,"st_area_sh":81833.6310429,"st_length_":1750.55068362,"anno":2025,"name":"JUAN BAUTISTA AGUIRRE"}},{"type":"Feature","id":26890,"geometry":{"type":"Polygon","coordinates":[[[-79.887315,-1.917639],[-79.887122,-1.917503],[-79.887006,-1.917288],[-79.886987,-1.91686],[-79.887142,-1.915711],[-79.887408,-1.91457],[-79.889275,-1.910461],[-79.890359,-1.90994],[-79.891129,-1.909925],[-79.891726,-1.910036],[-79.892465,-1.9104],[-79.892998,-1.910859],[-79.893438,-1.911349],[-79.894148,-1.912385],[-79.89606,-1.917015],[-79.896681,-1.917631],[-79.897106,-1.917865],[-79.897764,-1.918605],[-79.898944,-1.919249],[-79.89964,-1.919444],[-79.900898,-1.919523],[-79.901576,-1.919367],[-79.902107,-1.91892],[-79.902292,-1.918526],[-79.902782,-1.918493],[-79.904034,-1.919323],[-79.905062,-1.919669],[-79.905423,-1.919688],[-79.906089,-1.920416],[-79.906812,-1.920646],[-79.907459,-1.920608],[-79.908372,-1.920437],[-79.909019,-1.920762],[-79.909514,-1.920839],[-79.910637,-1.920495],[-79.911113,-1.920247],[-79.911608,-1.919845],[-79.912255,-1.91952],[-79.915646,-1.916651],[-79.917188,-1.918267],[-79.918533,-1.925311],[-79.916474,-1.930507],[-79.911312,-1.929296],[-79.911322,-1.928417],[-79.911176,-1.928206],[-79.911016,-1.927748],[-79.910672,-1.927286],[-79.910319,-1.927045],[-79.909603,-1.926363],[-79.908829,-1.925836],[-79.907997,-1.925719],[-79.907256,-1.925707],[-79.901364,-1.920352],[-79.89792,-1.922446],[-79.895039,-1.920619],[-79.892042,-1.91972],[-79.889632,-1.918516],[-79.888633,-1.917921],[-79.887954,-1.917951],[-79.887315,-1.917639]]]},"properties":{"OBJECTID":26890,"dpa_parroq":"090652","dpa_despar":"JUAN BAUTISTA AGUIRRE","dpa_canton":"0906","dpa_descan":"DAULE","dpa_provin":"09","dpa_despro":"GUAYAS","dpa_anio":" ","txt":" ","fcode":" ","fcode_1":" ","descr":"AREA QUE PRESENTA CONDICIONES POTENCIALES PARA LA OCURRENCIA O NO DE UNA AMENAZA A INUNDACION","umo":"NIVEL ONDULADO CON PRESENCIA DE AGUA / NIVEL PLANO","pen":"MUY SUAVE","txs":"ARCILLOSO","ttd":"ARCILLOSO","ith":0,"sui":"ALTA","sce":0,"st_area_sh":2470348.47765,"st_length_":10204.5153093,"anno":2025,"name":"JUAN BAUTISTA AGUIRRE"}},{"type":"Feature","id":26891,"geometry":{"type":"Polygon","coordinates":[[[-79.934339,-1.796332],[-79.934683,-1.795837],[-79.934826,-1.795043],[-79.934926,-1.794899],[-79.935192,-1.794829],[-79.935323,-1.794975],[-79.935171,-1.795235],[-79.935047,-1.79629],[-79.934783,-1.796726],[-79.934799,-1.79691],[-79.935358,-1.797451],[-79.936053,-1.797808],[-79.936105,-1.798107],[-79.936056,-1.798528],[-79.935835,-1.799061],[-79.935515,-1.799086],[-79.935243,-1.798308],[-79.934835,-1.79799],[-79.933964,-1.798234],[-79.933761,-1.798171],[-79.933594,-1.797976],[-79.933593,-1.797757],[-79.933756,-1.797631],[-79.933975,-1.797585],[-79.934405,-1.797667],[-79.934574,-1.797586],[-79.934342,-1.797203],[-79.934069,-1.797047],[-79.933465,-1.796955],[-79.933307,-1.797091],[-79.933131,-1.797459],[-79.932941,-1.797407],[-79.932963,-1.79674],[-79.933324,-1.796381],[-79.933381,-1.796236],[-79.934036,-1.796441],[-79.934339,-1.796332]]]},"properties":{"OBJECTID":26891,"dpa_parroq":"090653","dpa_despar":"LAUREL","dpa_canton":"0906","dpa_descan":"DAULE","dpa_provin":"09","dpa_despro":"GUAYAS","dpa_anio":" ","txt":" ","fcode":" ","fcode_1":" ","descr":"AREA QUE PRESENTA CONDICIONES POTENCIALES PARA LA OCURRENCIA O NO DE UNA AMENAZA A INUNDACION","umo":"VALLE INDIFERENCIADO","pen":"PLANA","txs":"FRANCO ARCILLOSO","ttd":"FRANCO ARCILLOSO","ith":0,"sui":"ALTA","sce":0,"st_area_sh":53238.61845,"st_length_":1753.17526047,"anno":2025,"name":"LAUREL"}},{"type":"Feature","id":26893,"geometry":{"type":"Polygon","coordinates":[[[-79.906737,-1.908104],[-79.907754,-1.90606],[-79.908079,-1.90521],[-79.908108,-1.904716],[-79.90968,-1.906376],[-79.91052,-1.907022],[-79.911802,-1.907512],[-79.912244,-1.907913],[-79.912642,-1.908047],[-79.913366,-1.908131],[-79.913484,-1.908427],[-79.91375,-1.908695],[-79.91472,-1.909318],[-79.915938,-1.90997],[-79.916351,-1.910633],[-79.916235,-1.910623],[-79.916161,-1.910488],[-79.915511,-1.91064],[-79.914852,-1.910502],[-79.914187,-1.909934],[-79.912278,-1.911185],[-79.910741,-1.91002],[-79.91028,-1.910008],[-79.910244,-1.910925],[-79.90985,-1.911364],[-79.909722,-1.911916],[-79.909294,-1.912492],[-79.909214,-1.912757],[-79.908228,-1.91356],[-79.907273,-1.913754],[-79.906765,-1.914012],[-79.90658,-1.914361],[-79.910955,-1.916493],[-79.913964,-1.915291],[-79.913641,-1.91576],[-79.912594,-1.916717],[-79.911813,-1.917635],[-79.91029,-1.918611],[-79.909947,-1.918744],[-79.909244,-1.918552],[-79.908672,-1.918839],[-79.908235,-1.91882],[-79.907036,-1.918417],[-79.906561,-1.917881],[-79.905762,-1.917478],[-79.90502,-1.917382],[-79.903726,-1.917343],[-79.903414,-1.917191],[-79.903294,-1.91684],[-79.903251,-1.916402],[-79.903249,-1.914527],[-79.902814,-1.913738],[-79.901987,-1.912789],[-79.900813,-1.911006],[-79.900755,-1.910451],[-79.900959,-1.910086],[-79.901351,-1.909853],[-79.902048,-1.909678],[-79.903499,-1.909854],[-79.904994,-1.909885],[-79.905124,-1.909826],[-79.905894,-1.909389],[-79.906388,-1.908863],[-79.906737,-1.908104]]]},"properties":{"OBJECTID":26893,"dpa_parroq":"090652","dpa_despar":"JUAN BAUTISTA AGUIRRE","dpa_canton":"0906","dpa_descan":"DAULE","dpa_provin":"09","dpa_despro":"GUAYAS","dpa_anio":" ","txt":" ","fcode":" ","fcode_1":" ","descr":"AREA QUE PRESENTA CONDICIONES POTENCIALES PARA LA OCURRENCIA O NO DE UNA AMENAZA A INUNDACION","umo":"NIVEL ONDULADO CON PRESENCIA DE AGUA / NIVEL PLANO","pen":"MUY SUAVE","txs":"ARCILLOSO","ttd":"ARCILLOSO","ith":0,"sui":"ALTA","sce":0,"st_area_sh":1072917.4537,"st_length_":6971.1295818,"anno":2025,"name":"JUAN BAUTISTA AGUIRRE"}},{"type":"Feature","id":26894,"geometry":{"type":"Polygon","coordinates":[[[-79.851036,-1.899459],[-79.851829,-1.89916],[-79.852111,-1.898942],[-79.853301,-1.897036],[-79.853659,-1.896024],[-79.853874,-1.89496],[-79.854168,-1.894392],[-79.855065,-1.89334],[-79.856811,-1.891516],[-79.857016,-1.891071],[-79.857528,-1.890402],[-79.857701,-1.890032],[-79.857922,-1.889215],[-79.857998,-1.888313],[-79.857565,-1.886838],[-79.857848,-1.886806],[-79.861087,-1.888136],[-79.868406,-1.890776],[-79.86894,-1.89105],[-79.869104,-1.891237],[-79.871468,-1.896233],[-79.871479,-1.896519],[-79.871228,-1.896892],[-79.870169,-1.897857],[-79.870005,-1.89834],[-79.870059,-1.898757],[-79.868433,-1.899272],[-79.867713,-1.89959],[-79.867593,-1.89982],[-79.867611,-1.90009],[-79.868095,-1.901498],[-79.868849,-1.902301],[-79.869598,-1.903357],[-79.870718,-1.905095],[-79.87071,-1.905284],[-79.869973,-1.906486],[-79.869284,-1.908165],[-79.868506,-1.90977],[-79.868293,-1.909893],[-79.867949,-1.909786],[-79.867409,-1.909893],[-79.86691,-1.910534],[-79.866541,-1.910649],[-79.865862,-1.910715],[-79.865011,-1.910418],[-79.864868,-1.910436],[-79.864628,-1.9108],[-79.864348,-1.910752],[-79.864275,-1.911056],[-79.864086,-1.911049],[-79.864022,-1.911219],[-79.864078,-1.911458],[-79.864665,-1.911694],[-79.864723,-1.911923],[-79.865292,-1.912615],[-79.865475,-1.912736],[-79.865599,-1.912983],[-79.866017,-1.913105],[-79.866245,-1.913432],[-79.867981,-1.913961],[-79.868357,-1.914879],[-79.868353,-1.915181],[-79.868165,-1.915498],[-79.868179,-1.915591],[-79.86856,-1.915878],[-79.868717,-1.916133],[-79.868657,-1.916411],[-79.86873,-1.916591],[-79.869098,-1.916809],[-79.869618,-1.917754],[-79.869935,-1.918125],[-79.87046,-1.918496],[-79.871448,-1.919724],[-79.871646,-1.919844],[-79.871941,-1.91984],[-79.872175,-1.920317],[-79.872262,-1.920812],[-79.871211,-1.924056],[-79.870835,-1.924453],[-79.870383,-1.924775],[-79.869799,-1.925039],[-79.869216,-1.925493],[-79.868913,-1.92599],[-79.868513,-1.926086],[-79.868448,-1.926192],[-79.86842,-1.926456],[-79.868531,-1.926924],[-79.868374,-1.927318],[-79.868217,-1.927494],[-79.868125,-1.928003],[-79.868415,-1.92842],[-79.868668,-1.928587],[-79.869391,-1.930015],[-79.870177,-1.930706],[-79.870226,-1.930885],[-79.870102,-1.931174],[-79.85597,-1.930781],[-79.854757,-1.928343],[-79.853455,-1.926279],[-79.847494,-1.9324],[-79.83837,-1.933073],[-79.838469,-1.932471],[-79.838911,-1.931518],[-79.839328,-1.931068],[-79.839821,-1.930833],[-79.840093,-1.930622],[-79.840166,-1.930392],[-79.840093,-1.93022],[-79.839849,-1.930127],[-79.839117,-1.930057],[-79.838865,-1.92981],[-79.838829,-1.929674],[-79.838886,-1.929551],[-79.833986,-1.929417],[-79.834291,-1.928617],[-79.83195,-1.928871],[-79.832056,-1.92669],[-79.829477,-1.925994],[-79.82941,-1.924921],[-79.830252,-1.923975],[-79.831243,-1.923777],[-79.83248,-1.924176],[-79.834758,-1.924626],[-79.836293,-1.925624],[-79.837431,-1.92677],[-79.838074,-1.92712],[-79.838768,-1.92712],[-79.83956,-1.926921],[-79.840254,-1.926473],[-79.840195,-1.92462],[-79.840007,-1.923525],[-79.840291,-1.922699],[-79.840323,-1.922255],[-79.83985,-1.921016],[-79.839867,-1.920571],[-79.839709,-1.920063],[-79.839268,-1.919031],[-79.838385,-1.917649],[-79.837619,-1.916889],[-79.837487,-1.916357],[-79.836646,-1.915111],[-79.834865,-1.913017],[-79.832836,-1.911022],[-79.832539,-1.910474],[-79.831698,-1.909925],[-79.830856,-1.909725],[-79.828925,-1.909923],[-79.828082,-1.910222],[-79.827538,-1.91052],[-79.827265,-1.910844],[-79.826335,-1.911259],[-79.825325,-1.911921],[-79.824799,-1.912097],[-79.824577,-1.912332],[-79.823499,-1.911441],[-79.823148,-1.911265],[-79.822907,-1.911264],[-79.822797,-1.911397],[-79.822775,-1.911948],[-79.822914,-1.912851],[-79.823031,-1.914928],[-79.823005,-1.915099],[-79.822588,-1.915641],[-79.822189,-1.916514],[-79.820156,-1.915905],[-79.82006,-1.914811],[-79.820225,-1.914024],[-79.820387,-1.913824],[-79.820415,-1.913667],[-79.820679,-1.913559],[-79.82126,-1.913543],[-79.821517,-1.913437],[-79.82178,-1.913189],[-79.822217,-1.912303],[-79.822253,-1.911628],[-79.822161,-1.910593],[-79.822252,-1.910263],[-79.822659,-1.909963],[-79.823121,-1.90996],[-79.823513,-1.909791],[-79.824337,-1.90874],[-79.824912,-1.908358],[-79.82535,-1.908227],[-79.826802,-1.908021],[-79.827624,-1.907675],[-79.828003,-1.907607],[-79.828412,-1.907648],[-79.829155,-1.908246],[-79.829341,-1.908302],[-79.830035,-1.908229],[-79.830321,-1.90807],[-79.830654,-1.907736],[-79.830994,-1.907202],[-79.831342,-1.90645],[-79.831863,-1.90622],[-79.8321,-1.906273],[-79.832353,-1.906456],[-79.83266,-1.906841],[-79.833244,-1.907972],[-79.833494,-1.90813],[-79.833747,-1.908476],[-79.834494,-1.909115],[-79.834719,-1.909254],[-79.83512,-1.90934],[-79.835642,-1.909213],[-79.836177,-1.908797],[-79.837296,-1.907508],[-79.838217,-1.905217],[-79.838878,-1.904407],[-79.839332,-1.904011],[-79.839517,-1.90369],[-79.839774,-1.902656],[-79.840034,-1.902388],[-79.840365,-1.902392],[-79.841374,-1.903273],[-79.841903,-1.903503],[-79.842385,-1.903416],[-79.842908,-1.903128],[-79.84356,-1.902891],[-79.844243,-1.902763],[-79.845111,-1.902728],[-79.845634,-1.902491],[-79.845855,-1.902265],[-79.846703,-1.900581],[-79.847078,-1.900196],[-79.847441,-1.899949],[-79.848544,-1.89968],[-79.850236,-1.899586],[-79.851036,-1.899459]]]},"properties":{"OBJECTID":26894,"dpa_parroq":"090652","dpa_despar":"JUAN BAUTISTA AGUIRRE","dpa_canton":"0906","dpa_descan":"DAULE","dpa_provin":"09","dpa_despro":"GUAYAS","dpa_anio":" ","txt":" ","fcode":" ","fcode_1":" ","descr":"AREA QUE PRESENTA CONDICIONES POTENCIALES PARA LA OCURRENCIA O NO DE UNA AMENAZA A INUNDACION","umo":"NIVEL ONDULADO CON PRESENCIA DE AGUA / NIVEL PLANO","pen":"MUY SUAVE","txs":"ARCILLOSO","ttd":"ARCILLOSO","ith":0,"sui":"ALTA","sce":0,"st_area_sh":14540920.5445,"st_length_":25928.3082128,"anno":2025,"name":"JUAN BAUTISTA AGUIRRE"}},{"type":"Feature","id":26895,"geometry":{"type":"Polygon","coordinates":[[[-79.824748,-1.912151],[-79.825325,-1.911921],[-79.826335,-1.911259],[-79.827265,-1.910844],[-79.827538,-1.91052],[-79.828082,-1.910222],[-79.828925,-1.909923],[-79.830856,-1.909725],[-79.831698,-1.909925],[-79.832539,-1.910474],[-79.832836,-1.911022],[-79.834865,-1.913017],[-79.836646,-1.915111],[-79.837487,-1.916357],[-79.837619,-1.916889],[-79.838385,-1.917649],[-79.839268,-1.919031],[-79.839709,-1.920063],[-79.839867,-1.920571],[-79.83985,-1.921016],[-79.840323,-1.922255],[-79.840291,-1.922699],[-79.840007,-1.923525],[-79.840195,-1.92462],[-79.840254,-1.926473],[-79.83956,-1.926921],[-79.838768,-1.92712],[-79.838074,-1.92712],[-79.837431,-1.92677],[-79.836293,-1.925624],[-79.834758,-1.924626],[-79.83248,-1.924176],[-79.831243,-1.923777],[-79.830252,-1.923975],[-79.82941,-1.924921],[-79.829477,-1.925994],[-79.823074,-1.924235],[-79.82132,-1.923906],[-79.820088,-1.923829],[-79.819668,-1.924464],[-79.815231,-1.922338],[-79.814996,-1.922317],[-79.815025,-1.922159],[-79.814834,-1.922159],[-79.814947,-1.921667],[-79.81517,-1.921257],[-79.81563,-1.920877],[-79.816283,-1.920698],[-79.816462,-1.920496],[-79.816599,-1.919976],[-79.816575,-1.919215],[-79.816691,-1.91877],[-79.816806,-1.918616],[-79.817284,-1.918506],[-79.818575,-1.918632],[-79.819126,-1.918265],[-79.819348,-1.918222],[-79.819447,-1.918028],[-79.819884,-1.917641],[-79.820071,-1.917157],[-79.820201,-1.916441],[-79.820156,-1.915905],[-79.822189,-1.916514],[-79.822588,-1.915641],[-79.823005,-1.915099],[-79.823031,-1.914928],[-79.822914,-1.912851],[-79.822775,-1.911948],[-79.822797,-1.911397],[-79.822907,-1.911264],[-79.823148,-1.911265],[-79.823499,-1.911441],[-79.824577,-1.912332],[-79.824748,-1.912151]]]},"properties":{"OBJECTID":26895,"dpa_parroq":"090652","dpa_despar":"JUAN BAUTISTA AGUIRRE","dpa_canton":"0906","dpa_descan":"DAULE","dpa_provin":"09","dpa_despro":"GUAYAS","dpa_anio":" ","txt":" ","fcode":" ","fcode_1":" ","descr":"AREA QUE PRESENTA CONDICIONES POTENCIALES PARA LA OCURRENCIA O NO DE UNA AMENAZA A INUNDACION","umo":"NIVEL PLANO","pen":"PLANA","txs":"ARCILLOSO","ttd":"ARCILLOSO","ith":0,"sui":"ALTA","sce":0,"st_area_sh":3192377.90645,"st_length_":8473.18013082,"anno":2025,"name":"JUAN BAUTISTA AGUIRRE"}},{"type":"Feature","id":26896,"geometry":{"type":"Polygon","coordinates":[[[-79.90396,-1.796121],[-79.904229,-1.795882],[-79.904424,-1.795362],[-79.905421,-1.794337],[-79.90575,-1.793747],[-79.905877,-1.79391],[-79.905486,-1.79447],[-79.904693,-1.795238],[-79.904283,-1.796024],[-79.904054,-1.796178],[-79.903358,-1.796217],[-79.903248,-1.796303],[-79.902808,-1.797323],[-79.902583,-1.798123],[-79.902683,-1.798532],[-79.903121,-1.799111],[-79.903435,-1.800138],[-79.903919,-1.801132],[-79.904097,-1.801814],[-79.904054,-1.80222],[-79.903765,-1.8025],[-79.903008,-1.802851],[-79.902819,-1.803045],[-79.902497,-1.804567],[-79.90229,-1.804929],[-79.901808,-1.805202],[-79.900931,-1.805399],[-79.900327,-1.805732],[-79.899456,-1.806655],[-79.89886,-1.807028],[-79.898332,-1.807214],[-79.897776,-1.807242],[-79.897283,-1.807493],[-79.896862,-1.808207],[-79.896308,-1.808825],[-79.896147,-1.809205],[-79.896268,-1.809887],[-79.896211,-1.810573],[-79.896261,-1.810846],[-79.896507,-1.811338],[-79.89651,-1.811614],[-79.89621,-1.812231],[-79.896095,-1.812648],[-79.89582,-1.813132],[-79.895742,-1.81366],[-79.895745,-1.814762],[-79.895527,-1.815121],[-79.895038,-1.815383],[-79.893803,-1.815637],[-79.891495,-1.815398],[-79.89066,-1.81543],[-79.890549,-1.815678],[-79.890431,-1.817196],[-79.890077,-1.818237],[-79.88973,-1.819005],[-79.889576,-1.819809],[-79.888837,-1.820642],[-79.888488,-1.820868],[-79.887606,-1.821675],[-79.88732,-1.822464],[-79.88717,-1.823143],[-79.887026,-1.824378],[-79.88658,-1.825393],[-79.886155,-1.825932],[-79.885957,-1.826011],[-79.886554,-1.825275],[-79.886842,-1.824579],[-79.886961,-1.82417],[-79.887055,-1.823081],[-79.887384,-1.821884],[-79.887746,-1.821391],[-79.888933,-1.820401],[-79.889404,-1.819834],[-79.88973,-1.818534],[-79.890327,-1.81701],[-79.890388,-1.81701],[-79.890465,-1.816294],[-79.890442,-1.815634],[-79.890541,-1.815465],[-79.890761,-1.81526],[-79.891186,-1.815216],[-79.891701,-1.815256],[-79.892041,-1.81539],[-79.892677,-1.815501],[-79.893769,-1.815576],[-79.89467,-1.815387],[-79.895138,-1.815231],[-79.895502,-1.815021],[-79.895623,-1.814706],[-79.895534,-1.814],[-79.895598,-1.813301],[-79.89641,-1.811647],[-79.896118,-1.810864],[-79.896161,-1.810187],[-79.895967,-1.809137],[-79.896008,-1.808949],[-79.896595,-1.808415],[-79.897266,-1.807272],[-79.897596,-1.807171],[-79.898424,-1.807115],[-79.899405,-1.806436],[-79.900575,-1.805447],[-79.901171,-1.8052],[-79.901849,-1.805094],[-79.902089,-1.804952],[-79.902483,-1.804424],[-79.902509,-1.80386],[-79.902812,-1.802855],[-79.903033,-1.80268],[-79.903573,-1.802545],[-79.903989,-1.802245],[-79.903991,-1.80184],[-79.903832,-1.801182],[-79.903352,-1.800179],[-79.903164,-1.799473],[-79.902957,-1.799059],[-79.902497,-1.798677],[-79.902433,-1.798509],[-79.902668,-1.797342],[-79.903044,-1.796262],[-79.903349,-1.796076],[-79.90396,-1.796121]]]},"properties":{"OBJECTID":26896,"dpa_parroq":"090653","dpa_despar":"LAUREL","dpa_canton":"0906","dpa_descan":"DAULE","dpa_provin":"09","dpa_despro":"GUAYAS","dpa_anio":" ","txt":" ","fcode":" ","fcode_1":" ","descr":"AREA QUE PRESENTA CONDICIONES POTENCIALES PARA LA OCURRENCIA O NO DE UNA AMENAZA A INUNDACION","umo":"TERRAZA BAJA Y CAUCE ACTUAL","pen":"PLANA","txs":"NO APLICABLE","ttd":"NO APLICABLE","ith":0,"sui":"ALTA","sce":0,"st_area_sh":63831.0849998,"st_length_":9998.19241755,"anno":2025,"name":"LAUREL"}},{"type":"Feature","id":26897,"geometry":{"type":"Polygon","coordinates":[[[-79.937956,-1.795216],[-79.937777,-1.794693],[-79.937945,-1.79448],[-79.938147,-1.794537],[-79.9384,-1.79511],[-79.938664,-1.795334],[-79.938779,-1.795736],[-79.939076,-1.795767],[-79.93963,-1.795536],[-79.939753,-1.795563],[-79.939739,-1.795702],[-79.93954,-1.796087],[-79.938958,-1.796308],[-79.938558,-1.79697],[-79.938744,-1.797515],[-79.938351,-1.797759],[-79.938223,-1.797931],[-79.938264,-1.798208],[-79.938154,-1.798472],[-79.938009,-1.798615],[-79.937771,-1.798204],[-79.937702,-1.798143],[-79.937521,-1.798183],[-79.937279,-1.798377],[-79.937135,-1.798939],[-79.936855,-1.799175],[-79.936565,-1.799174],[-79.936397,-1.798935],[-79.936789,-1.797841],[-79.936656,-1.797404],[-79.936704,-1.797197],[-79.936902,-1.797179],[-79.937079,-1.797064],[-79.937327,-1.797419],[-79.937641,-1.797446],[-79.937773,-1.797275],[-79.937912,-1.796668],[-79.938239,-1.796517],[-79.93836,-1.796386],[-79.938396,-1.796088],[-79.937956,-1.795216]]]},"properties":{"OBJECTID":26897,"dpa_parroq":"090653","dpa_despar":"LAUREL","dpa_canton":"0906","dpa_descan":"DAULE","dpa_provin":"09","dpa_despro":"GUAYAS","dpa_anio":" ","txt":" ","fcode":" ","fcode_1":" ","descr":"AREA QUE PRESENTA CONDICIONES POTENCIALES PARA LA OCURRENCIA O NO DE UNA AMENAZA A INUNDACION","umo":"VALLE INDIFERENCIADO","pen":"PLANA","txs":"FRANCO ARCILLOSO","ttd":"FRANCO ARCILLOSO","ith":0,"sui":"ALTA","sce":0,"st_area_sh":54183.2568,"st_length_":1737.21580344,"anno":2025,"name":"LAUREL"}},{"type":"Feature","id":26900,"geometry":{"type":"Polygon","coordinates":[[[-79.885748,-1.826319],[-79.886073,-1.826011],[-79.886228,-1.826011],[-79.886318,-1.826139],[-79.887068,-1.826538],[-79.887065,-1.827135],[-79.886648,-1.828295],[-79.886583,-1.828973],[-79.88684,-1.829295],[-79.887448,-1.830973],[-79.887031,-1.831198],[-79.886614,-1.831005],[-79.885108,-1.830778],[-79.884531,-1.830907],[-79.884082,-1.831282],[-79.883928,-1.831779],[-79.883646,-1.83211],[-79.882845,-1.8325],[-79.882892,-1.832873],[-79.883092,-1.833294],[-79.883664,-1.833325],[-79.884433,-1.833212],[-79.88541,-1.832703],[-79.885684,-1.832714],[-79.885963,-1.833],[-79.886328,-1.833189],[-79.886952,-1.833012],[-79.887511,-1.833005],[-79.888247,-1.833941],[-79.888407,-1.83465],[-79.887798,-1.835231],[-79.888022,-1.835682],[-79.888567,-1.835844],[-79.888919,-1.835651],[-79.889368,-1.835844],[-79.889624,-1.836038],[-79.889976,-1.836845],[-79.889629,-1.839119],[-79.889118,-1.840267],[-79.888871,-1.840605],[-79.888506,-1.840615],[-79.88802,-1.840782],[-79.887898,-1.841093],[-79.887992,-1.841461],[-79.888351,-1.841582],[-79.888583,-1.841782],[-79.888684,-1.843453],[-79.888449,-1.844496],[-79.88788,-1.845178],[-79.887294,-1.845723],[-79.88688,-1.84647],[-79.886248,-1.84811],[-79.886008,-1.848293],[-79.885694,-1.848867],[-79.88528,-1.849082],[-79.884252,-1.849972],[-79.883409,-1.850589],[-79.883195,-1.851034],[-79.881996,-1.852096],[-79.881671,-1.852227],[-79.881638,-1.85267],[-79.881724,-1.853215],[-79.882166,-1.853316],[-79.883208,-1.853231],[-79.883493,-1.853317],[-79.88385,-1.853676],[-79.884064,-1.854193],[-79.884005,-1.856103],[-79.883705,-1.856476],[-79.883805,-1.856936],[-79.88576,-1.857296],[-79.886345,-1.857469],[-79.887229,-1.857915],[-79.887515,-1.858288],[-79.889341,-1.858571],[-79.889784,-1.85839],[-79.890055,-1.858146],[-79.89037,-1.857199],[-79.890627,-1.855748],[-79.890913,-1.855418],[-79.891056,-1.855045],[-79.891071,-1.854313],[-79.890971,-1.853422],[-79.891414,-1.852805],[-79.892599,-1.852102],[-79.893285,-1.851069],[-79.893628,-1.850164],[-79.893612,-1.849916],[-79.893926,-1.850012],[-79.895483,-1.850893],[-79.910694,-1.850893],[-79.910561,-1.851597],[-79.91066,-1.852269],[-79.910659,-1.852972],[-79.910771,-1.853309],[-79.911637,-1.85345],[-79.912028,-1.853591],[-79.912697,-1.855221],[-79.913367,-1.856037],[-79.913199,-1.856795],[-79.913366,-1.858229],[-79.913784,-1.859129],[-79.914091,-1.860056],[-79.915319,-1.861633],[-79.915507,-1.862155],[-79.91553,-1.862937],[-79.915258,-1.863826],[-79.915223,-1.864348],[-79.914892,-1.86564],[-79.914514,-1.866375],[-79.914314,-1.867063],[-79.91429,-1.867667],[-79.914395,-1.868296],[-79.914595,-1.868865],[-79.914725,-1.869067],[-79.915078,-1.869044],[-79.914263,-1.878709],[-79.927112,-1.883087],[-79.926853,-1.883223],[-79.925448,-1.883615],[-79.925124,-1.883788],[-79.924968,-1.884354],[-79.924802,-1.885537],[-79.924119,-1.885289],[-79.924045,-1.885941],[-79.923761,-1.886331],[-79.923141,-1.886642],[-79.920999,-1.886718],[-79.920741,-1.887056],[-79.920792,-1.887549],[-79.921179,-1.88851],[-79.921049,-1.889341],[-79.921202,-1.889783],[-79.920898,-1.890182],[-79.919681,-1.891128],[-79.919063,-1.891756],[-79.918137,-1.893451],[-79.917932,-1.894017],[-79.917763,-1.894956],[-79.917759,-1.895596],[-79.918848,-1.897448],[-79.919064,-1.901144],[-79.918951,-1.901817],[-79.918019,-1.902182],[-79.918002,-1.902958],[-79.917835,-1.903221],[-79.917829,-1.903378],[-79.91894,-1.905784],[-79.919481,-1.906712],[-79.91835,-1.908098],[-79.918199,-1.908506],[-79.918224,-1.908882],[-79.918564,-1.909353],[-79.918619,-1.909668],[-79.91794,-1.908632],[-79.91719,-1.907808],[-79.916679,-1.907499],[-79.915997,-1.907361],[-79.915328,-1.906816],[-79.916005,-1.905446],[-79.916027,-1.905067],[-79.916007,-1.90262],[-79.915764,-1.901441],[-79.915587,-1.90104],[-79.915167,-1.900751],[-79.914261,-1.900439],[-79.912956,-1.900282],[-79.911961,-1.900304],[-79.911563,-1.900504],[-79.911453,-1.900682],[-79.911563,-1.901082],[-79.912315,-1.901105],[-79.912669,-1.900905],[-79.913553,-1.90075],[-79.914106,-1.900861],[-79.915189,-1.901485],[-79.91552,-1.902153],[-79.915364,-1.904466],[-79.915253,-1.905],[-79.914855,-1.905868],[-79.914368,-1.906646],[-79.913947,-1.907113],[-79.913571,-1.907246],[-79.913173,-1.907246],[-79.912753,-1.907135],[-79.911073,-1.906088],[-79.910653,-1.905687],[-79.909217,-1.904707],[-79.909084,-1.90444],[-79.908465,-1.903906],[-79.907387,-1.903558],[-79.907046,-1.902942],[-79.906579,-1.902471],[-79.906307,-1.902065],[-79.905948,-1.900277],[-79.905777,-1.900191],[-79.905747,-1.899883],[-79.905685,-1.899834],[-79.905391,-1.900012],[-79.905214,-1.89992],[-79.905061,-1.89963],[-79.904828,-1.89963],[-79.904749,-1.898958],[-79.904578,-1.898859],[-79.90448,-1.898582],[-79.904492,-1.898286],[-79.904837,-1.897783],[-79.906109,-1.896791],[-79.907415,-1.896178],[-79.908345,-1.896104],[-79.90901,-1.895727],[-79.909812,-1.895418],[-79.910664,-1.895453],[-79.911261,-1.895762],[-79.911687,-1.896157],[-79.912437,-1.896466],[-79.913443,-1.896587],[-79.914636,-1.89621],[-79.915933,-1.895302],[-79.916325,-1.894805],[-79.91653,-1.894479],[-79.916701,-1.893621],[-79.917366,-1.892455],[-79.917452,-1.891632],[-79.917623,-1.891135],[-79.917873,-1.88945],[-79.917875,-1.887467],[-79.917981,-1.886877],[-79.917956,-1.885725],[-79.917477,-1.884518],[-79.916678,-1.883312],[-79.916286,-1.882539],[-79.915826,-1.882099],[-79.915542,-1.881658],[-79.91458,-1.880644],[-79.913924,-1.879741],[-79.913727,-1.879235],[-79.913508,-1.878904],[-79.91318,-1.87864],[-79.912634,-1.877869],[-79.912306,-1.87756],[-79.912131,-1.876547],[-79.912045,-1.875006],[-79.911892,-1.874411],[-79.911279,-1.873992],[-79.91106,-1.873992],[-79.91071,-1.874344],[-79.910469,-1.87485],[-79.91014,-1.876524],[-79.910183,-1.876788],[-79.910314,-1.87692],[-79.910861,-1.877163],[-79.910971,-1.877449],[-79.911452,-1.87767],[-79.911605,-1.877978],[-79.911583,-1.878374],[-79.911451,-1.878859],[-79.911714,-1.879299],[-79.912588,-1.880423],[-79.913353,-1.881877],[-79.914359,-1.883441],[-79.915299,-1.885467],[-79.915627,-1.886238],[-79.915845,-1.887009],[-79.915669,-1.889123],[-79.915121,-1.890202],[-79.914813,-1.892051],[-79.914594,-1.892602],[-79.914222,-1.893196],[-79.913587,-1.893834],[-79.913127,-1.894054],[-79.911004,-1.894295],[-79.909494,-1.894823],[-79.909012,-1.89491],[-79.907721,-1.894954],[-79.907573,-1.895108],[-79.905442,-1.895724],[-79.904853,-1.896422],[-79.903806,-1.896989],[-79.903475,-1.897363],[-79.903346,-1.897636],[-79.903318,-1.897982],[-79.903391,-1.898218],[-79.903469,-1.89941],[-79.903712,-1.900399],[-79.904161,-1.901204],[-79.904211,-1.901661],[-79.904473,-1.902239],[-79.904415,-1.902604],[-79.90447,-1.902724],[-79.905126,-1.903247],[-79.905402,-1.903663],[-79.905571,-1.904106],[-79.905631,-1.904554],[-79.905511,-1.905248],[-79.905515,-1.906259],[-79.905237,-1.907017],[-79.904812,-1.907389],[-79.903789,-1.907498],[-79.902069,-1.907355],[-79.901807,-1.907453],[-79.900146,-1.909152],[-79.899928,-1.909777],[-79.899775,-1.910872],[-79.900297,-1.912471],[-79.901047,-1.913151],[-79.90121,-1.913425],[-79.901297,-1.91417],[-79.900975,-1.915506],[-79.900568,-1.916016],[-79.90022,-1.91625],[-79.89979,-1.916352],[-79.897202,-1.914758],[-79.896628,-1.912462],[-79.894886,-1.908382],[-79.894027,-1.907485],[-79.894539,-1.907364],[-79.897579,-1.906974],[-79.898336,-1.906619],[-79.898824,-1.906243],[-79.900331,-1.906022],[-79.900342,-1.906184],[-79.900074,-1.906367],[-79.900138,-1.906636],[-79.900545,-1.906378],[-79.900705,-1.90641],[-79.900791,-1.906755],[-79.90108,-1.906701],[-79.901155,-1.906809],[-79.901047,-1.907078],[-79.901186,-1.907391],[-79.901443,-1.907617],[-79.901358,-1.907046],[-79.901422,-1.90654],[-79.901573,-1.906206],[-79.902633,-1.905313],[-79.902858,-1.905022],[-79.903746,-1.904635],[-79.9041,-1.904323],[-79.904186,-1.903548],[-79.904058,-1.903041],[-79.903833,-1.902804],[-79.902431,-1.9029],[-79.901553,-1.903094],[-79.900097,-1.903577],[-79.899765,-1.903556],[-79.89998,-1.902899],[-79.900072,-1.90093],[-79.90002,-1.900045],[-79.900103,-1.89987],[-79.899953,-1.899346],[-79.900046,-1.898811],[-79.902359,-1.898711],[-79.902692,-1.898807],[-79.902983,-1.898169],[-79.90173,-1.894447],[-79.90199,-1.893693],[-79.902602,-1.892383],[-79.902647,-1.891828],[-79.902649,-1.891729],[-79.901934,-1.89059],[-79.903354,-1.889379],[-79.904017,-1.888992],[-79.904872,-1.888172],[-79.904316,-1.887565],[-79.9038,-1.887436],[-79.903008,-1.886584],[-79.901425,-1.885216],[-79.900687,-1.884364],[-79.89997,-1.883728],[-79.9,-1.882358],[-79.900151,-1.88178],[-79.900491,-1.881205],[-79.901375,-1.880601],[-79.901745,-1.880406],[-79.903965,-1.880146],[-79.90648,-1.878725],[-79.907896,-1.876228],[-79.90793,-1.872916],[-79.908434,-1.872102],[-79.908659,-1.871542],[-79.908809,-1.871047],[-79.908938,-1.870185],[-79.908645,-1.869055],[-79.907948,-1.867103],[-79.907824,-1.866917],[-79.907453,-1.867103],[-79.907285,-1.867112],[-79.905995,-1.866088],[-79.905841,-1.864855],[-79.904557,-1.864748],[-79.904286,-1.864925],[-79.904168,-1.865103],[-79.903214,-1.865045],[-79.902198,-1.865866],[-79.900396,-1.86897],[-79.90029,-1.869017],[-79.90017,-1.868963],[-79.899793,-1.86861],[-79.89964,-1.868696],[-79.897562,-1.871084],[-79.897263,-1.87121],[-79.896682,-1.870909],[-79.896029,-1.870425],[-79.89528,-1.870468],[-79.893856,-1.87023],[-79.893104,-1.870192],[-79.892832,-1.870322],[-79.892679,-1.870536],[-79.892537,-1.871045],[-79.892467,-1.871116],[-79.892172,-1.871128],[-79.891453,-1.87095],[-79.889922,-1.87038],[-79.886298,-1.869216],[-79.885457,-1.869228],[-79.882493,-1.870119],[-79.882463,-1.870051],[-79.88167,-1.870083],[-79.880943,-1.869426],[-79.880824,-1.869433],[-79.880802,-1.870089],[-79.880613,-1.870169],[-79.880546,-1.87072],[-79.877825,-1.871581],[-79.877855,-1.87164],[-79.878119,-1.871583],[-79.878145,-1.871857],[-79.878743,-1.871908],[-79.878739,-1.871683],[-79.879799,-1.871621],[-79.879817,-1.871338],[-79.879936,-1.871312],[-79.879962,-1.87144],[-79.880053,-1.871462],[-79.880136,-1.871829],[-79.880569,-1.871852],[-79.880864,-1.871794],[-79.880886,-1.871414],[-79.881142,-1.871396],[-79.88115,-1.871326],[-79.881683,-1.871295],[-79.881788,-1.871419],[-79.881678,-1.871512],[-79.881749,-1.871663],[-79.881894,-1.87184],[-79.882127,-1.871738],[-79.882514,-1.872455],[-79.882185,-1.872792],[-79.882201,-1.873029],[-79.882056,-1.873213],[-79.882086,-1.873271],[-79.881937,-1.873333],[-79.881962,-1.873386],[-79.880702,-1.873975],[-79.878769,-1.874717],[-79.876679,-1.875269],[-79.874432,-1.875568],[-79.871525,-1.875598],[-79.870425,-1.875818],[-79.868909,-1.875887],[-79.868213,-1.875697],[-79.867425,-1.87518],[-79.867134,-1.875135],[-79.865051,-1.87561],[-79.864975,-1.875399],[-79.865178,-1.875342],[-79.864874,-1.875026],[-79.864384,-1.874777],[-79.862993,-1.874481],[-79.86322,-1.873734],[-79.863148,-1.873424],[-79.862869,-1.873301],[-79.862681,-1.873506],[-79.862594,-1.872832],[-79.862406,-1.872481],[-79.861812,-1.871826],[-79.861026,-1.871251],[-79.86107,-1.87028],[-79.861187,-1.869921],[-79.8618,-1.868747],[-79.861935,-1.867983],[-79.861897,-1.867166],[-79.861453,-1.864363],[-79.86151,-1.862552],[-79.861628,-1.862142],[-79.861678,-1.86114],[-79.861584,-1.860641],[-79.861171,-1.859782],[-79.861011,-1.85852],[-79.861193,-1.857493],[-79.861145,-1.856634],[-79.861323,-1.855944],[-79.861548,-1.855586],[-79.861639,-1.855181],[-79.861562,-1.854957],[-79.860891,-1.854039],[-79.860525,-1.852969],[-79.860523,-1.852593],[-79.860772,-1.852262],[-79.861107,-1.852037],[-79.863322,-1.850944],[-79.863699,-1.850495],[-79.864102,-1.849766],[-79.8644,-1.849466],[-79.865261,-1.84906],[-79.86612,-1.848843],[-79.866371,-1.848669],[-79.86651,-1.848455],[-79.866811,-1.84752],[-79.866837,-1.847059],[-79.866726,-1.846646],[-79.86641,-1.846409],[-79.866404,-1.846209],[-79.866756,-1.846006],[-79.867413,-1.845837],[-79.867899,-1.845536],[-79.868504,-1.844681],[-79.868964,-1.844185],[-79.869605,-1.844089],[-79.869783,-1.843886],[-79.870328,-1.842852],[-79.870626,-1.842492],[-79.871168,-1.842285],[-79.871273,-1.841945],[-79.871055,-1.840842],[-79.87111,-1.840057],[-79.871032,-1.839529],[-79.870923,-1.839196],[-79.870529,-1.838657],[-79.870408,-1.838337],[-79.870445,-1.838171],[-79.870884,-1.837778],[-79.871009,-1.837441],[-79.871159,-1.837475],[-79.871392,-1.837935],[-79.872067,-1.838749],[-79.872338,-1.838811],[-79.872769,-1.839082],[-79.874329,-1.839145],[-79.874596,-1.839091],[-79.87519,-1.838778],[-79.875956,-1.838703],[-79.87632,-1.838502],[-79.876806,-1.837821],[-79.87692,-1.837548],[-79.877092,-1.836593],[-79.877192,-1.8365],[-79.878155,-1.836637],[-79.878483,-1.836917],[-79.878704,-1.837276],[-79.878903,-1.838511],[-79.87881,-1.839071],[-79.878903,-1.839179],[-79.877818,-1.839868],[-79.877596,-1.840226],[-79.877568,-1.840506],[-79.877788,-1.841038],[-79.877574,-1.841835],[-79.877631,-1.8421],[-79.877731,-1.842201],[-79.878,-1.842247],[-79.879019,-1.841588],[-79.879652,-1.841392],[-79.882363,-1.84103],[-79.88375,-1.839803],[-79.884127,-1.839288],[-79.884233,-1.838833],[-79.883992,-1.838044],[-79.883631,-1.837317],[-79.883541,-1.836589],[-79.883044,-1.835846],[-79.882864,-1.8353],[-79.882668,-1.835179],[-79.881599,-1.835421],[-79.881207,-1.834981],[-79.880319,-1.833692],[-79.879882,-1.833767],[-79.879251,-1.833572],[-79.879109,-1.827931],[-79.878711,-1.827946],[-79.878138,-1.828249],[-79.877219,-1.829112],[-79.876993,-1.828688],[-79.876738,-1.827672],[-79.876301,-1.826412],[-79.877511,-1.82663],[-79.878527,-1.827026],[-79.878932,-1.827056],[-79.879354,-1.826775],[-79.880246,-1.826393],[-79.880989,-1.826369],[-79.882524,-1.82652],[-79.883755,-1.826257],[-79.884807,-1.826635],[-79.885207,-1.826653],[-79.885498,-1.826574],[-79.885748,-1.826319]],[[-79.905694,-1.885154],[-79.905911,-1.885096],[-79.906099,-1.884616],[-79.906142,-1.884224],[-79.90415,-1.883889],[-79.903487,-1.883598],[-79.903155,-1.883351],[-79.903097,-1.882726],[-79.9033,-1.882523],[-79.905076,-1.8819],[-79.905826,-1.881798],[-79.906346,-1.88161],[-79.907111,-1.881145],[-79.906953,-1.880695],[-79.906664,-1.880303],[-79.906044,-1.880448],[-79.904109,-1.880664],[-79.903329,-1.880998],[-79.901784,-1.881985],[-79.901726,-1.882464],[-79.902173,-1.883466],[-79.902232,-1.883904],[-79.902786,-1.884426],[-79.903337,-1.884822],[-79.903871,-1.88504],[-79.904554,-1.884964],[-79.90529,-1.885182],[-79.905694,-1.885154]]]},"properties":{"OBJECTID":26900,"dpa_parroq":"090652","dpa_despar":"JUAN BAUTISTA AGUIRRE","dpa_canton":"0906","dpa_descan":"DAULE","dpa_provin":"09","dpa_despro":"GUAYAS","dpa_anio":" ","txt":" ","fcode":" ","fcode_1":" ","descr":"AREA QUE PRESENTA CONDICIONES POTENCIALES PARA LA OCURRENCIA O NO DE UNA AMENAZA A INUNDACION","umo":"NIVEL ONDULADO CON PRESENCIA DE AGUA / NIVEL PLANO","pen":"MUY SUAVE","txs":"ARCILLOSO","ttd":"ARCILLOSO","ith":0,"sui":"ALTA","sce":0,"st_area_sh":22472903.1419,"st_length_":62628.9902434,"anno":2025,"name":"JUAN BAUTISTA AGUIRRE"}},{"type":"Feature","id":26901,"geometry":{"type":"Polygon","coordinates":[[[-79.861871,-1.827636],[-79.861669,-1.826984],[-79.862098,-1.825573],[-79.862481,-1.825011],[-79.86291,-1.824724],[-79.863626,-1.824406],[-79.864402,-1.824213],[-79.86694,-1.824011],[-79.867255,-1.823914],[-79.867069,-1.824301],[-79.867519,-1.82656],[-79.867489,-1.827378],[-79.867744,-1.827879],[-79.868106,-1.828258],[-79.868437,-1.828212],[-79.86999,-1.826516],[-79.870185,-1.82688],[-79.870622,-1.827032],[-79.871194,-1.827729],[-79.871706,-1.828518],[-79.872232,-1.829716],[-79.873181,-1.830459],[-79.873512,-1.830808],[-79.873497,-1.831187],[-79.87321,-1.831671],[-79.873044,-1.832384],[-79.872803,-1.832914],[-79.872004,-1.833838],[-79.870723,-1.835521],[-79.869776,-1.833832],[-79.869352,-1.833331],[-79.868829,-1.83297],[-79.867836,-1.832479],[-79.867389,-1.832005],[-79.866507,-1.830855],[-79.866149,-1.830513],[-79.864875,-1.829721],[-79.86385,-1.829361],[-79.863063,-1.828937],[-79.862461,-1.828426],[-79.861871,-1.827636]]]},"properties":{"OBJECTID":26901,"dpa_parroq":"090652","dpa_despar":"JUAN BAUTISTA AGUIRRE","dpa_canton":"0906","dpa_descan":"DAULE","dpa_provin":"09","dpa_despro":"GUAYAS","dpa_anio":" ","txt":" ","fcode":" ","fcode_1":" ","descr":"AREA QUE PRESENTA CONDICIONES POTENCIALES PARA LA OCURRENCIA O NO DE UNA AMENAZA A INUNDACION","umo":"NIVEL ONDULADO CON PRESENCIA DE AGUA / NIVEL PLANO","pen":"MUY SUAVE","txs":"ARCILLOSO","ttd":"ARCILLOSO","ith":0,"sui":"ALTA","sce":0,"st_area_sh":757837.873005,"st_length_":4276.95734682,"anno":2025,"name":"JUAN BAUTISTA AGUIRRE"}},{"type":"Feature","id":26902,"geometry":{"type":"Polygon","coordinates":[[[-79.921202,-1.889783],[-79.921049,-1.889341],[-79.921179,-1.88851],[-79.920792,-1.887549],[-79.920741,-1.887056],[-79.920999,-1.886718],[-79.923141,-1.886642],[-79.923761,-1.886331],[-79.924045,-1.885941],[-79.924119,-1.885289],[-79.924802,-1.885537],[-79.924696,-1.885885],[-79.924146,-1.886402],[-79.923435,-1.887693],[-79.922879,-1.889156],[-79.922571,-1.889317],[-79.921439,-1.889584],[-79.921202,-1.889783]]]},"properties":{"OBJECTID":26902,"dpa_parroq":"090652","dpa_despar":"JUAN BAUTISTA AGUIRRE","dpa_canton":"0906","dpa_descan":"DAULE","dpa_provin":"09","dpa_despro":"GUAYAS","dpa_anio":" ","txt":" ","fcode":" ","fcode_1":" ","descr":"AREA QUE PRESENTA CONDICIONES POTENCIALES PARA LA OCURRENCIA O NO DE UNA AMENAZA A INUNDACION","umo":"NIVEL ONDULADO CON PRESENCIA DE AGUA / NIVEL PLANO","pen":"MUY SUAVE","txs":"FRANCO ARCILLO - ARENOSO","ttd":"ARCILLOSO","ith":0,"sui":"ALTA","sce":0,"st_area_sh":90235.0710576,"st_length_":1546.02976883,"anno":2025,"name":"JUAN BAUTISTA AGUIRRE"}},{"type":"Feature","id":26903,"geometry":{"type":"Polygon","coordinates":[[[-79.918346,-1.902067],[-79.918514,-1.901947],[-79.918951,-1.901817],[-79.918875,-1.901929],[-79.918346,-1.902067]]]},"properties":{"OBJECTID":26903,"dpa_parroq":"090652","dpa_despar":"JUAN BAUTISTA AGUIRRE","dpa_canton":"0906","dpa_descan":"DAULE","dpa_provin":"09","dpa_despro":"GUAYAS","dpa_anio":" ","txt":" ","fcode":" ","fcode_1":" ","descr":"AREA QUE PRESENTA CONDICIONES POTENCIALES PARA LA OCURRENCIA O NO DE UNA AMENAZA A INUNDACION","umo":"NIVEL ONDULADO CON PRESENCIA DE AGUA / NIVEL PLANO","pen":"PLANA","txs":"ARCILLOSO","ttd":"ARCILLOSO","ith":0,"sui":"ALTA","sce":0,"st_area_sh":489.63726747,"st_length_":149.530551088,"anno":2025,"name":"JUAN BAUTISTA AGUIRRE"}},{"type":"Feature","id":26904,"geometry":{"type":"Polygon","coordinates":[[[-79.879618,-1.931438],[-79.87972,-1.93135],[-79.879926,-1.931447],[-79.879618,-1.931438]]]},"properties":{"OBJECTID":26904,"dpa_parroq":"090652","dpa_despar":"JUAN BAUTISTA AGUIRRE","dpa_canton":"0906","dpa_descan":"DAULE","dpa_provin":"09","dpa_despro":"GUAYAS","dpa_anio":" ","txt":" ","fcode":" ","fcode_1":" ","descr":"AREA QUE PRESENTA CONDICIONES POTENCIALES PARA LA OCURRENCIA O NO DE UNA AMENAZA A INUNDACION","umo":"NIVEL PLANO","pen":"PLANA","txs":"ARCILLOSO","ttd":"ARCILLOSO","ith":0,"sui":"ALTA","sce":0,"st_area_sh":171.18661044,"st_length_":74.3401190321,"anno":2025,"name":"JUAN BAUTISTA AGUIRRE"}},{"type":"Feature","id":26905,"geometry":{"type":"Polygon","coordinates":[[[-79.890702,-1.922047],[-79.890852,-1.921975],[-79.890957,-1.921813],[-79.891083,-1.921798],[-79.891281,-1.921874],[-79.89149,-1.922073],[-79.891989,-1.921983],[-79.892978,-1.922083],[-79.894528,-1.922792],[-79.895323,-1.923454],[-79.895639,-1.923833],[-79.893525,-1.925118],[-79.892197,-1.924357],[-79.890351,-1.923981],[-79.890271,-1.923934],[-79.890158,-1.923266],[-79.89016,-1.922438],[-79.890319,-1.922248],[-79.890702,-1.922047]]]},"properties":{"OBJECTID":26905,"dpa_parroq":"090652","dpa_despar":"JUAN BAUTISTA AGUIRRE","dpa_canton":"0906","dpa_descan":"DAULE","dpa_provin":"09","dpa_despro":"GUAYAS","dpa_anio":" ","txt":" ","fcode":" ","fcode_1":" ","descr":"AREA QUE PRESENTA CONDICIONES POTENCIALES PARA LA OCURRENCIA O NO DE UNA AMENAZA A INUNDACION","umo":"NIVEL PLANO","pen":"PLANA","txs":"ARCILLOSO","ttd":"ARCILLOSO","ith":0,"sui":"ALTA","sce":0,"st_area_sh":135683.072049,"st_length_":1541.76171955,"anno":2025,"name":"JUAN BAUTISTA AGUIRRE"}},{"type":"Feature","id":26906,"geometry":{"type":"Polygon","coordinates":[[[-79.895483,-1.850893],[-79.893926,-1.850012],[-79.893612,-1.849916],[-79.8936,-1.849719],[-79.893857,-1.849289],[-79.894556,-1.848801],[-79.894743,-1.848501],[-79.894595,-1.848388],[-79.895143,-1.847688],[-79.895433,-1.84761],[-79.89572,-1.84768],[-79.89577,-1.847294],[-79.895471,-1.846877],[-79.895555,-1.84677],[-79.895557,-1.846239],[-79.895249,-1.846277],[-79.895175,-1.846183],[-79.89515,-1.845828],[-79.894497,-1.845911],[-79.894357,-1.845827],[-79.893735,-1.845085],[-79.894074,-1.844823],[-79.894259,-1.844349],[-79.89467,-1.844134],[-79.895672,-1.844379],[-79.896,-1.84425],[-79.896201,-1.843733],[-79.896572,-1.843618],[-79.896857,-1.84369],[-79.897178,-1.843938],[-79.897899,-1.843691],[-79.898355,-1.843949],[-79.898955,-1.843921],[-79.899554,-1.843663],[-79.900354,-1.843032],[-79.901115,-1.842179],[-79.901368,-1.841381],[-79.901331,-1.841248],[-79.901148,-1.84123],[-79.900985,-1.841095],[-79.901012,-1.840646],[-79.901137,-1.84055],[-79.901494,-1.840483],[-79.901414,-1.839936],[-79.902458,-1.839352],[-79.902789,-1.83829],[-79.902696,-1.838117],[-79.903053,-1.838011],[-79.903159,-1.837904],[-79.903225,-1.837971],[-79.903634,-1.837772],[-79.903964,-1.837878],[-79.904162,-1.837839],[-79.904704,-1.838065],[-79.904902,-1.838291],[-79.905271,-1.839088],[-79.905218,-1.839274],[-79.905059,-1.839354],[-79.904967,-1.839141],[-79.904676,-1.839619],[-79.904293,-1.839606],[-79.904201,-1.839818],[-79.904174,-1.840177],[-79.904319,-1.840536],[-79.904253,-1.840656],[-79.903799,-1.840919],[-79.904194,-1.840979],[-79.904491,-1.840581],[-79.905203,-1.840661],[-79.905638,-1.840343],[-79.905717,-1.840801],[-79.905974,-1.84094],[-79.906349,-1.842115],[-79.906211,-1.842214],[-79.905677,-1.841955],[-79.90544,-1.841995],[-79.905301,-1.842174],[-79.905261,-1.842412],[-79.90532,-1.84287],[-79.905261,-1.843069],[-79.905458,-1.843547],[-79.90528,-1.843964],[-79.90528,-1.844342],[-79.905517,-1.844362],[-79.905754,-1.844502],[-79.905794,-1.844701],[-79.905002,-1.845496],[-79.904824,-1.845437],[-79.904726,-1.845198],[-79.904458,-1.845185],[-79.904691,-1.845655],[-79.904837,-1.84616],[-79.905646,-1.846535],[-79.906612,-1.847323],[-79.907445,-1.847634],[-79.90949,-1.848114],[-79.909803,-1.848253],[-79.910372,-1.848344],[-79.91039,-1.848523],[-79.910671,-1.848614],[-79.910657,-1.84926],[-79.910871,-1.849729],[-79.910694,-1.850893],[-79.895483,-1.850893]]]},"properties":{"OBJECTID":26906,"dpa_parroq":"090653","dpa_despar":"LAUREL","dpa_canton":"0906","dpa_descan":"DAULE","dpa_provin":"09","dpa_despro":"GUAYAS","dpa_anio":" ","txt":" ","fcode":" ","fcode_1":" ","descr":"AREA QUE PRESENTA CONDICIONES POTENCIALES PARA LA OCURRENCIA O NO DE UNA AMENAZA A INUNDACION","umo":"NIVEL ONDULADO CON PRESENCIA DE AGUA / NIVEL PLANO","pen":"MUY SUAVE","txs":"ARCILLOSO","ttd":"ARCILLOSO","ith":0,"sui":"ALTA","sce":0,"st_area_sh":1409328.79813,"st_length_":7352.37557057,"anno":2025,"name":"LAUREL"}},{"type":"Feature","id":26907,"geometry":{"type":"Polygon","coordinates":[[[-79.887068,-1.826538],[-79.886318,-1.826139],[-79.886228,-1.826011],[-79.886073,-1.826011],[-79.88658,-1.825393],[-79.886741,-1.825009],[-79.886943,-1.825423],[-79.886992,-1.82587],[-79.88714,-1.82616],[-79.887068,-1.826538]]]},"properties":{"OBJECTID":26907,"dpa_parroq":"090653","dpa_despar":"LAUREL","dpa_canton":"0906","dpa_descan":"DAULE","dpa_provin":"09","dpa_despro":"GUAYAS","dpa_anio":" ","txt":" ","fcode":" ","fcode_1":" ","descr":"AREA QUE PRESENTA CONDICIONES POTENCIALES PARA LA OCURRENCIA O NO DE UNA AMENAZA A INUNDACION","umo":"NIVEL ONDULADO CON PRESENCIA DE AGUA / NIVEL PLANO","pen":"MUY SUAVE","txs":"ARCILLOSO","ttd":"ARCILLOSO","ith":0,"sui":"ALTA","sce":0,"st_area_sh":9113.10048018,"st_length_":442.923845765,"anno":2025,"name":"LAUREL"}},{"type":"Feature","id":26908,"geometry":{"type":"Polygon","coordinates":[[[-79.904439,-1.864795],[-79.904557,-1.864748],[-79.905841,-1.864855],[-79.905995,-1.866088],[-79.907285,-1.867112],[-79.907453,-1.867103],[-79.907824,-1.866917],[-79.907948,-1.867103],[-79.908645,-1.869055],[-79.908938,-1.870185],[-79.908809,-1.871047],[-79.908659,-1.871542],[-79.908434,-1.872102],[-79.90793,-1.872916],[-79.907896,-1.876228],[-79.90648,-1.878725],[-79.903965,-1.880146],[-79.901745,-1.880406],[-79.901375,-1.880601],[-79.900491,-1.881205],[-79.900151,-1.88178],[-79.9,-1.882358],[-79.89997,-1.883728],[-79.900687,-1.884364],[-79.901425,-1.885216],[-79.903008,-1.886584],[-79.9038,-1.887436],[-79.904316,-1.887565],[-79.904872,-1.888172],[-79.904017,-1.888992],[-79.903354,-1.889379],[-79.901934,-1.89059],[-79.902649,-1.891729],[-79.902647,-1.891828],[-79.902602,-1.892383],[-79.90199,-1.893693],[-79.90173,-1.894447],[-79.902983,-1.898169],[-79.902692,-1.898807],[-79.902359,-1.898711],[-79.900046,-1.898811],[-79.899953,-1.899346],[-79.900103,-1.89987],[-79.90002,-1.900045],[-79.900072,-1.90093],[-79.89998,-1.902899],[-79.899765,-1.903556],[-79.900097,-1.903577],[-79.901553,-1.903094],[-79.902431,-1.9029],[-79.903833,-1.902804],[-79.904058,-1.903041],[-79.904186,-1.903548],[-79.9041,-1.904323],[-79.903746,-1.904635],[-79.902858,-1.905022],[-79.902633,-1.905313],[-79.901573,-1.906206],[-79.901422,-1.90654],[-79.901358,-1.907046],[-79.901443,-1.907617],[-79.901186,-1.907391],[-79.901047,-1.907078],[-79.901155,-1.906809],[-79.90108,-1.906701],[-79.900791,-1.906755],[-79.900705,-1.90641],[-79.900545,-1.906378],[-79.900138,-1.906636],[-79.900074,-1.906367],[-79.900342,-1.906184],[-79.900331,-1.906022],[-79.898824,-1.906243],[-79.898336,-1.906619],[-79.897579,-1.906974],[-79.894539,-1.907364],[-79.894027,-1.907485],[-79.892382,-1.906602],[-79.889583,-1.906489],[-79.888311,-1.907978],[-79.887592,-1.909712],[-79.88656,-1.910823],[-79.886228,-1.912008],[-79.885527,-1.913008],[-79.884778,-1.913507],[-79.884493,-1.914854],[-79.884936,-1.916492],[-79.885378,-1.917048],[-79.885501,-1.917698],[-79.886886,-1.918828],[-79.887851,-1.919058],[-79.888492,-1.920559],[-79.8879,-1.922529],[-79.888097,-1.927056],[-79.887618,-1.927876],[-79.885112,-1.929425],[-79.884191,-1.929684],[-79.881926,-1.92966],[-79.879059,-1.929131],[-79.878515,-1.92867],[-79.876628,-1.927748],[-79.876186,-1.927659],[-79.875522,-1.927852],[-79.874873,-1.927866],[-79.874224,-1.927999],[-79.873781,-1.928444],[-79.872772,-1.930396],[-79.872742,-1.931247],[-79.870102,-1.931174],[-79.870226,-1.930885],[-79.870177,-1.930706],[-79.869391,-1.930015],[-79.868668,-1.928587],[-79.868415,-1.92842],[-79.868125,-1.928003],[-79.868217,-1.927494],[-79.868374,-1.927318],[-79.868531,-1.926924],[-79.86842,-1.926456],[-79.868448,-1.926192],[-79.868513,-1.926086],[-79.868913,-1.92599],[-79.869216,-1.925493],[-79.869799,-1.925039],[-79.870383,-1.924775],[-79.870835,-1.924453],[-79.871211,-1.924056],[-79.872262,-1.920812],[-79.872175,-1.920317],[-79.871941,-1.91984],[-79.871646,-1.919844],[-79.871448,-1.919724],[-79.87046,-1.918496],[-79.869935,-1.918125],[-79.869618,-1.917754],[-79.869098,-1.916809],[-79.86873,-1.916591],[-79.868657,-1.916411],[-79.868717,-1.916133],[-79.86856,-1.915878],[-79.868179,-1.915591],[-79.868165,-1.915498],[-79.868353,-1.915181],[-79.868357,-1.914879],[-79.867981,-1.913961],[-79.866411,-1.913509],[-79.866181,-1.913376],[-79.866017,-1.913105],[-79.865599,-1.912983],[-79.865475,-1.912736],[-79.865292,-1.912615],[-79.864723,-1.911923],[-79.864665,-1.911694],[-79.864078,-1.911458],[-79.864022,-1.911133],[-79.864086,-1.911049],[-79.864275,-1.911056],[-79.864348,-1.910752],[-79.86469,-1.910761],[-79.864868,-1.910436],[-79.865011,-1.910418],[-79.865862,-1.910715],[-79.866541,-1.910649],[-79.86691,-1.910534],[-79.867409,-1.909893],[-79.867949,-1.909786],[-79.868293,-1.909893],[-79.868506,-1.90977],[-79.86867,-1.909507],[-79.869973,-1.906486],[-79.87071,-1.905284],[-79.870718,-1.905095],[-79.86907,-1.902604],[-79.868095,-1.901498],[-79.867611,-1.90009],[-79.867593,-1.89982],[-79.867713,-1.89959],[-79.868433,-1.899272],[-79.870059,-1.898757],[-79.870005,-1.89834],[-79.870169,-1.897857],[-79.870569,-1.897552],[-79.871359,-1.896749],[-79.871479,-1.896519],[-79.871468,-1.896233],[-79.869845,-1.892752],[-79.869529,-1.892203],[-79.869322,-1.891643],[-79.86894,-1.89105],[-79.868406,-1.890776],[-79.861087,-1.888136],[-79.857848,-1.886806],[-79.857565,-1.886838],[-79.857276,-1.885531],[-79.857409,-1.884689],[-79.857509,-1.881275],[-79.857595,-1.880911],[-79.858307,-1.880027],[-79.858573,-1.879833],[-79.859553,-1.879367],[-79.859841,-1.879116],[-79.859982,-1.87887],[-79.860988,-1.87905],[-79.861915,-1.877996],[-79.862039,-1.87764],[-79.862049,-1.877219],[-79.863642,-1.877425],[-79.863634,-1.876589],[-79.864998,-1.8764],[-79.865046,-1.876167],[-79.865161,-1.87603],[-79.865051,-1.87561],[-79.865266,-1.87554],[-79.867134,-1.875135],[-79.867425,-1.87518],[-79.868213,-1.875697],[-79.868909,-1.875887],[-79.870425,-1.875818],[-79.871525,-1.875598],[-79.873804,-1.875599],[-79.875595,-1.875442],[-79.876679,-1.875269],[-79.878769,-1.874717],[-79.880702,-1.873975],[-79.882182,-1.873277],[-79.882977,-1.873177],[-79.883454,-1.872834],[-79.883389,-1.87278],[-79.883032,-1.87309],[-79.882751,-1.872589],[-79.882835,-1.872408],[-79.882707,-1.872195],[-79.882602,-1.872266],[-79.882514,-1.87208],[-79.882725,-1.87173],[-79.882681,-1.871655],[-79.882505,-1.871659],[-79.882229,-1.871106],[-79.882207,-1.870902],[-79.882312,-1.870544],[-79.882409,-1.870473],[-79.882524,-1.870535],[-79.882678,-1.870203],[-79.882624,-1.870078],[-79.885457,-1.869228],[-79.886093,-1.869194],[-79.886693,-1.869304],[-79.891453,-1.87095],[-79.892172,-1.871128],[-79.892467,-1.871116],[-79.892537,-1.871045],[-79.892679,-1.870536],[-79.892832,-1.870322],[-79.893104,-1.870192],[-79.893856,-1.87023],[-79.89528,-1.870468],[-79.896029,-1.870425],[-79.896682,-1.870909],[-79.897263,-1.87121],[-79.897562,-1.871084],[-79.89964,-1.868696],[-79.899793,-1.86861],[-79.90017,-1.868963],[-79.90029,-1.869017],[-79.900396,-1.86897],[-79.902198,-1.865866],[-79.903214,-1.865045],[-79.904168,-1.865103],[-79.904439,-1.864795]]]},"properties":{"OBJECTID":26908,"dpa_parroq":"090652","dpa_despar":"JUAN BAUTISTA AGUIRRE","dpa_canton":"0906","dpa_descan":"DAULE","dpa_provin":"09","dpa_despro":"GUAYAS","dpa_anio":" ","txt":" ","fcode":" ","fcode_1":" ","descr":"AREA QUE PRESENTA CONDICIONES POTENCIALES PARA LA OCURRENCIA O NO DE UNA AMENAZA A INUNDACION","umo":"NIVEL PLANO","pen":"PLANA","txs":"ARCILLOSO","ttd":"ARCILLOSO","ith":0,"sui":"ALTA","sce":0,"st_area_sh":21586968.0712,"st_length_":28741.6237807,"anno":2025,"name":"JUAN BAUTISTA AGUIRRE"}},{"type":"Feature","id":26909,"geometry":{"type":"Polygon","coordinates":[[[-79.867369,-1.825771],[-79.867069,-1.824301],[-79.867255,-1.823914],[-79.867675,-1.823784],[-79.868393,-1.823348],[-79.868897,-1.823237],[-79.870087,-1.823107],[-79.871091,-1.823221],[-79.871454,-1.823334],[-79.871748,-1.823532],[-79.87243,-1.824429],[-79.873763,-1.825669],[-79.874867,-1.826154],[-79.876301,-1.826412],[-79.876738,-1.827672],[-79.876993,-1.828688],[-79.877219,-1.829112],[-79.878138,-1.828249],[-79.878711,-1.827946],[-79.879109,-1.827931],[-79.879251,-1.833572],[-79.879882,-1.833767],[-79.880319,-1.833692],[-79.881207,-1.834981],[-79.881599,-1.835421],[-79.882668,-1.835179],[-79.882864,-1.8353],[-79.883044,-1.835846],[-79.883541,-1.836589],[-79.883631,-1.837317],[-79.883992,-1.838044],[-79.884233,-1.838833],[-79.884127,-1.839288],[-79.88375,-1.839803],[-79.882363,-1.84103],[-79.879652,-1.841392],[-79.879019,-1.841588],[-79.878,-1.842247],[-79.877731,-1.842201],[-79.877588,-1.841971],[-79.877602,-1.841698],[-79.877788,-1.841174],[-79.877753,-1.840894],[-79.877568,-1.840506],[-79.877596,-1.840226],[-79.877818,-1.839868],[-79.878903,-1.839179],[-79.87881,-1.839071],[-79.878903,-1.838511],[-79.878704,-1.837276],[-79.878483,-1.836917],[-79.878155,-1.836637],[-79.877327,-1.836478],[-79.877092,-1.836593],[-79.87692,-1.837548],[-79.876806,-1.837821],[-79.87642,-1.838409],[-79.875956,-1.838703],[-79.87519,-1.838778],[-79.874596,-1.839091],[-79.874115,-1.839155],[-79.872769,-1.839082],[-79.872338,-1.838811],[-79.872067,-1.838749],[-79.871392,-1.837935],[-79.871159,-1.837475],[-79.871009,-1.837441],[-79.871155,-1.836541],[-79.870986,-1.836015],[-79.870723,-1.835521],[-79.872004,-1.833838],[-79.872803,-1.832914],[-79.873044,-1.832384],[-79.87321,-1.831671],[-79.873497,-1.831187],[-79.873512,-1.830808],[-79.873181,-1.830459],[-79.872232,-1.829716],[-79.871706,-1.828518],[-79.871194,-1.827729],[-79.870622,-1.827032],[-79.870185,-1.82688],[-79.86999,-1.826516],[-79.868437,-1.828212],[-79.868106,-1.828258],[-79.867744,-1.827879],[-79.867489,-1.827378],[-79.867519,-1.82656],[-79.867369,-1.825771]]]},"properties":{"OBJECTID":26909,"dpa_parroq":"090652","dpa_despar":"JUAN BAUTISTA AGUIRRE","dpa_canton":"0906","dpa_descan":"DAULE","dpa_provin":"09","dpa_despro":"GUAYAS","dpa_anio":" ","txt":" ","fcode":" ","fcode_1":" ","descr":"AREA QUE PRESENTA CONDICIONES POTENCIALES PARA LA OCURRENCIA O NO DE UNA AMENAZA A INUNDACION","umo":"NIVEL PLANO","pen":"PLANA","txs":"ARCILLOSO","ttd":"ARCILLOSO","ith":0,"sui":"ALTA","sce":0,"st_area_sh":1666481.36953,"st_length_":8209.35679744,"anno":2025,"name":"JUAN BAUTISTA AGUIRRE"}},{"type":"Feature","id":26911,"geometry":{"type":"Polygon","coordinates":[[[-79.920289,-1.773605],[-79.921143,-1.773566],[-79.920486,-1.773997],[-79.919952,-1.774094],[-79.919804,-1.774393],[-79.919919,-1.775074],[-79.920127,-1.775424],[-79.920301,-1.775545],[-79.921021,-1.775628],[-79.921165,-1.775742],[-79.921175,-1.776136],[-79.921031,-1.77626],[-79.920454,-1.77636],[-79.92031,-1.776498],[-79.920228,-1.776705],[-79.920402,-1.777305],[-79.920279,-1.777471],[-79.91995,-1.777603],[-79.919987,-1.778087],[-79.919855,-1.778273],[-79.91984,-1.778576],[-79.919762,-1.778693],[-79.919604,-1.778769],[-79.919292,-1.778778],[-79.918828,-1.779166],[-79.918389,-1.779282],[-79.91825,-1.779282],[-79.918164,-1.779195],[-79.91815,-1.778847],[-79.918458,-1.778513],[-79.91913,-1.778087],[-79.919331,-1.77783],[-79.919277,-1.777698],[-79.919181,-1.777656],[-79.919166,-1.77729],[-79.919594,-1.776279],[-79.919579,-1.775899],[-79.91944,-1.77558],[-79.919479,-1.774967],[-79.91927,-1.774442],[-79.918959,-1.774129],[-79.918305,-1.773898],[-79.917969,-1.773675],[-79.917675,-1.773962],[-79.917417,-1.773973],[-79.916992,-1.773827],[-79.916253,-1.773916],[-79.915735,-1.774111],[-79.915586,-1.774261],[-79.915453,-1.774595],[-79.915434,-1.774966],[-79.915529,-1.775525],[-79.916228,-1.776181],[-79.916593,-1.776293],[-79.917451,-1.776342],[-79.917562,-1.776518],[-79.917546,-1.776646],[-79.916974,-1.776677],[-79.91564,-1.776517],[-79.915513,-1.776597],[-79.915226,-1.777044],[-79.914877,-1.777156],[-79.914749,-1.777332],[-79.9144,-1.777571],[-79.914019,-1.777331],[-79.913971,-1.776979],[-79.914814,-1.776069],[-79.914893,-1.775957],[-79.914877,-1.775813],[-79.914401,-1.775557],[-79.914083,-1.775556],[-79.913765,-1.775796],[-79.913574,-1.776116],[-79.913257,-1.776116],[-79.912987,-1.775732],[-79.913289,-1.775236],[-79.913241,-1.775156],[-79.912955,-1.774916],[-79.912415,-1.774948],[-79.912336,-1.774836],[-79.912352,-1.774136],[-79.912474,-1.773741],[-79.912434,-1.773566],[-79.918328,-1.773566],[-79.918567,-1.773684],[-79.919123,-1.773733],[-79.919652,-1.773966],[-79.919865,-1.773798],[-79.920274,-1.773753],[-79.920289,-1.773605]]]},"properties":{"OBJECTID":26911,"dpa_parroq":"090653","dpa_despar":"LAUREL","dpa_canton":"0906","dpa_descan":"DAULE","dpa_provin":"09","dpa_despro":"GUAYAS","dpa_anio":" ","txt":" ","fcode":" ","fcode_1":" ","descr":"AREA QUE PRESENTA CONDICIONES POTENCIALES PARA LA OCURRENCIA O NO DE UNA AMENAZA A INUNDACION","umo":"VALLE INDIFERENCIADO","pen":"PLANA","txs":"ARCILLOSO","ttd":"ARCILLOSO","ith":0,"sui":"ALTA","sce":0,"st_area_sh":190788.788601,"st_length_":4829.54931155,"anno":2025,"name":"LAUREL"}},{"type":"Feature","id":26912,"geometry":{"type":"Polygon","coordinates":[[[-79.91378,-1.848987],[-79.913902,-1.848653],[-79.91388,-1.848486],[-79.914068,-1.848309],[-79.914466,-1.84812],[-79.914421,-1.848898],[-79.914145,-1.849476],[-79.914344,-1.849476],[-79.914952,-1.849176],[-79.915161,-1.849532],[-79.915349,-1.849533],[-79.915548,-1.849822],[-79.915902,-1.849866],[-79.916222,-1.849578],[-79.916333,-1.8496],[-79.916487,-1.85],[-79.915956,-1.850345],[-79.915835,-1.850545],[-79.915691,-1.850533],[-79.915603,-1.850333],[-79.915106,-1.849766],[-79.914741,-1.849788],[-79.914531,-1.849999],[-79.914675,-1.850166],[-79.91463,-1.850277],[-79.91442,-1.850377],[-79.914023,-1.850377],[-79.914133,-1.850577],[-79.914343,-1.85061],[-79.914669,-1.850893],[-79.913841,-1.850893],[-79.913647,-1.850599],[-79.913448,-1.850621],[-79.913448,-1.850893],[-79.912943,-1.850893],[-79.912951,-1.850699],[-79.912774,-1.850432],[-79.912653,-1.850009],[-79.912693,-1.849724],[-79.913018,-1.849531],[-79.913062,-1.849279],[-79.912753,-1.848775],[-79.913416,-1.848553],[-79.913416,-1.848797],[-79.913515,-1.849053],[-79.91378,-1.848987]]]},"properties":{"OBJECTID":26912,"dpa_parroq":"090653","dpa_despar":"LAUREL","dpa_canton":"0906","dpa_descan":"DAULE","dpa_provin":"09","dpa_despro":"GUAYAS","dpa_anio":" ","txt":" ","fcode":" ","fcode_1":" ","descr":"AREA QUE PRESENTA CONDICIONES POTENCIALES PARA LA OCURRENCIA O NO DE UNA AMENAZA A INUNDACION","umo":"VALLE INDIFERENCIADO","pen":"PLANA","txs":"FRANCO ARCILLOSO","ttd":"FRANCO ARCILLOSO","ith":0,"sui":"ALTA","sce":0,"st_area_sh":55486.2312677,"st_length_":1819.6079949,"anno":2025,"name":"LAUREL"}},{"type":"Feature","id":26913,"geometry":{"type":"Polygon","coordinates":[[[-79.91185,-1.838885],[-79.911552,-1.838642],[-79.91149,-1.838439],[-79.911894,-1.838023],[-79.912483,-1.839221],[-79.912366,-1.839337],[-79.912167,-1.839389],[-79.912014,-1.839567],[-79.912117,-1.839879],[-79.912043,-1.840142],[-79.911849,-1.84001],[-79.911709,-1.840186],[-79.911716,-1.840538],[-79.911782,-1.840563],[-79.911962,-1.841088],[-79.911952,-1.841157],[-79.91175,-1.841145],[-79.911909,-1.842356],[-79.911621,-1.842876],[-79.911623,-1.843005],[-79.911852,-1.843216],[-79.91199,-1.843528],[-79.911773,-1.843677],[-79.91171,-1.844007],[-79.91142,-1.84381],[-79.911431,-1.843416],[-79.91114,-1.84333],[-79.911071,-1.84357],[-79.909968,-1.842826],[-79.910205,-1.842819],[-79.910269,-1.842645],[-79.910597,-1.842472],[-79.91068,-1.842537],[-79.910678,-1.842757],[-79.910973,-1.842819],[-79.911441,-1.842351],[-79.911596,-1.842297],[-79.911467,-1.841122],[-79.911297,-1.841117],[-79.911058,-1.840765],[-79.911174,-1.840478],[-79.911143,-1.840314],[-79.91088,-1.840393],[-79.910733,-1.840557],[-79.910694,-1.841429],[-79.910357,-1.84144],[-79.910252,-1.841601],[-79.909976,-1.841723],[-79.909787,-1.841755],[-79.909697,-1.841689],[-79.909483,-1.842193],[-79.909345,-1.842321],[-79.909168,-1.842347],[-79.908642,-1.841981],[-79.908436,-1.84181],[-79.908358,-1.841617],[-79.908501,-1.840995],[-79.908636,-1.84101],[-79.908987,-1.84136],[-79.90915,-1.841371],[-79.909268,-1.841274],[-79.909215,-1.840893],[-79.908929,-1.840582],[-79.909108,-1.840388],[-79.909405,-1.840606],[-79.909578,-1.840617],[-79.909659,-1.840715],[-79.909643,-1.840933],[-79.909806,-1.840997],[-79.910037,-1.84097],[-79.910236,-1.840807],[-79.910281,-1.840629],[-79.910229,-1.840436],[-79.910104,-1.840318],[-79.910156,-1.840184],[-79.910251,-1.840088],[-79.910607,-1.840293],[-79.911035,-1.8401],[-79.911258,-1.839693],[-79.911564,-1.839373],[-79.911559,-1.839071],[-79.91185,-1.838885]]]},"properties":{"OBJECTID":26913,"dpa_parroq":"090653","dpa_despar":"LAUREL","dpa_canton":"0906","dpa_descan":"DAULE","dpa_provin":"09","dpa_despro":"GUAYAS","dpa_anio":" ","txt":" ","fcode":" ","fcode_1":" ","descr":"AREA QUE PRESENTA CONDICIONES POTENCIALES PARA LA OCURRENCIA O NO DE UNA AMENAZA A INUNDACION","umo":"VALLE INDIFERENCIADO","pen":"PLANA","txs":"FRANCO ARCILLOSO","ttd":"FRANCO ARCILLOSO","ith":0,"sui":"ALTA","sce":0,"st_area_sh":79527.8772277,"st_length_":3076.93660902,"anno":2025,"name":"LAUREL"}},{"type":"Feature","id":26914,"geometry":{"type":"Polygon","coordinates":[[[-79.916592,-1.837888],[-79.916726,-1.837554],[-79.917477,-1.837924],[-79.917527,-1.838416],[-79.917388,-1.838492],[-79.917346,-1.838671],[-79.91695,-1.838867],[-79.917027,-1.839009],[-79.916838,-1.839229],[-79.91695,-1.839627],[-79.91617,-1.839829],[-79.916088,-1.840066],[-79.915338,-1.840309],[-79.914998,-1.840119],[-79.914723,-1.83952],[-79.914304,-1.839503],[-79.913839,-1.839678],[-79.913991,-1.84013],[-79.914469,-1.840648],[-79.915231,-1.840927],[-79.915319,-1.841088],[-79.915839,-1.841225],[-79.916022,-1.841445],[-79.916116,-1.841736],[-79.916045,-1.841938],[-79.915774,-1.841718],[-79.915555,-1.841664],[-79.914741,-1.841171],[-79.914244,-1.841277],[-79.913637,-1.840506],[-79.913538,-1.839798],[-79.913428,-1.839696],[-79.913704,-1.838909],[-79.913836,-1.838909],[-79.914144,-1.83922],[-79.914409,-1.839126],[-79.914723,-1.839187],[-79.914993,-1.83942],[-79.915193,-1.839741],[-79.915575,-1.839442],[-79.915427,-1.839246],[-79.915368,-1.838877],[-79.915675,-1.838664],[-79.915699,-1.838759],[-79.916147,-1.838908],[-79.916301,-1.83889],[-79.916366,-1.838729],[-79.91672,-1.838789],[-79.916791,-1.8387],[-79.916921,-1.838088],[-79.916874,-1.837951],[-79.916554,-1.83794],[-79.916592,-1.837888]]]},"properties":{"OBJECTID":26914,"dpa_parroq":"090653","dpa_despar":"LAUREL","dpa_canton":"0906","dpa_descan":"DAULE","dpa_provin":"09","dpa_despro":"GUAYAS","dpa_anio":" ","txt":" ","fcode":" ","fcode_1":" ","descr":"AREA QUE PRESENTA CONDICIONES POTENCIALES PARA LA OCURRENCIA O NO DE UNA AMENAZA A INUNDACION","umo":"VALLE INDIFERENCIADO","pen":"PLANA","txs":"FRANCO ARCILLOSO","ttd":"FRANCO ARCILLOSO","ith":0,"sui":"ALTA","sce":0,"st_area_sh":60557.1609486,"st_length_":2362.07250071,"anno":2025,"name":"LAUREL"}},{"type":"Feature","id":26915,"geometry":{"type":"Polygon","coordinates":[[[-79.938478,-1.800906],[-79.938508,-1.800635],[-79.938601,-1.800548],[-79.939075,-1.80039],[-79.939765,-1.800491],[-79.939945,-1.800665],[-79.939945,-1.800925],[-79.939736,-1.801185],[-79.939728,-1.801851],[-79.939606,-1.802248],[-79.939735,-1.802572],[-79.939778,-1.802955],[-79.940037,-1.80349],[-79.940453,-1.804054],[-79.940482,-1.804192],[-79.94076,-1.804273],[-79.940602,-1.804697],[-79.94092,-1.805059],[-79.940929,-1.805292],[-79.941093,-1.805643],[-79.940903,-1.806726],[-79.941031,-1.807973],[-79.940977,-1.808708],[-79.940891,-1.808331],[-79.941006,-1.808087],[-79.941003,-1.807913],[-79.940949,-1.807887],[-79.940629,-1.80819],[-79.940429,-1.808654],[-79.940035,-1.808765],[-79.94015,-1.808444],[-79.940612,-1.808095],[-79.940835,-1.807727],[-79.940714,-1.806837],[-79.940887,-1.805945],[-79.940836,-1.805822],[-79.940413,-1.805432],[-79.940327,-1.805019],[-79.940061,-1.804759],[-79.939989,-1.804564],[-79.939666,-1.804419],[-79.939192,-1.804382],[-79.93912,-1.804238],[-79.939084,-1.804129],[-79.939185,-1.803706],[-79.93912,-1.803575],[-79.93884,-1.803474],[-79.93879,-1.80338],[-79.938682,-1.803011],[-79.938366,-1.802433],[-79.938324,-1.802093],[-79.938367,-1.801955],[-79.938547,-1.801791],[-79.939064,-1.801688],[-79.939133,-1.801062],[-79.938953,-1.80091],[-79.938637,-1.800968],[-79.938478,-1.800906]]]},"properties":{"OBJECTID":26915,"dpa_parroq":"090653","dpa_despar":"LAUREL","dpa_canton":"0906","dpa_descan":"DAULE","dpa_provin":"09","dpa_despro":"GUAYAS","dpa_anio":" ","txt":" ","fcode":" ","fcode_1":" ","descr":"AREA QUE PRESENTA CONDICIONES POTENCIALES PARA LA OCURRENCIA O NO DE UNA AMENAZA A INUNDACION","umo":"VALLE INDIFERENCIADO","pen":"PLANA","txs":"FRANCO ARCILLOSO","ttd":"FRANCO ARCILLOSO","ith":0,"sui":"ALTA","sce":0,"st_area_sh":73043.042666,"st_length_":2601.62140614,"anno":2025,"name":"LAUREL"}},{"type":"Feature","id":26916,"geometry":{"type":"Polygon","coordinates":[[[-79.918314,-1.786709],[-79.918312,-1.786554],[-79.918536,-1.786418],[-79.918761,-1.786564],[-79.918812,-1.786675],[-79.918563,-1.78696],[-79.918757,-1.787871],[-79.918621,-1.788074],[-79.918035,-1.788371],[-79.917734,-1.78885],[-79.917394,-1.788982],[-79.917073,-1.789303],[-79.917082,-1.789385],[-79.917324,-1.789368],[-79.917321,-1.789606],[-79.917198,-1.789709],[-79.9173,-1.790179],[-79.917268,-1.790732],[-79.916981,-1.790929],[-79.916899,-1.790911],[-79.916643,-1.790158],[-79.916369,-1.788926],[-79.916392,-1.788514],[-79.916781,-1.788932],[-79.91686,-1.788938],[-79.917623,-1.788471],[-79.917579,-1.788124],[-79.917902,-1.787996],[-79.918251,-1.78773],[-79.918282,-1.787408],[-79.918173,-1.786958],[-79.918314,-1.786709]]]},"properties":{"OBJECTID":26916,"dpa_parroq":"090653","dpa_despar":"LAUREL","dpa_canton":"0906","dpa_descan":"DAULE","dpa_provin":"09","dpa_despro":"GUAYAS","dpa_anio":" ","txt":" ","fcode":" ","fcode_1":" ","descr":"AREA QUE PRESENTA CONDICIONES POTENCIALES PARA LA OCURRENCIA O NO DE UNA AMENAZA A INUNDACION","umo":"VALLE INDIFERENCIADO","pen":"PLANA","txs":"FRANCO ARCILLOSO","ttd":"FRANCO ARCILLOSO","ith":0,"sui":"ALTA","sce":0,"st_area_sh":32500.0975093,"st_length_":1420.10703687,"anno":2025,"name":"LAUREL"}},{"type":"Feature","id":26917,"geometry":{"type":"Polygon","coordinates":[[[-79.934607,-1.779433],[-79.934728,-1.779366],[-79.93479,-1.779578],[-79.934856,-1.77957],[-79.934864,-1.779464],[-79.935261,-1.779606],[-79.935522,-1.780292],[-79.936131,-1.780201],[-79.936262,-1.780234],[-79.93632,-1.780348],[-79.936218,-1.780704],[-79.935803,-1.780953],[-79.935786,-1.781091],[-79.935916,-1.781247],[-79.936122,-1.781231],[-79.936275,-1.781661],[-79.936052,-1.781758],[-79.93587,-1.781994],[-79.935709,-1.782423],[-79.93572,-1.782716],[-79.935661,-1.782798],[-79.935464,-1.782707],[-79.93509,-1.782769],[-79.934953,-1.782669],[-79.93495,-1.782516],[-79.935169,-1.782372],[-79.935234,-1.782234],[-79.935415,-1.781538],[-79.934947,-1.780709],[-79.934985,-1.78058],[-79.934793,-1.779822],[-79.934486,-1.779683],[-79.93429,-1.77968],[-79.933867,-1.779895],[-79.933742,-1.779871],[-79.933777,-1.779687],[-79.934035,-1.779378],[-79.934147,-1.779605],[-79.934229,-1.779413],[-79.934607,-1.779433]]]},"properties":{"OBJECTID":26917,"dpa_parroq":"090653","dpa_despar":"LAUREL","dpa_canton":"0906","dpa_descan":"DAULE","dpa_provin":"09","dpa_despro":"GUAYAS","dpa_anio":" ","txt":" ","fcode":" ","fcode_1":" ","descr":"AREA QUE PRESENTA CONDICIONES POTENCIALES PARA LA OCURRENCIA O NO DE UNA AMENAZA A INUNDACION","umo":"VALLE INDIFERENCIADO","pen":"PLANA","txs":"FRANCO ARCILLOSO","ttd":"FRANCO ARCILLOSO","ith":0,"sui":"ALTA","sce":0,"st_area_sh":34437.5847521,"st_length_":1363.87465592,"anno":2025,"name":"LAUREL"}},{"type":"Feature","id":26918,"geometry":{"type":"Polygon","coordinates":[[[-79.904894,-1.836808],[-79.904248,-1.83609],[-79.903991,-1.83604],[-79.903643,-1.835765],[-79.903536,-1.835164],[-79.90376,-1.835139],[-79.904141,-1.835348],[-79.90482,-1.836116],[-79.905308,-1.836875],[-79.905482,-1.836833],[-79.905773,-1.836466],[-79.905707,-1.836024],[-79.90574,-1.835766],[-79.905881,-1.835649],[-79.906047,-1.835666],[-79.906261,-1.835374],[-79.906583,-1.835238],[-79.90669,-1.835276],[-79.90669,-1.835398],[-79.906289,-1.835679],[-79.906083,-1.835937],[-79.905892,-1.836626],[-79.905374,-1.8371],[-79.905611,-1.837968],[-79.906719,-1.840642],[-79.907627,-1.842585],[-79.907538,-1.842824],[-79.908409,-1.844452],[-79.908797,-1.845026],[-79.909269,-1.846077],[-79.909462,-1.84579],[-79.909922,-1.845709],[-79.910021,-1.845746],[-79.910108,-1.846247],[-79.910015,-1.846709],[-79.910269,-1.846941],[-79.910754,-1.847085],[-79.910922,-1.847041],[-79.911071,-1.846785],[-79.911363,-1.846817],[-79.911457,-1.847036],[-79.911226,-1.847292],[-79.911301,-1.847842],[-79.911394,-1.847911],[-79.911643,-1.847749],[-79.911848,-1.847361],[-79.912109,-1.847067],[-79.912128,-1.846873],[-79.911681,-1.846154],[-79.911389,-1.846054],[-79.911333,-1.845903],[-79.911364,-1.845616],[-79.911489,-1.845585],[-79.911594,-1.845791],[-79.911923,-1.846054],[-79.912153,-1.846404],[-79.912253,-1.846329],[-79.912141,-1.845791],[-79.911553,-1.844733],[-79.911429,-1.844238],[-79.911578,-1.844001],[-79.911839,-1.844114],[-79.911895,-1.844508],[-79.912104,-1.845052],[-79.912145,-1.845152],[-79.912269,-1.845169],[-79.913107,-1.843927],[-79.91324,-1.843693],[-79.913265,-1.84341],[-79.913356,-1.843318],[-79.91392,-1.843227],[-79.913895,-1.843427],[-79.913977,-1.843569],[-79.914185,-1.84356],[-79.914209,-1.843811],[-79.914276,-1.843886],[-79.914508,-1.843928],[-79.91464,-1.844536],[-79.913869,-1.844052],[-79.913729,-1.844094],[-79.913687,-1.844161],[-79.913993,-1.84489],[-79.913786,-1.844973],[-79.913546,-1.844673],[-79.913214,-1.844756],[-79.912833,-1.845281],[-79.912675,-1.845823],[-79.912741,-1.846073],[-79.912849,-1.846165],[-79.912998,-1.846149],[-79.913255,-1.845899],[-79.913396,-1.845932],[-79.913363,-1.846099],[-79.91318,-1.846282],[-79.913072,-1.846524],[-79.913039,-1.847002],[-79.913171,-1.847224],[-79.913824,-1.846914],[-79.914022,-1.846936],[-79.913956,-1.847136],[-79.913326,-1.84748],[-79.912851,-1.847569],[-79.912685,-1.84768],[-79.91211,-1.847669],[-79.911889,-1.847802],[-79.911513,-1.848258],[-79.911303,-1.848369],[-79.911347,-1.848913],[-79.911645,-1.849103],[-79.9117,-1.849514],[-79.911976,-1.849826],[-79.912186,-1.850226],[-79.912373,-1.850893],[-79.911611,-1.850893],[-79.911478,-1.850782],[-79.911258,-1.850303],[-79.911466,-1.850053],[-79.910686,-1.848925],[-79.91076,-1.847858],[-79.910672,-1.847576],[-79.910466,-1.847487],[-79.9102,-1.847539],[-79.910003,-1.847299],[-79.909363,-1.846793],[-79.909239,-1.846459],[-79.90885,-1.846334],[-79.908684,-1.846434],[-79.908643,-1.846292],[-79.908825,-1.845975],[-79.908726,-1.845783],[-79.908469,-1.845625],[-79.908345,-1.84575],[-79.908287,-1.845716],[-79.908187,-1.845166],[-79.907964,-1.844832],[-79.907683,-1.844173],[-79.907252,-1.844231],[-79.907144,-1.844123],[-79.906962,-1.844164],[-79.906895,-1.844056],[-79.907045,-1.842938],[-79.906665,-1.841554],[-79.9064,-1.840736],[-79.905746,-1.839185],[-79.905424,-1.838134],[-79.905101,-1.837525],[-79.904894,-1.836808]]]},"properties":{"OBJECTID":26918,"dpa_parroq":"090653","dpa_despar":"LAUREL","dpa_canton":"0906","dpa_descan":"DAULE","dpa_provin":"09","dpa_despro":"GUAYAS","dpa_anio":" ","txt":" ","fcode":" ","fcode_1":" ","descr":"AREA QUE PRESENTA CONDICIONES POTENCIALES PARA LA OCURRENCIA O NO DE UNA AMENAZA A INUNDACION","umo":"VALLE INDIFERENCIADO","pen":"PLANA","txs":"FRANCO ARCILLOSO","ttd":"FRANCO ARCILLOSO","ith":0,"sui":"ALTA","sce":0,"st_area_sh":198628.952749,"st_length_":7699.2740976,"anno":2025,"name":"LAUREL"}},{"type":"Feature","id":26919,"geometry":{"type":"Polygon","coordinates":[[[-79.910723,-1.83042],[-79.910273,-1.830138],[-79.910143,-1.829896],[-79.910068,-1.82932],[-79.910264,-1.829104],[-79.910807,-1.828922],[-79.911025,-1.828753],[-79.911031,-1.828461],[-79.910814,-1.827644],[-79.910926,-1.827588],[-79.911044,-1.827642],[-79.911174,-1.827948],[-79.911455,-1.828971],[-79.91133,-1.829381],[-79.911389,-1.829639],[-79.912159,-1.830409],[-79.912707,-1.830567],[-79.913696,-1.830377],[-79.913937,-1.830207],[-79.913965,-1.830101],[-79.913907,-1.829354],[-79.914107,-1.82933],[-79.91434,-1.829555],[-79.914507,-1.830163],[-79.914462,-1.83041],[-79.914098,-1.830557],[-79.913511,-1.830574],[-79.913253,-1.830653],[-79.913156,-1.830778],[-79.913256,-1.830982],[-79.91367,-1.831316],[-79.913578,-1.831517],[-79.91314,-1.831346],[-79.912626,-1.831327],[-79.912082,-1.83158],[-79.911875,-1.83175],[-79.911575,-1.832232],[-79.911391,-1.832382],[-79.911329,-1.832327],[-79.911338,-1.832196],[-79.911482,-1.831815],[-79.911078,-1.831828],[-79.910806,-1.831517],[-79.910476,-1.831563],[-79.910366,-1.831678],[-79.910366,-1.832014],[-79.910243,-1.832129],[-79.910057,-1.832163],[-79.909671,-1.831901],[-79.909589,-1.831681],[-79.909595,-1.831455],[-79.909877,-1.831197],[-79.910264,-1.831149],[-79.910666,-1.830922],[-79.910762,-1.830721],[-79.910723,-1.83042]]]},"properties":{"OBJECTID":26919,"dpa_parroq":"090653","dpa_despar":"LAUREL","dpa_canton":"0906","dpa_descan":"DAULE","dpa_provin":"09","dpa_despro":"GUAYAS","dpa_anio":" ","txt":" ","fcode":" ","fcode_1":" ","descr":"AREA QUE PRESENTA CONDICIONES POTENCIALES PARA LA OCURRENCIA O NO DE UNA AMENAZA A INUNDACION","umo":"VALLE INDIFERENCIADO","pen":"PLANA","txs":"FRANCO ARCILLOSO","ttd":"FRANCO ARCILLOSO","ith":0,"sui":"ALTA","sce":0,"st_area_sh":86563.8351,"st_length_":2394.06853512,"anno":2025,"name":"LAUREL"}},{"type":"Feature","id":26920,"geometry":{"type":"Polygon","coordinates":[[[-79.915745,-1.825408],[-79.916155,-1.824931],[-79.917078,-1.824864],[-79.917675,-1.825225],[-79.917615,-1.825424],[-79.91721,-1.825731],[-79.917205,-1.826133],[-79.9174,-1.826283],[-79.917909,-1.826181],[-79.918136,-1.826284],[-79.91816,-1.826359],[-79.917856,-1.826686],[-79.917627,-1.826803],[-79.916902,-1.826019],[-79.916746,-1.825902],[-79.916473,-1.825876],[-79.916239,-1.826146],[-79.915597,-1.826636],[-79.915459,-1.826931],[-79.915992,-1.827691],[-79.916245,-1.827892],[-79.916699,-1.828019],[-79.916945,-1.828572],[-79.917107,-1.828691],[-79.917342,-1.828743],[-79.917235,-1.829075],[-79.917398,-1.829227],[-79.917604,-1.829255],[-79.918651,-1.828843],[-79.918866,-1.828851],[-79.918925,-1.829144],[-79.918468,-1.829429],[-79.917935,-1.829549],[-79.917419,-1.829561],[-79.917186,-1.829657],[-79.917143,-1.829863],[-79.917598,-1.830342],[-79.917575,-1.830554],[-79.917372,-1.830572],[-79.91697,-1.830407],[-79.916699,-1.830209],[-79.916191,-1.830172],[-79.916065,-1.83011],[-79.915922,-1.829861],[-79.91576,-1.82978],[-79.915613,-1.829893],[-79.915492,-1.829861],[-79.915394,-1.829631],[-79.915736,-1.829331],[-79.915655,-1.829076],[-79.915996,-1.829032],[-79.916217,-1.829479],[-79.916493,-1.829546],[-79.916643,-1.829303],[-79.916711,-1.828985],[-79.916691,-1.8288],[-79.916503,-1.828453],[-79.91571,-1.82771],[-79.91525,-1.82712],[-79.915175,-1.827099],[-79.915082,-1.827253],[-79.915029,-1.827532],[-79.914643,-1.827502],[-79.914209,-1.827589],[-79.914042,-1.827509],[-79.914251,-1.82707],[-79.914322,-1.826476],[-79.914622,-1.826098],[-79.91479,-1.826079],[-79.915101,-1.826226],[-79.915435,-1.826104],[-79.915745,-1.825408]]]},"properties":{"OBJECTID":26920,"dpa_parroq":"090653","dpa_despar":"LAUREL","dpa_canton":"0906","dpa_descan":"DAULE","dpa_provin":"09","dpa_despro":"GUAYAS","dpa_anio":" ","txt":" ","fcode":" ","fcode_1":" ","descr":"AREA QUE PRESENTA CONDICIONES POTENCIALES PARA LA OCURRENCIA O NO DE UNA AMENAZA A INUNDACION","umo":"VALLE INDIFERENCIADO","pen":"PLANA","txs":"FRANCO ARCILLOSO","ttd":"FRANCO ARCILLOSO","ith":0,"sui":"ALTA","sce":0,"st_area_sh":89697.92885,"st_length_":3173.02587892,"anno":2025,"name":"LAUREL"}},{"type":"Feature","id":26921,"geometry":{"type":"Polygon","coordinates":[[[-79.919179,-1.82228],[-79.920166,-1.821875],[-79.920367,-1.821877],[-79.920642,-1.821975],[-79.921666,-1.822727],[-79.920993,-1.823144],[-79.920858,-1.82284],[-79.920503,-1.822478],[-79.920359,-1.822468],[-79.920205,-1.822606],[-79.920001,-1.822617],[-79.919704,-1.822422],[-79.919099,-1.822877],[-79.918734,-1.823019],[-79.91859,-1.823025],[-79.918496,-1.822947],[-79.918643,-1.822701],[-79.919179,-1.82228]]]},"properties":{"OBJECTID":26921,"dpa_parroq":"090653","dpa_despar":"LAUREL","dpa_canton":"0906","dpa_descan":"DAULE","dpa_provin":"09","dpa_despro":"GUAYAS","dpa_anio":" ","txt":" ","fcode":" ","fcode_1":" ","descr":"AREA QUE PRESENTA CONDICIONES POTENCIALES PARA LA OCURRENCIA O NO DE UNA AMENAZA A INUNDACION","umo":"VALLE INDIFERENCIADO","pen":"PLANA","txs":"FRANCO ARCILLOSO","ttd":"FRANCO ARCILLOSO","ith":0,"sui":"ALTA","sce":0,"st_area_sh":20063.4839,"st_length_":860.959524203,"anno":2025,"name":"LAUREL"}},{"type":"Feature","id":26922,"geometry":{"type":"Polygon","coordinates":[[[-79.915771,-1.822041],[-79.915261,-1.821522],[-79.915503,-1.820658],[-79.915786,-1.820495],[-79.915932,-1.820487],[-79.915787,-1.821023],[-79.915761,-1.821422],[-79.916447,-1.822187],[-79.916673,-1.822256],[-79.916819,-1.822089],[-79.916817,-1.821895],[-79.917413,-1.821771],[-79.917834,-1.821972],[-79.91798,-1.822259],[-79.917946,-1.822653],[-79.918249,-1.822838],[-79.918253,-1.823322],[-79.917357,-1.82357],[-79.91713,-1.823717],[-79.916974,-1.823686],[-79.916891,-1.823565],[-79.916961,-1.823444],[-79.917547,-1.822867],[-79.917579,-1.822678],[-79.917492,-1.822564],[-79.917242,-1.822503],[-79.916604,-1.822567],[-79.916258,-1.822889],[-79.91608,-1.822908],[-79.915826,-1.822645],[-79.915844,-1.82229],[-79.915771,-1.822041]]]},"properties":{"OBJECTID":26922,"dpa_parroq":"090653","dpa_despar":"LAUREL","dpa_canton":"0906","dpa_descan":"DAULE","dpa_provin":"09","dpa_despro":"GUAYAS","dpa_anio":" ","txt":" ","fcode":" ","fcode_1":" ","descr":"AREA QUE PRESENTA CONDICIONES POTENCIALES PARA LA OCURRENCIA O NO DE UNA AMENAZA A INUNDACION","umo":"VALLE INDIFERENCIADO","pen":"PLANA","txs":"FRANCO ARCILLOSO","ttd":"FRANCO ARCILLOSO","ith":0,"sui":"ALTA","sce":0,"st_area_sh":35847.44195,"st_length_":1407.96225392,"anno":2025,"name":"LAUREL"}},{"type":"Feature","id":26923,"geometry":{"type":"Polygon","coordinates":[[[-79.910379,-1.817797],[-79.910416,-1.81747],[-79.910789,-1.816843],[-79.911068,-1.816742],[-79.911391,-1.816807],[-79.911637,-1.817003],[-79.911924,-1.817773],[-79.91275,-1.819081],[-79.913035,-1.819097],[-79.913151,-1.81895],[-79.913181,-1.81874],[-79.913528,-1.818748],[-79.913522,-1.819519],[-79.914055,-1.819692],[-79.914167,-1.819873],[-79.913695,-1.820458],[-79.913349,-1.82107],[-79.91316,-1.82171],[-79.913029,-1.821783],[-79.912812,-1.821742],[-79.912683,-1.8216],[-79.912065,-1.819946],[-79.912195,-1.819802],[-79.912379,-1.819857],[-79.912586,-1.820244],[-79.912666,-1.820661],[-79.912912,-1.820921],[-79.913128,-1.820883],[-79.913191,-1.820745],[-79.913186,-1.82039],[-79.913029,-1.81964],[-79.91239,-1.819378],[-79.912167,-1.819216],[-79.912084,-1.819116],[-79.91198,-1.818671],[-79.911617,-1.818503],[-79.9112,-1.818455],[-79.911149,-1.818392],[-79.911159,-1.817934],[-79.911095,-1.817888],[-79.910584,-1.81805],[-79.910379,-1.817797]]]},"properties":{"OBJECTID":26923,"dpa_parroq":"090653","dpa_despar":"LAUREL","dpa_canton":"0906","dpa_descan":"DAULE","dpa_provin":"09","dpa_despro":"GUAYAS","dpa_anio":" ","txt":" ","fcode":" ","fcode_1":" ","descr":"AREA QUE PRESENTA CONDICIONES POTENCIALES PARA LA OCURRENCIA O NO DE UNA AMENAZA A INUNDACION","umo":"VALLE INDIFERENCIADO","pen":"PLANA","txs":"FRANCO ARCILLOSO","ttd":"FRANCO ARCILLOSO","ith":0,"sui":"ALTA","sce":0,"st_area_sh":61255.30835,"st_length_":2033.07810745,"anno":2025,"name":"LAUREL"}},{"type":"Feature","id":26924,"geometry":{"type":"Polygon","coordinates":[[[-79.933702,-1.813053],[-79.933432,-1.812815],[-79.932962,-1.81271],[-79.93287,-1.812615],[-79.932917,-1.812264],[-79.933148,-1.81216],[-79.933383,-1.812607],[-79.933666,-1.812661],[-79.934017,-1.812956],[-79.9343,-1.813065],[-79.934497,-1.812686],[-79.934765,-1.812744],[-79.934724,-1.812998],[-79.934374,-1.813399],[-79.934328,-1.813651],[-79.934451,-1.813827],[-79.934827,-1.81393],[-79.934858,-1.814038],[-79.934492,-1.814316],[-79.934062,-1.814281],[-79.933972,-1.814381],[-79.934502,-1.81552],[-79.934478,-1.815722],[-79.934277,-1.815842],[-79.934245,-1.816062],[-79.934567,-1.81671],[-79.934692,-1.817332],[-79.934306,-1.81741],[-79.934209,-1.817549],[-79.934391,-1.817999],[-79.934861,-1.818401],[-79.935241,-1.818614],[-79.935646,-1.819271],[-79.936011,-1.819515],[-79.936061,-1.819687],[-79.935841,-1.819961],[-79.935488,-1.81977],[-79.935149,-1.81992],[-79.93486,-1.819531],[-79.934706,-1.819456],[-79.934553,-1.819601],[-79.934305,-1.819607],[-79.934574,-1.819302],[-79.934609,-1.819152],[-79.934394,-1.81888],[-79.934256,-1.818821],[-79.933962,-1.818922],[-79.933634,-1.818739],[-79.933542,-1.818581],[-79.933859,-1.818423],[-79.933888,-1.818244],[-79.933787,-1.817948],[-79.933577,-1.817682],[-79.933151,-1.817421],[-79.932841,-1.817352],[-79.932492,-1.817496],[-79.932449,-1.817665],[-79.932771,-1.818128],[-79.932641,-1.818276],[-79.932406,-1.818094],[-79.932126,-1.817617],[-79.931524,-1.817465],[-79.931488,-1.817396],[-79.931549,-1.817273],[-79.931751,-1.817143],[-79.9322,-1.81694],[-79.932167,-1.816646],[-79.932228,-1.816586],[-79.932504,-1.816612],[-79.932752,-1.816985],[-79.933322,-1.817158],[-79.933737,-1.817386],[-79.933819,-1.817264],[-79.93352,-1.816771],[-79.933645,-1.816617],[-79.933597,-1.816457],[-79.93345,-1.816339],[-79.932815,-1.816344],[-79.932584,-1.816112],[-79.932661,-1.815439],[-79.932854,-1.815401],[-79.932754,-1.816004],[-79.932914,-1.816102],[-79.933461,-1.815889],[-79.933822,-1.815393],[-79.933607,-1.814881],[-79.933152,-1.814555],[-79.933167,-1.81445],[-79.933613,-1.814222],[-79.933713,-1.814038],[-79.933534,-1.813596],[-79.933132,-1.813257],[-79.933866,-1.813303],[-79.933702,-1.813053]]]},"properties":{"OBJECTID":26924,"dpa_parroq":"090653","dpa_despar":"LAUREL","dpa_canton":"0906","dpa_descan":"DAULE","dpa_provin":"09","dpa_despro":"GUAYAS","dpa_anio":" ","txt":" ","fcode":" ","fcode_1":" ","descr":"AREA QUE PRESENTA CONDICIONES POTENCIALES PARA LA OCURRENCIA O NO DE UNA AMENAZA A INUNDACION","umo":"VALLE INDIFERENCIADO","pen":"PLANA","txs":"FRANCO ARCILLOSO","ttd":"FRANCO ARCILLOSO","ith":0,"sui":"ALTA","sce":0,"st_area_sh":102565.530555,"st_length_":3831.68748441,"anno":2025,"name":"LAUREL"}},{"type":"Feature","id":26925,"geometry":{"type":"Polygon","coordinates":[[[-79.941168,-1.812084],[-79.941167,-1.812072],[-79.94117,-1.812088],[-79.941168,-1.812084]]]},"properties":{"OBJECTID":26925,"dpa_parroq":"090653","dpa_despar":"LAUREL","dpa_canton":"0906","dpa_descan":"DAULE","dpa_provin":"09","dpa_despro":"GUAYAS","dpa_anio":" ","txt":" ","fcode":" ","fcode_1":" ","descr":"AREA QUE PRESENTA CONDICIONES POTENCIALES PARA LA OCURRENCIA O NO DE UNA AMENAZA A INUNDACION","umo":"VALLE INDIFERENCIADO","pen":"PLANA","txs":"FRANCO ARCILLOSO","ttd":"FRANCO ARCILLOSO","ith":0,"sui":"ALTA","sce":0,"st_area_sh":0.10157562,"st_length_":3.60362034625,"anno":2025,"name":"LAUREL"}},{"type":"Feature","id":26926,"geometry":{"type":"Polygon","coordinates":[[[-79.941147,-1.811988],[-79.941132,-1.811881],[-79.941163,-1.812051],[-79.941147,-1.811988]]]},"properties":{"OBJECTID":26926,"dpa_parroq":"090653","dpa_despar":"LAUREL","dpa_canton":"0906","dpa_descan":"DAULE","dpa_provin":"09","dpa_despro":"GUAYAS","dpa_anio":" ","txt":" ","fcode":" ","fcode_1":" ","descr":"AREA QUE PRESENTA CONDICIONES POTENCIALES PARA LA OCURRENCIA O NO DE UNA AMENAZA A INUNDACION","umo":"VALLE INDIFERENCIADO","pen":"PLANA","txs":"FRANCO ARCILLOSO","ttd":"FRANCO ARCILLOSO","ith":0,"sui":"ALTA","sce":0,"st_area_sh":5.13790894,"st_length_":38.2857617159,"anno":2025,"name":"LAUREL"}},{"type":"Feature","id":26928,"geometry":{"type":"Polygon","coordinates":[[[-79.937723,-1.811897],[-79.93785,-1.811853],[-79.937865,-1.811639],[-79.937498,-1.811058],[-79.937554,-1.810878],[-79.937812,-1.810711],[-79.937935,-1.810712],[-79.938116,-1.811064],[-79.93824,-1.811744],[-79.938414,-1.811919],[-79.938808,-1.812055],[-79.939019,-1.812249],[-79.939299,-1.812279],[-79.939355,-1.81208],[-79.939242,-1.811656],[-79.939273,-1.811508],[-79.939349,-1.81143],[-79.93962,-1.811375],[-79.939885,-1.811408],[-79.940039,-1.811548],[-79.940097,-1.811858],[-79.939826,-1.812157],[-79.939705,-1.812631],[-79.94064,-1.812762],[-79.940714,-1.812712],[-79.940787,-1.812854],[-79.93957,-1.812805],[-79.939247,-1.813026],[-79.939137,-1.813258],[-79.939148,-1.81401],[-79.939207,-1.813957],[-79.939238,-1.813275],[-79.939502,-1.813126],[-79.939381,-1.813324],[-79.939156,-1.815491],[-79.938978,-1.816345],[-79.938493,-1.816816],[-79.937837,-1.816974],[-79.937467,-1.817377],[-79.93746,-1.817264],[-79.937733,-1.81685],[-79.938269,-1.81673],[-79.938492,-1.816575],[-79.938592,-1.816382],[-79.938623,-1.816207],[-79.93855,-1.816095],[-79.93793,-1.815688],[-79.937961,-1.815545],[-79.937884,-1.815421],[-79.9377,-1.815401],[-79.937742,-1.81525],[-79.938027,-1.815099],[-79.938077,-1.814696],[-79.938247,-1.814731],[-79.93837,-1.814863],[-79.93815,-1.815231],[-79.938185,-1.81551],[-79.938793,-1.815944],[-79.938916,-1.815913],[-79.938974,-1.814991],[-79.93878,-1.814061],[-79.938841,-1.814013],[-79.938987,-1.814056],[-79.939045,-1.813975],[-79.938884,-1.812606],[-79.938754,-1.812433],[-79.938426,-1.812296],[-79.938057,-1.812383],[-79.937803,-1.812281],[-79.937504,-1.812328],[-79.93738,-1.812067],[-79.937494,-1.811916],[-79.937723,-1.811897]]]},"properties":{"OBJECTID":26928,"dpa_parroq":"090653","dpa_despar":"LAUREL","dpa_canton":"0906","dpa_descan":"DAULE","dpa_provin":"09","dpa_despro":"GUAYAS","dpa_anio":" ","txt":" ","fcode":" ","fcode_1":" ","descr":"AREA QUE PRESENTA CONDICIONES POTENCIALES PARA LA OCURRENCIA O NO DE UNA AMENAZA A INUNDACION","umo":"VALLE INDIFERENCIADO","pen":"PLANA","txs":"FRANCO ARCILLOSO","ttd":"FRANCO ARCILLOSO","ith":0,"sui":"ALTA","sce":0,"st_area_sh":51422.2248292,"st_length_":3182.34735741,"anno":2025,"name":"LAUREL"}},{"type":"Feature","id":26929,"geometry":{"type":"Polygon","coordinates":[[[-79.940719,-1.810205],[-79.940762,-1.809809],[-79.940872,-1.809586],[-79.940794,-1.810521],[-79.941131,-1.811879],[-79.941053,-1.811835],[-79.941016,-1.811458],[-79.940745,-1.810679],[-79.940326,-1.810307],[-79.940384,-1.810112],[-79.940546,-1.810263],[-79.940719,-1.810205]]]},"properties":{"OBJECTID":26929,"dpa_parroq":"090653","dpa_despar":"LAUREL","dpa_canton":"0906","dpa_descan":"DAULE","dpa_provin":"09","dpa_despro":"GUAYAS","dpa_anio":" ","txt":" ","fcode":" ","fcode_1":" ","descr":"AREA QUE PRESENTA CONDICIONES POTENCIALES PARA LA OCURRENCIA O NO DE UNA AMENAZA A INUNDACION","umo":"VALLE INDIFERENCIADO","pen":"PLANA","txs":"FRANCO ARCILLOSO","ttd":"FRANCO ARCILLOSO","ith":0,"sui":"ALTA","sce":0,"st_area_sh":3098.98039425,"st_length_":602.623411834,"anno":2025,"name":"LAUREL"}},{"type":"Feature","id":26930,"geometry":{"type":"Polygon","coordinates":[[[-79.924696,-1.809147],[-79.924635,-1.808968],[-79.924805,-1.808746],[-79.92515,-1.808846],[-79.925385,-1.809047],[-79.925435,-1.80961],[-79.925696,-1.809598],[-79.926067,-1.809423],[-79.926305,-1.809604],[-79.92571,-1.810244],[-79.925846,-1.810454],[-79.926418,-1.810735],[-79.925252,-1.81135],[-79.925311,-1.811605],[-79.925404,-1.811693],[-79.925862,-1.811758],[-79.926663,-1.811661],[-79.927004,-1.81153],[-79.927416,-1.811148],[-79.927644,-1.811045],[-79.928072,-1.811106],[-79.928156,-1.81121],[-79.92815,-1.811448],[-79.928056,-1.811593],[-79.927795,-1.811716],[-79.925786,-1.812172],[-79.925454,-1.812169],[-79.925111,-1.812027],[-79.924749,-1.812079],[-79.924015,-1.813348],[-79.924067,-1.813589],[-79.924237,-1.813848],[-79.924388,-1.813918],[-79.924935,-1.813919],[-79.925283,-1.813782],[-79.92548,-1.813616],[-79.925677,-1.81358],[-79.926104,-1.813987],[-79.926174,-1.814151],[-79.926112,-1.814736],[-79.926189,-1.81505],[-79.926347,-1.815256],[-79.926656,-1.815451],[-79.926966,-1.815502],[-79.927125,-1.815417],[-79.927126,-1.815298],[-79.926533,-1.814624],[-79.926525,-1.814353],[-79.926719,-1.814317],[-79.927314,-1.814813],[-79.927527,-1.814851],[-79.927668,-1.814703],[-79.92766,-1.814285],[-79.927312,-1.813576],[-79.927487,-1.813432],[-79.927723,-1.813476],[-79.927939,-1.813675],[-79.928353,-1.814584],[-79.92861,-1.81468],[-79.929039,-1.814583],[-79.929365,-1.814649],[-79.930599,-1.815614],[-79.930241,-1.815688],[-79.92989,-1.815573],[-79.929318,-1.815215],[-79.929111,-1.815169],[-79.928978,-1.815187],[-79.928696,-1.815451],[-79.928252,-1.815487],[-79.928065,-1.8156],[-79.927994,-1.81636],[-79.927623,-1.816776],[-79.927262,-1.816882],[-79.927344,-1.817045],[-79.927723,-1.817281],[-79.927973,-1.817564],[-79.928338,-1.818215],[-79.92836,-1.818444],[-79.928065,-1.818795],[-79.92784,-1.818797],[-79.927488,-1.818633],[-79.927238,-1.818666],[-79.926943,-1.818994],[-79.926933,-1.819456],[-79.92711,-1.819595],[-79.927468,-1.819681],[-79.927631,-1.819845],[-79.927602,-1.819905],[-79.927075,-1.82001],[-79.926971,-1.82009],[-79.926841,-1.82075],[-79.926175,-1.822213],[-79.925876,-1.822241],[-79.925782,-1.821995],[-79.926045,-1.821164],[-79.925953,-1.820918],[-79.926165,-1.820477],[-79.925788,-1.819853],[-79.925933,-1.819264],[-79.925995,-1.818625],[-79.926922,-1.818218],[-79.927048,-1.818086],[-79.927047,-1.817867],[-79.926932,-1.817672],[-79.926466,-1.81746],[-79.926068,-1.817086],[-79.926643,-1.816875],[-79.926858,-1.816677],[-79.9269,-1.816564],[-79.926477,-1.816454],[-79.926541,-1.816272],[-79.926792,-1.816151],[-79.92697,-1.81595],[-79.926793,-1.815895],[-79.926457,-1.815927],[-79.926275,-1.81574],[-79.926158,-1.815733],[-79.925922,-1.815866],[-79.924967,-1.815415],[-79.924238,-1.815555],[-79.924174,-1.815493],[-79.924207,-1.815069],[-79.923858,-1.814869],[-79.92397,-1.814446],[-79.92378,-1.814058],[-79.923595,-1.813861],[-79.923426,-1.813873],[-79.9237,-1.81461],[-79.923472,-1.814722],[-79.922939,-1.814549],[-79.922479,-1.81481],[-79.922538,-1.815009],[-79.922724,-1.815176],[-79.923163,-1.815248],[-79.923169,-1.815422],[-79.92291,-1.815345],[-79.922717,-1.815485],[-79.922467,-1.815453],[-79.922088,-1.815237],[-79.921746,-1.814663],[-79.921623,-1.814201],[-79.921937,-1.81417],[-79.922161,-1.814358],[-79.922334,-1.814341],[-79.92269,-1.813955],[-79.92291,-1.813505],[-79.922846,-1.812974],[-79.922903,-1.812946],[-79.923211,-1.813154],[-79.923375,-1.813048],[-79.924151,-1.811865],[-79.924185,-1.811735],[-79.924023,-1.811611],[-79.924002,-1.811483],[-79.924504,-1.810951],[-79.924032,-1.809901],[-79.924511,-1.809918],[-79.925002,-1.810087],[-79.925122,-1.809948],[-79.925073,-1.809656],[-79.924696,-1.809147]]]},"properties":{"OBJECTID":26930,"dpa_parroq":"090653","dpa_despar":"LAUREL","dpa_canton":"0906","dpa_descan":"DAULE","dpa_provin":"09","dpa_despro":"GUAYAS","dpa_anio":" ","txt":" ","fcode":" ","fcode_1":" ","descr":"AREA QUE PRESENTA CONDICIONES POTENCIALES PARA LA OCURRENCIA O NO DE UNA AMENAZA A INUNDACION","umo":"VALLE INDIFERENCIADO","pen":"PLANA","txs":"FRANCO ARCILLOSO","ttd":"FRANCO ARCILLOSO","ith":0,"sui":"ALTA","sce":0,"st_area_sh":288200.3619,"st_length_":7633.84647689,"anno":2025,"name":"LAUREL"}},{"type":"Feature","id":26931,"geometry":{"type":"Polygon","coordinates":[[[-79.931601,-1.805907],[-79.931552,-1.805484],[-79.931651,-1.805145],[-79.931926,-1.805016],[-79.932211,-1.80504],[-79.932323,-1.805162],[-79.932709,-1.806165],[-79.933252,-1.805899],[-79.93365,-1.805485],[-79.933775,-1.805513],[-79.933745,-1.805969],[-79.933421,-1.806311],[-79.933614,-1.806288],[-79.933987,-1.805981],[-79.93434,-1.805461],[-79.93456,-1.805394],[-79.934716,-1.805659],[-79.934798,-1.805667],[-79.934832,-1.805884],[-79.934951,-1.806006],[-79.935211,-1.806033],[-79.935581,-1.80635],[-79.935957,-1.806432],[-79.93632,-1.806735],[-79.936367,-1.806935],[-79.935914,-1.807218],[-79.935848,-1.807396],[-79.936265,-1.807916],[-79.936455,-1.808404],[-79.936414,-1.808532],[-79.936322,-1.808553],[-79.935768,-1.807859],[-79.935444,-1.807577],[-79.935072,-1.807622],[-79.934674,-1.807401],[-79.934074,-1.807616],[-79.933966,-1.807764],[-79.934079,-1.808047],[-79.934446,-1.808398],[-79.934562,-1.808589],[-79.934527,-1.808665],[-79.934308,-1.808684],[-79.934089,-1.808611],[-79.933834,-1.808429],[-79.93359,-1.808011],[-79.933582,-1.807556],[-79.933703,-1.807343],[-79.934472,-1.806658],[-79.934487,-1.806467],[-79.93418,-1.806259],[-79.933853,-1.806498],[-79.933568,-1.806563],[-79.933211,-1.80676],[-79.933022,-1.807017],[-79.93291,-1.807571],[-79.932642,-1.807769],[-79.932679,-1.808065],[-79.932964,-1.808158],[-79.933116,-1.808329],[-79.933038,-1.80853],[-79.932747,-1.808634],[-79.932275,-1.80859],[-79.932099,-1.808693],[-79.931938,-1.809205],[-79.931751,-1.809522],[-79.9317,-1.809428],[-79.931735,-1.808928],[-79.931253,-1.808747],[-79.93109,-1.808589],[-79.931082,-1.808437],[-79.931255,-1.808344],[-79.931898,-1.808308],[-79.932228,-1.80815],[-79.932157,-1.807906],[-79.931569,-1.807775],[-79.931388,-1.807543],[-79.932165,-1.807311],[-79.932376,-1.806664],[-79.932252,-1.806346],[-79.93197,-1.806043],[-79.931726,-1.806267],[-79.93122,-1.806201],[-79.931601,-1.805907]]]},"properties":{"OBJECTID":26931,"dpa_parroq":"090653","dpa_despar":"LAUREL","dpa_canton":"0906","dpa_descan":"DAULE","dpa_provin":"09","dpa_despro":"GUAYAS","dpa_anio":" ","txt":" ","fcode":" ","fcode_1":" ","descr":"AREA QUE PRESENTA CONDICIONES POTENCIALES PARA LA OCURRENCIA O NO DE UNA AMENAZA A INUNDACION","umo":"VALLE INDIFERENCIADO","pen":"PLANA","txs":"FRANCO ARCILLOSO","ttd":"FRANCO ARCILLOSO","ith":0,"sui":"ALTA","sce":0,"st_area_sh":106345.655383,"st_length_":3485.58075662,"anno":2025,"name":"LAUREL"}},{"type":"Feature","id":26932,"geometry":{"type":"Polygon","coordinates":[[[-79.906797,-1.804964],[-79.906748,-1.804866],[-79.906804,-1.80479],[-79.907112,-1.804897],[-79.90717,-1.805091],[-79.907334,-1.805081],[-79.907584,-1.804858],[-79.907739,-1.804955],[-79.907738,-1.805266],[-79.907912,-1.805596],[-79.907863,-1.805809],[-79.907671,-1.805964],[-79.907092,-1.805993],[-79.906957,-1.806129],[-79.906918,-1.806342],[-79.907159,-1.806497],[-79.9074,-1.806352],[-79.907786,-1.806488],[-79.908027,-1.80643],[-79.908287,-1.806663],[-79.908509,-1.806537],[-79.90876,-1.806673],[-79.908769,-1.806954],[-79.908422,-1.80709],[-79.908393,-1.807323],[-79.908287,-1.80742],[-79.908075,-1.80742],[-79.90766,-1.806905],[-79.907506,-1.806915],[-79.907227,-1.806759],[-79.906773,-1.806885],[-79.906667,-1.806856],[-79.90659,-1.806497],[-79.906194,-1.806039],[-79.906178,-1.805875],[-79.906352,-1.805821],[-79.906509,-1.806017],[-79.90672,-1.806023],[-79.90684,-1.80593],[-79.90691,-1.805772],[-79.906797,-1.804964]]]},"properties":{"OBJECTID":26932,"dpa_parroq":"090653","dpa_despar":"LAUREL","dpa_canton":"0906","dpa_descan":"DAULE","dpa_provin":"09","dpa_despro":"GUAYAS","dpa_anio":" ","txt":" ","fcode":" ","fcode_1":" ","descr":"AREA QUE PRESENTA CONDICIONES POTENCIALES PARA LA OCURRENCIA O NO DE UNA AMENAZA A INUNDACION","umo":"VALLE INDIFERENCIADO","pen":"PLANA","txs":"FRANCO ARCILLOSO","ttd":"FRANCO ARCILLOSO","ith":0,"sui":"ALTA","sce":0,"st_area_sh":30152.81998,"st_length_":1280.99117304,"anno":2025,"name":"LAUREL"}},{"type":"Feature","id":26933,"geometry":{"type":"Polygon","coordinates":[[[-79.933891,-1.801782],[-79.934774,-1.800726],[-79.93488,-1.800688],[-79.935044,-1.800752],[-79.934987,-1.800961],[-79.934423,-1.801564],[-79.93433,-1.801775],[-79.934335,-1.801918],[-79.934628,-1.802337],[-79.934557,-1.802732],[-79.934992,-1.803001],[-79.935143,-1.803535],[-79.935205,-1.803563],[-79.93555,-1.803204],[-79.936015,-1.803108],[-79.936335,-1.802829],[-79.936463,-1.802889],[-79.936596,-1.803167],[-79.937032,-1.803279],[-79.937138,-1.803507],[-79.936989,-1.803951],[-79.936856,-1.803995],[-79.936395,-1.80359],[-79.935951,-1.803498],[-79.935715,-1.803784],[-79.935081,-1.804168],[-79.934827,-1.804122],[-79.934472,-1.803715],[-79.934277,-1.803749],[-79.933781,-1.804163],[-79.933404,-1.803942],[-79.93332,-1.803703],[-79.933281,-1.803093],[-79.933053,-1.803009],[-79.932476,-1.803109],[-79.931639,-1.802635],[-79.931679,-1.802482],[-79.932075,-1.802181],[-79.932421,-1.802075],[-79.933103,-1.802085],[-79.933891,-1.801782]]]},"properties":{"OBJECTID":26933,"dpa_parroq":"090653","dpa_despar":"LAUREL","dpa_canton":"0906","dpa_descan":"DAULE","dpa_provin":"09","dpa_despro":"GUAYAS","dpa_anio":" ","txt":" ","fcode":" ","fcode_1":" ","descr":"AREA QUE PRESENTA CONDICIONES POTENCIALES PARA LA OCURRENCIA O NO DE UNA AMENAZA A INUNDACION","umo":"VALLE INDIFERENCIADO","pen":"PLANA","txs":"FRANCO ARCILLOSO","ttd":"FRANCO ARCILLOSO","ith":0,"sui":"ALTA","sce":0,"st_area_sh":75582.35755,"st_length_":1968.51004916,"anno":2025,"name":"LAUREL"}},{"type":"Feature","id":26934,"geometry":{"type":"Polygon","coordinates":[[[-79.927563,-1.803552],[-79.927344,-1.803373],[-79.927173,-1.803373],[-79.927056,-1.803269],[-79.927029,-1.80309],[-79.927215,-1.802992],[-79.927236,-1.802806],[-79.926923,-1.802383],[-79.926492,-1.802284],[-79.926209,-1.802093],[-79.926173,-1.801943],[-79.925922,-1.801819],[-79.926081,-1.801447],[-79.925999,-1.80122],[-79.926046,-1.801101],[-79.926215,-1.800951],[-79.92639,-1.800621],[-79.926616,-1.800636],[-79.926775,-1.800797],[-79.926982,-1.801548],[-79.927591,-1.802677],[-79.927556,-1.803242],[-79.927755,-1.803456],[-79.927748,-1.803532],[-79.927563,-1.803552]]]},"properties":{"OBJECTID":26934,"dpa_parroq":"090653","dpa_despar":"LAUREL","dpa_canton":"0906","dpa_descan":"DAULE","dpa_provin":"09","dpa_despro":"GUAYAS","dpa_anio":" ","txt":" ","fcode":" ","fcode_1":" ","descr":"AREA QUE PRESENTA CONDICIONES POTENCIALES PARA LA OCURRENCIA O NO DE UNA AMENAZA A INUNDACION","umo":"VALLE INDIFERENCIADO","pen":"PLANA","txs":"FRANCO ARCILLOSO","ttd":"FRANCO ARCILLOSO","ith":0,"sui":"ALTA","sce":0,"st_area_sh":24356.1361563,"st_length_":879.829442223,"anno":2025,"name":"LAUREL"}},{"type":"Feature","id":26935,"geometry":{"type":"Polygon","coordinates":[[[-79.925347,-1.796556],[-79.925482,-1.796434],[-79.925818,-1.796617],[-79.925933,-1.79655],[-79.926161,-1.796651],[-79.925939,-1.797044],[-79.925461,-1.797342],[-79.9254,-1.797585],[-79.925683,-1.797911],[-79.925831,-1.79831],[-79.926007,-1.798465],[-79.926752,-1.798192],[-79.926927,-1.798166],[-79.926973,-1.798275],[-79.926962,-1.798579],[-79.926788,-1.798595],[-79.926696,-1.798517],[-79.926516,-1.798553],[-79.926295,-1.798811],[-79.926351,-1.799132],[-79.92611,-1.79924],[-79.925987,-1.799379],[-79.926074,-1.799488],[-79.926531,-1.799638],[-79.926438,-1.799783],[-79.925791,-1.799663],[-79.925766,-1.799591],[-79.926054,-1.799142],[-79.926064,-1.798966],[-79.925936,-1.798806],[-79.925494,-1.798635],[-79.925541,-1.79812],[-79.924653,-1.797463],[-79.924822,-1.797294],[-79.924909,-1.797314],[-79.925131,-1.797152],[-79.925205,-1.79722],[-79.925461,-1.797003],[-79.925488,-1.796868],[-79.925347,-1.796556]]]},"properties":{"OBJECTID":26935,"dpa_parroq":"090653","dpa_despar":"LAUREL","dpa_canton":"0906","dpa_descan":"DAULE","dpa_provin":"09","dpa_despro":"GUAYAS","dpa_anio":" ","txt":" ","fcode":" ","fcode_1":" ","descr":"AREA QUE PRESENTA CONDICIONES POTENCIALES PARA LA OCURRENCIA O NO DE UNA AMENAZA A INUNDACION","umo":"VALLE INDIFERENCIADO","pen":"PLANA","txs":"FRANCO ARCILLOSO","ttd":"FRANCO ARCILLOSO","ith":0,"sui":"ALTA","sce":0,"st_area_sh":21830.3161281,"st_length_":1369.63569451,"anno":2025,"name":"LAUREL"}},{"type":"Feature","id":26936,"geometry":{"type":"Polygon","coordinates":[[[-79.927584,-1.799795],[-79.927519,-1.799718],[-79.927558,-1.798754],[-79.927404,-1.798638],[-79.927569,-1.798258],[-79.927651,-1.797757],[-79.927613,-1.797344],[-79.927542,-1.797101],[-79.927208,-1.796588],[-79.92717,-1.795966],[-79.927028,-1.795563],[-79.927248,-1.795283],[-79.927583,-1.795033],[-79.927669,-1.79454],[-79.927842,-1.794441],[-79.928034,-1.794828],[-79.928104,-1.795271],[-79.927824,-1.795461],[-79.927656,-1.795692],[-79.927643,-1.795981],[-79.928,-1.796957],[-79.928382,-1.797226],[-79.92846,-1.797527],[-79.928237,-1.797939],[-79.928264,-1.798082],[-79.927925,-1.798677],[-79.927869,-1.799663],[-79.927749,-1.799801],[-79.927584,-1.799795]]]},"properties":{"OBJECTID":26936,"dpa_parroq":"090653","dpa_despar":"LAUREL","dpa_canton":"0906","dpa_descan":"DAULE","dpa_provin":"09","dpa_despro":"GUAYAS","dpa_anio":" ","txt":" ","fcode":" ","fcode_1":" ","descr":"AREA QUE PRESENTA CONDICIONES POTENCIALES PARA LA OCURRENCIA O NO DE UNA AMENAZA A INUNDACION","umo":"VALLE INDIFERENCIADO","pen":"PLANA","txs":"FRANCO ARCILLOSO","ttd":"FRANCO ARCILLOSO","ith":0,"sui":"ALTA","sce":0,"st_area_sh":35923.8059915,"st_length_":1353.69496361,"anno":2025,"name":"LAUREL"}},{"type":"Feature","id":26937,"geometry":{"type":"Polygon","coordinates":[[[-79.913498,-1.793301],[-79.91415,-1.793181],[-79.914572,-1.793497],[-79.914601,-1.793606],[-79.914917,-1.793583],[-79.914923,-1.793694],[-79.914481,-1.793918],[-79.914215,-1.793697],[-79.913935,-1.793686],[-79.913572,-1.794072],[-79.913399,-1.794569],[-79.912888,-1.79488],[-79.912964,-1.795152],[-79.913339,-1.795307],[-79.913455,-1.795239],[-79.913528,-1.795044],[-79.913735,-1.794981],[-79.91386,-1.795141],[-79.913825,-1.795365],[-79.913969,-1.79549],[-79.914519,-1.79544],[-79.914554,-1.795228],[-79.914383,-1.794926],[-79.913927,-1.795075],[-79.91388,-1.794907],[-79.914066,-1.794681],[-79.914637,-1.794524],[-79.915102,-1.795467],[-79.915062,-1.795902],[-79.914194,-1.79605],[-79.913945,-1.795878],[-79.913792,-1.795916],[-79.913631,-1.796216],[-79.913645,-1.796478],[-79.913418,-1.79636],[-79.913137,-1.795457],[-79.912994,-1.795401],[-79.912766,-1.795133],[-79.912545,-1.79505],[-79.912388,-1.794639],[-79.911982,-1.794286],[-79.912149,-1.794095],[-79.912786,-1.793977],[-79.912843,-1.79378],[-79.91275,-1.793701],[-79.912823,-1.793395],[-79.913068,-1.793416],[-79.913217,-1.793322],[-79.913498,-1.793301]]]},"properties":{"OBJECTID":26937,"dpa_parroq":"090653","dpa_despar":"LAUREL","dpa_canton":"0906","dpa_descan":"DAULE","dpa_provin":"09","dpa_despro":"GUAYAS","dpa_anio":" ","txt":" ","fcode":" ","fcode_1":" ","descr":"AREA QUE PRESENTA CONDICIONES POTENCIALES PARA LA OCURRENCIA O NO DE UNA AMENAZA A INUNDACION","umo":"VALLE INDIFERENCIADO","pen":"PLANA","txs":"FRANCO ARCILLOSO","ttd":"FRANCO ARCILLOSO","ith":0,"sui":"ALTA","sce":0,"st_area_sh":50151.6742537,"st_length_":1955.44872124,"anno":2025,"name":"LAUREL"}},{"type":"Feature","id":26938,"geometry":{"type":"Polygon","coordinates":[[[-79.912167,-1.790163],[-79.91242,-1.790037],[-79.912584,-1.789787],[-79.91274,-1.789685],[-79.912786,-1.789544],[-79.913082,-1.789654],[-79.912868,-1.789979],[-79.912837,-1.790249],[-79.913058,-1.790488],[-79.913082,-1.790665],[-79.912918,-1.790711],[-79.91277,-1.790582],[-79.912587,-1.790543],[-79.912443,-1.790625],[-79.912851,-1.790847],[-79.91282,-1.791093],[-79.912524,-1.790946],[-79.912269,-1.791171],[-79.911963,-1.79128],[-79.912084,-1.790866],[-79.911918,-1.79074],[-79.911752,-1.790887],[-79.911641,-1.791109],[-79.911198,-1.791443],[-79.9109,-1.79129],[-79.910256,-1.791239],[-79.910341,-1.791832],[-79.910525,-1.792105],[-79.910697,-1.792191],[-79.910972,-1.792823],[-79.911132,-1.792954],[-79.911366,-1.792964],[-79.911506,-1.793408],[-79.911589,-1.793434],[-79.911729,-1.793351],[-79.911836,-1.793416],[-79.911544,-1.793877],[-79.910875,-1.79425],[-79.910836,-1.794152],[-79.91091,-1.793733],[-79.911308,-1.79367],[-79.911319,-1.79362],[-79.911152,-1.793435],[-79.910996,-1.793416],[-79.910954,-1.793286],[-79.910844,-1.793314],[-79.910751,-1.793482],[-79.910537,-1.793568],[-79.910474,-1.793533],[-79.910514,-1.793306],[-79.910451,-1.793184],[-79.910179,-1.793333],[-79.910089,-1.793317],[-79.910074,-1.793172],[-79.910506,-1.792735],[-79.910562,-1.792543],[-79.910503,-1.792273],[-79.910218,-1.791852],[-79.910123,-1.791247],[-79.909733,-1.791283],[-79.909449,-1.791392],[-79.909328,-1.79131],[-79.909309,-1.791196],[-79.909539,-1.791134],[-79.909636,-1.79102],[-79.910107,-1.790782],[-79.910983,-1.790688],[-79.911453,-1.790801],[-79.911498,-1.790344],[-79.911971,-1.790486],[-79.911906,-1.790135],[-79.911949,-1.790017],[-79.912007,-1.790002],[-79.912097,-1.790166],[-79.912167,-1.790163]]]},"properties":{"OBJECTID":26938,"dpa_parroq":"090653","dpa_despar":"LAUREL","dpa_canton":"0906","dpa_descan":"DAULE","dpa_provin":"09","dpa_despro":"GUAYAS","dpa_anio":" ","txt":" ","fcode":" ","fcode_1":" ","descr":"AREA QUE PRESENTA CONDICIONES POTENCIALES PARA LA OCURRENCIA O NO DE UNA AMENAZA A INUNDACION","umo":"VALLE INDIFERENCIADO","pen":"PLANA","txs":"FRANCO ARCILLOSO","ttd":"FRANCO ARCILLOSO","ith":0,"sui":"ALTA","sce":0,"st_area_sh":45931.0260569,"st_length_":2454.11708742,"anno":2025,"name":"LAUREL"}},{"type":"Feature","id":26939,"geometry":{"type":"Polygon","coordinates":[[[-79.940296,-1.790182],[-79.939941,-1.789739],[-79.939879,-1.789555],[-79.940125,-1.789201],[-79.940141,-1.788784],[-79.939906,-1.788158],[-79.939878,-1.787887],[-79.939967,-1.787718],[-79.940291,-1.787684],[-79.940559,-1.787786],[-79.940467,-1.78961],[-79.940604,-1.790126],[-79.94071,-1.790268],[-79.940838,-1.790304],[-79.941327,-1.790147],[-79.941536,-1.789888],[-79.94176,-1.789783],[-79.941988,-1.790106],[-79.942252,-1.789869],[-79.942362,-1.790084],[-79.942412,-1.790522],[-79.943012,-1.790653],[-79.94382,-1.791061],[-79.944109,-1.790666],[-79.944535,-1.790279],[-79.944624,-1.790427],[-79.944607,-1.790544],[-79.944142,-1.791123],[-79.943941,-1.791667],[-79.944032,-1.791921],[-79.944342,-1.792184],[-79.944501,-1.792491],[-79.94459,-1.792529],[-79.944846,-1.792458],[-79.94544,-1.791923],[-79.945398,-1.792142],[-79.945117,-1.79263],[-79.945092,-1.792817],[-79.945347,-1.792954],[-79.945679,-1.79293],[-79.946075,-1.793217],[-79.946244,-1.793253],[-79.946539,-1.793056],[-79.946897,-1.79264],[-79.947046,-1.79267],[-79.947027,-1.792873],[-79.946338,-1.794186],[-79.946219,-1.794864],[-79.945858,-1.795094],[-79.945369,-1.795278],[-79.945243,-1.795247],[-79.945114,-1.795107],[-79.945033,-1.794793],[-79.944877,-1.794556],[-79.943666,-1.794175],[-79.943342,-1.793836],[-79.942348,-1.793571],[-79.942021,-1.793402],[-79.942071,-1.793347],[-79.942683,-1.793315],[-79.942755,-1.793145],[-79.942445,-1.792582],[-79.942409,-1.792381],[-79.942647,-1.792339],[-79.943083,-1.793092],[-79.943427,-1.793405],[-79.94451,-1.794082],[-79.945086,-1.794195],[-79.945425,-1.794453],[-79.945584,-1.794337],[-79.945475,-1.793855],[-79.945319,-1.793649],[-79.944856,-1.793585],[-79.944536,-1.793183],[-79.944037,-1.792931],[-79.943696,-1.792079],[-79.943232,-1.791319],[-79.942041,-1.791218],[-79.942178,-1.790908],[-79.941553,-1.790647],[-79.940488,-1.790951],[-79.940434,-1.791208],[-79.940106,-1.791437],[-79.93984,-1.791818],[-79.939655,-1.791818],[-79.939487,-1.791428],[-79.939306,-1.791341],[-79.938558,-1.791393],[-79.938723,-1.791027],[-79.938695,-1.79079],[-79.938219,-1.789876],[-79.938409,-1.789742],[-79.938258,-1.789428],[-79.937613,-1.788573],[-79.937151,-1.788247],[-79.936495,-1.788181],[-79.935893,-1.788637],[-79.935689,-1.788652],[-79.935508,-1.788504],[-79.935438,-1.78837],[-79.935454,-1.788208],[-79.936423,-1.787865],[-79.936871,-1.787781],[-79.937203,-1.787814],[-79.937778,-1.788062],[-79.938206,-1.788549],[-79.938948,-1.78973],[-79.939071,-1.790175],[-79.939312,-1.790557],[-79.939775,-1.790958],[-79.94,-1.790981],[-79.940173,-1.790893],[-79.940272,-1.790609],[-79.940296,-1.790182]]]},"properties":{"OBJECTID":26939,"dpa_parroq":"090653","dpa_despar":"LAUREL","dpa_canton":"0906","dpa_descan":"DAULE","dpa_provin":"09","dpa_despro":"GUAYAS","dpa_anio":" ","txt":" ","fcode":" ","fcode_1":" ","descr":"AREA QUE PRESENTA CONDICIONES POTENCIALES PARA LA OCURRENCIA O NO DE UNA AMENAZA A INUNDACION","umo":"VALLE INDIFERENCIADO","pen":"PLANA","txs":"FRANCO ARCILLOSO","ttd":"FRANCO ARCILLOSO","ith":0,"sui":"ALTA","sce":0,"st_area_sh":168524.2903,"st_length_":6070.70371774,"anno":2025,"name":"LAUREL"}},{"type":"Feature","id":26940,"geometry":{"type":"Polygon","coordinates":[[[-79.908545,-1.786979],[-79.908727,-1.78689],[-79.908893,-1.786995],[-79.909091,-1.786963],[-79.909387,-1.787157],[-79.909428,-1.787549],[-79.909256,-1.7878],[-79.908955,-1.787821],[-79.908825,-1.787742],[-79.908716,-1.787496],[-79.908586,-1.787496],[-79.908139,-1.787637],[-79.907635,-1.787935],[-79.907245,-1.788416],[-79.907094,-1.78841],[-79.907089,-1.788222],[-79.907552,-1.787668],[-79.90789,-1.787417],[-79.908337,-1.787277],[-79.908545,-1.786979]]]},"properties":{"OBJECTID":26940,"dpa_parroq":"090653","dpa_despar":"LAUREL","dpa_canton":"0906","dpa_descan":"DAULE","dpa_provin":"09","dpa_despro":"GUAYAS","dpa_anio":" ","txt":" ","fcode":" ","fcode_1":" ","descr":"AREA QUE PRESENTA CONDICIONES POTENCIALES PARA LA OCURRENCIA O NO DE UNA AMENAZA A INUNDACION","umo":"VALLE INDIFERENCIADO","pen":"PLANA","txs":"FRANCO ARCILLOSO","ttd":"FRANCO ARCILLOSO","ith":0,"sui":"ALTA","sce":0,"st_area_sh":13674.1528473,"st_length_":720.146155397,"anno":2025,"name":"LAUREL"}},{"type":"Feature","id":26941,"geometry":{"type":"Polygon","coordinates":[[[-79.996654,-1.809178],[-79.99696,-1.806857],[-79.997149,-1.806371],[-79.998659,-1.805069],[-79.999119,-1.804829],[-80.000001,-1.804587],[-80.000287,-1.804599],[-80.002238,-1.805046],[-80.003006,-1.805344],[-80.00365,-1.805677],[-80.006257,-1.807332],[-80.005312,-1.810174],[-80.004534,-1.810597],[-80.003427,-1.81036],[-80.002542,-1.810685],[-80.001471,-1.811701],[-80.0,-1.816595],[-79.999825,-1.819062],[-79.999559,-1.819109],[-79.99935,-1.819015],[-79.99935,-1.818677],[-79.999223,-1.818339],[-79.999003,-1.818374],[-79.998702,-1.818549],[-79.998563,-1.818502],[-79.998482,-1.81856],[-79.99858,-1.818753],[-79.998437,-1.818822],[-79.998379,-1.818798],[-79.998413,-1.818589],[-79.998355,-1.81853],[-79.9979,-1.818515],[-79.997822,-1.818336],[-79.997718,-1.81838],[-79.997131,-1.817102],[-79.996869,-1.816263],[-79.996623,-1.814705],[-79.996931,-1.814725],[-79.996943,-1.814818],[-79.996839,-1.814911],[-79.996827,-1.815179],[-79.996989,-1.815226],[-79.996977,-1.815482],[-79.997093,-1.815576],[-79.996931,-1.815715],[-79.996977,-1.815867],[-79.997128,-1.815937],[-79.99707,-1.816228],[-79.997405,-1.816287],[-79.997463,-1.816403],[-79.99729,-1.816462],[-79.997324,-1.816636],[-79.997556,-1.816672],[-79.997625,-1.816823],[-79.997509,-1.816928],[-79.997683,-1.817091],[-79.997671,-1.817196],[-79.99788,-1.817488],[-79.997822,-1.817814],[-79.998065,-1.818234],[-79.998273,-1.818129],[-79.998135,-1.817546],[-79.997544,-1.816392],[-79.997047,-1.8149],[-79.997001,-1.814445],[-79.997163,-1.814445],[-79.997233,-1.814329],[-79.997152,-1.814107],[-79.996955,-1.814084],[-79.996897,-1.81399],[-79.996978,-1.813804],[-79.996839,-1.813512],[-79.99699,-1.813],[-79.996967,-1.81293],[-79.996747,-1.81286],[-79.996701,-1.812743],[-79.996817,-1.812522],[-79.996632,-1.812347],[-79.996597,-1.812172],[-79.996724,-1.81209],[-79.996724,-1.81195],[-79.99662,-1.811834],[-79.996504,-1.81188],[-79.996469,-1.812148],[-79.9964,-1.812218],[-79.996401,-1.811111],[-79.996654,-1.809178]]]},"properties":{"OBJECTID":26941,"dpa_parroq":"090654","dpa_despar":"LIMONAL","dpa_canton":"0906","dpa_descan":"DAULE","dpa_provin":"09","dpa_despro":"GUAYAS","dpa_anio":" ","txt":" ","fcode":" ","fcode_1":" ","descr":"AREA QUE PRESENTA CONDICIONES POTENCIALES PARA LA OCURRENCIA O NO DE UNA AMENAZA A INUNDACION","umo":"DIQUE O BANCO ALUVIAL","pen":"PLANA","txs":"FRANCO ARCILLOSO","ttd":"ARCILLOSO","ith":0,"sui":"ALTA","sce":0,"st_area_sh":928085.493544,"st_length_":5751.07073804,"anno":2025,"name":"LIMONAL"}},{"type":"Feature","id":26942,"geometry":{"type":"Polygon","coordinates":[[[-80.008325,-1.806584],[-80.005369,-1.804001],[-80.004623,-1.803652],[-80.004779,-1.803214],[-80.004623,-1.803186],[-80.004736,-1.802938],[-80.002816,-1.802076],[-80.00312,-1.802147],[-80.006316,-1.803683],[-80.006995,-1.803947],[-80.007251,-1.804186],[-80.007471,-1.804576],[-80.007857,-1.804953],[-80.008048,-1.805253],[-80.008452,-1.805601],[-80.008857,-1.805721],[-80.008881,-1.805852],[-80.008744,-1.806122],[-80.008893,-1.806398],[-80.00869,-1.806835],[-80.008615,-1.80688],[-80.008325,-1.806584]]]},"properties":{"OBJECTID":26942,"dpa_parroq":"090654","dpa_despar":"LIMONAL","dpa_canton":"0906","dpa_descan":"DAULE","dpa_provin":"09","dpa_despro":"GUAYAS","dpa_anio":" ","txt":" ","fcode":" ","fcode_1":" ","descr":"AREA QUE PRESENTA CONDICIONES POTENCIALES PARA LA OCURRENCIA O NO DE UNA AMENAZA A INUNDACION","umo":"DIQUE O BANCO ALUVIAL","pen":"PLANA","txs":"FRANCO ARCILLOSO","ttd":"ARCILLOSO","ith":0,"sui":"ALTA","sce":0,"st_area_sh":57015.1443117,"st_length_":1855.48880093,"anno":2025,"name":"LIMONAL"}},{"type":"Feature","id":26943,"geometry":{"type":"Polygon","coordinates":[[[-80.01005,-1.801813],[-80.00973,-1.800436],[-80.009528,-1.798569],[-80.009541,-1.797971],[-80.009431,-1.797535],[-80.009494,-1.797499],[-80.009601,-1.797531],[-80.009726,-1.797863],[-80.010067,-1.799069],[-80.010662,-1.801899],[-80.010155,-1.802024],[-80.01005,-1.801813]]]},"properties":{"OBJECTID":26943,"dpa_parroq":"090654","dpa_despar":"LIMONAL","dpa_canton":"0906","dpa_descan":"DAULE","dpa_provin":"09","dpa_despro":"GUAYAS","dpa_anio":" ","txt":" ","fcode":" ","fcode_1":" ","descr":"AREA QUE PRESENTA CONDICIONES POTENCIALES PARA LA OCURRENCIA O NO DE UNA AMENAZA A INUNDACION","umo":"DIQUE O BANCO ALUVIAL","pen":"PLANA","txs":"FRANCO ARCILLOSO","ttd":"ARCILLOSO","ith":0,"sui":"ALTA","sce":0,"st_area_sh":26752.5379576,"st_length_":1082.06697775,"anno":2025,"name":"LIMONAL"}},{"type":"Feature","id":26944,"geometry":{"type":"Polygon","coordinates":[[[-80.012744,-1.801415],[-80.010489,-1.795797],[-80.010085,-1.795033],[-80.009129,-1.793763],[-80.009129,-1.793441],[-80.009333,-1.793094],[-80.009482,-1.792994],[-80.010022,-1.792925],[-80.010159,-1.793022],[-80.010536,-1.793857],[-80.011357,-1.796282],[-80.01166,-1.796938],[-80.012299,-1.797995],[-80.015442,-1.801505],[-80.016233,-1.802866],[-80.016187,-1.802885],[-80.015996,-1.802639],[-80.015872,-1.802372],[-80.015446,-1.802023],[-80.014581,-1.801774],[-80.014397,-1.801589],[-80.013944,-1.801489],[-80.013647,-1.801531],[-80.013491,-1.801745],[-80.013505,-1.801945],[-80.014603,-1.803343],[-80.018203,-1.807304],[-80.018826,-1.808145],[-80.018988,-1.808892],[-80.01874,-1.810069],[-80.018367,-1.811251],[-80.016756,-1.812789],[-80.015908,-1.813134],[-80.015213,-1.813102],[-80.014191,-1.812893],[-80.014454,-1.812713],[-80.014892,-1.812625],[-80.015833,-1.812233],[-80.016029,-1.81204],[-80.016277,-1.811233],[-80.015945,-1.809506],[-80.0157,-1.808818],[-80.014901,-1.807162],[-80.012744,-1.801415]]]},"properties":{"OBJECTID":26944,"dpa_parroq":"090654","dpa_despar":"LIMONAL","dpa_canton":"0906","dpa_descan":"DAULE","dpa_provin":"09","dpa_despro":"GUAYAS","dpa_anio":" ","txt":" ","fcode":" ","fcode_1":" ","descr":"AREA QUE PRESENTA CONDICIONES POTENCIALES PARA LA OCURRENCIA O NO DE UNA AMENAZA A INUNDACION","umo":"DIQUE O BANCO ALUVIAL","pen":"PLANA","txs":"FRANCO ARCILLOSO","ttd":"ARCILLOSO","ith":0,"sui":"ALTA","sce":0,"st_area_sh":449482.172694,"st_length_":6101.17199425,"anno":2025,"name":"LIMONAL"}},{"type":"Feature","id":26945,"geometry":{"type":"Polygon","coordinates":[[[-80.006936,-1.789686],[-80.006568,-1.789642],[-80.00731,-1.788068],[-80.007726,-1.787623],[-80.007939,-1.787516],[-80.008283,-1.787436],[-80.008575,-1.787454],[-80.009,-1.787624],[-80.009299,-1.787845],[-80.009234,-1.788156],[-80.009265,-1.7884],[-80.011481,-1.789884],[-80.011572,-1.790036],[-80.011845,-1.78993],[-80.012073,-1.790128],[-80.011981,-1.790342],[-80.012194,-1.790128],[-80.012528,-1.790404],[-80.012422,-1.790556],[-80.012497,-1.790893],[-80.012619,-1.790893],[-80.012771,-1.79074],[-80.012665,-1.790602],[-80.012731,-1.790441],[-80.013481,-1.791061],[-80.013782,-1.791465],[-80.01356,-1.79129],[-80.013423,-1.791458],[-80.013438,-1.791718],[-80.013727,-1.791856],[-80.013818,-1.792192],[-80.01403,-1.792238],[-80.014105,-1.792182],[-80.016131,-1.798083],[-80.016607,-1.798958],[-80.015806,-1.799786],[-80.014198,-1.797245],[-80.010565,-1.790499],[-80.010223,-1.79033],[-80.00954,-1.790346],[-80.00921,-1.790488],[-80.008714,-1.790867],[-80.008122,-1.791502],[-80.006935,-1.791236],[-80.006936,-1.789686]]]},"properties":{"OBJECTID":26945,"dpa_parroq":"090654","dpa_despar":"LIMONAL","dpa_canton":"0906","dpa_descan":"DAULE","dpa_provin":"09","dpa_despro":"GUAYAS","dpa_anio":" ","txt":" ","fcode":" ","fcode_1":" ","descr":"AREA QUE PRESENTA CONDICIONES POTENCIALES PARA LA OCURRENCIA O NO DE UNA AMENAZA A INUNDACION","umo":"DIQUE O BANCO ALUVIAL","pen":"PLANA","txs":"FRANCO ARCILLOSO","ttd":"ARCILLOSO","ith":0,"sui":"ALTA","sce":0,"st_area_sh":358561.723958,"st_length_":4274.05219386,"anno":2025,"name":"LIMONAL"}},{"type":"Feature","id":26946,"geometry":{"type":"Polygon","coordinates":[[[-80.011808,-1.806731],[-80.011883,-1.806169],[-80.012069,-1.806547],[-80.01228,-1.806753],[-80.012224,-1.806868],[-80.012355,-1.8069],[-80.012406,-1.807065],[-80.012299,-1.807094],[-80.012308,-1.807336],[-80.012842,-1.807892],[-80.012673,-1.808008],[-80.012628,-1.808152],[-80.012967,-1.808004],[-80.013029,-1.808331],[-80.013122,-1.808389],[-80.013149,-1.808004],[-80.013287,-1.807688],[-80.014373,-1.809564],[-80.014543,-1.810087],[-80.01449,-1.810996],[-80.014395,-1.811376],[-80.014154,-1.811772],[-80.01401,-1.811882],[-80.013452,-1.811968],[-80.012616,-1.811689],[-80.011951,-1.811143],[-80.011833,-1.810979],[-80.011623,-1.810314],[-80.010543,-1.80921],[-80.011673,-1.80712],[-80.011808,-1.806731]]]},"properties":{"OBJECTID":26946,"dpa_parroq":"090654","dpa_despar":"LIMONAL","dpa_canton":"0906","dpa_descan":"DAULE","dpa_provin":"09","dpa_despro":"GUAYAS","dpa_anio":" ","txt":" ","fcode":" ","fcode_1":" ","descr":"AREA QUE PRESENTA CONDICIONES POTENCIALES PARA LA OCURRENCIA O NO DE UNA AMENAZA A INUNDACION","umo":"DIQUE O BANCO ALUVIAL","pen":"PLANA","txs":"FRANCO ARCILLOSO","ttd":"ARCILLOSO","ith":0,"sui":"BAJA","sce":0,"st_area_sh":149955.632428,"st_length_":1876.90423161,"anno":2025,"name":"LIMONAL"}},{"type":"Feature","id":26947,"geometry":{"type":"Polygon","coordinates":[[[-80.008808,-1.796807],[-80.008616,-1.796208],[-80.008005,-1.795126],[-80.008544,-1.79512],[-80.008955,-1.79574],[-80.009327,-1.796777],[-80.009292,-1.796859],[-80.009037,-1.796942],[-80.008864,-1.79692],[-80.008808,-1.796807]]]},"properties":{"OBJECTID":26947,"dpa_parroq":"090654","dpa_despar":"LIMONAL","dpa_canton":"0906","dpa_descan":"DAULE","dpa_provin":"09","dpa_despro":"GUAYAS","dpa_anio":" ","txt":" ","fcode":" ","fcode_1":" ","descr":"AREA QUE PRESENTA CONDICIONES POTENCIALES PARA LA OCURRENCIA O NO DE UNA AMENAZA A INUNDACION","umo":"DIQUE O BANCO ALUVIAL","pen":"PLANA","txs":"FRANCO ARCILLOSO","ttd":"ARCILLOSO","ith":0,"sui":"BAJA","sce":0,"st_area_sh":11959.6967713,"st_length_":544.44924333,"anno":2025,"name":"LIMONAL"}},{"type":"Feature","id":26948,"geometry":{"type":"Polygon","coordinates":[[[-80.002567,-1.831569],[-80.00283,-1.829846],[-80.003082,-1.829329],[-80.003214,-1.828813],[-80.003164,-1.828042],[-80.002902,-1.827708],[-80.002832,-1.826978],[-80.003164,-1.826846],[-80.003608,-1.826836],[-80.003869,-1.82707],[-80.004202,-1.82711],[-80.004282,-1.827242],[-80.004292,-1.827556],[-80.004151,-1.828053],[-80.004151,-1.82859],[-80.003953,-1.829315],[-80.003731,-1.831071],[-80.003717,-1.831774],[-80.002534,-1.831774],[-80.002567,-1.831569]]]},"properties":{"OBJECTID":26948,"dpa_parroq":"090654","dpa_despar":"LIMONAL","dpa_canton":"0906","dpa_descan":"DAULE","dpa_provin":"09","dpa_despro":"GUAYAS","dpa_anio":" ","txt":" ","fcode":" ","fcode_1":" ","descr":"AREA QUE PRESENTA CONDICIONES POTENCIALES PARA LA OCURRENCIA O NO DE UNA AMENAZA A INUNDACION","umo":"MEANDRO ABANDONADO","pen":"PLANA","txs":"FRANCO ARCILLOSO","ttd":"ARCILLOSO","ith":0,"sui":"ALTA","sce":0,"st_area_sh":64586.018137,"st_length_":1373.29120479,"anno":2025,"name":"LIMONAL"}},{"type":"Feature","id":26949,"geometry":{"type":"Polygon","coordinates":[[[-80.007949,-1.81189],[-80.008223,-1.812163],[-80.008977,-1.814869],[-80.009674,-1.815898],[-80.010516,-1.81685],[-80.010785,-1.816893],[-80.010817,-1.816987],[-80.012359,-1.817497],[-80.012652,-1.817425],[-80.013313,-1.81661],[-80.013834,-1.813893],[-80.014517,-1.81388],[-80.014642,-1.813957],[-80.014904,-1.815282],[-80.014673,-1.816729],[-80.014375,-1.81778],[-80.013906,-1.818302],[-80.012885,-1.81914],[-80.012648,-1.819208],[-80.010267,-1.818595],[-80.009902,-1.818387],[-80.008387,-1.816733],[-80.007076,-1.813509],[-80.006714,-1.812334],[-80.006767,-1.812238],[-80.006989,-1.812143],[-80.007275,-1.812047],[-80.007533,-1.812057],[-80.007949,-1.81189]]]},"properties":{"OBJECTID":26949,"dpa_parroq":"090654","dpa_despar":"LIMONAL","dpa_canton":"0906","dpa_descan":"DAULE","dpa_provin":"09","dpa_despro":"GUAYAS","dpa_anio":" ","txt":" ","fcode":" ","fcode_1":" ","descr":"AREA QUE PRESENTA CONDICIONES POTENCIALES PARA LA OCURRENCIA O NO DE UNA AMENAZA A INUNDACION","umo":"MEANDRO ABANDONADO","pen":"PLANA","txs":"FRANCO ARCILLOSO","ttd":"ARCILLOSO","ith":0,"sui":"ALTA","sce":0,"st_area_sh":244472.165443,"st_length_":3326.78501702,"anno":2025,"name":"LIMONAL"}},{"type":"Feature","id":26950,"geometry":{"type":"Polygon","coordinates":[[[-80.067852,-1.820479],[-80.067301,-1.820194],[-80.066969,-1.819807],[-80.066837,-1.819513],[-80.066811,-1.818989],[-80.068018,-1.820591],[-80.067852,-1.820479]]]},"properties":{"OBJECTID":26950,"dpa_parroq":"090654","dpa_despar":"LIMONAL","dpa_canton":"0906","dpa_descan":"DAULE","dpa_provin":"09","dpa_despro":"GUAYAS","dpa_anio":" ","txt":" ","fcode":" ","fcode_1":" ","descr":"AREA QUE PRESENTA CONDICIONES POTENCIALES PARA LA OCURRENCIA O NO DE UNA AMENAZA A INUNDACION","umo":"NIVEL LIGERAMENTE ONDULADO","pen":"MUY SUAVE","txs":"ARCILLOSO","ttd":"FRANCO ARCILLOSO","ith":0,"sui":"ALTA","sce":0,"st_area_sh":5703.51450702,"st_length_":463.549372477,"anno":2025,"name":"LIMONAL"}},{"type":"Feature","id":26951,"geometry":{"type":"Polygon","coordinates":[[[-80.05023,-1.788118],[-80.050139,-1.788045],[-80.050357,-1.788171],[-80.05023,-1.788118]]]},"properties":{"OBJECTID":26951,"dpa_parroq":"090654","dpa_despar":"LIMONAL","dpa_canton":"0906","dpa_descan":"DAULE","dpa_provin":"09","dpa_despro":"GUAYAS","dpa_anio":" ","txt":" ","fcode":" ","fcode_1":" ","descr":"AREA QUE PRESENTA CONDICIONES POTENCIALES PARA LA OCURRENCIA O NO DE UNA AMENAZA A INUNDACION","umo":"NIVEL LIGERAMENTE ONDULADO","pen":"MUY SUAVE","txs":"ARCILLOSO","ttd":"FRANCO ARCILLOSO","ith":0,"sui":"ALTA","sce":0,"st_area_sh":27.688429305,"st_length_":56.3229942618,"anno":2025,"name":"LIMONAL"}},{"type":"Feature","id":26952,"geometry":{"type":"Polygon","coordinates":[[[-80.049831,-1.78773],[-80.049824,-1.787706],[-80.049938,-1.787864],[-80.049831,-1.78773]]]},"properties":{"OBJECTID":26952,"dpa_parroq":"090654","dpa_despar":"LIMONAL","dpa_canton":"0906","dpa_descan":"DAULE","dpa_provin":"09","dpa_despro":"GUAYAS","dpa_anio":" ","txt":" ","fcode":" ","fcode_1":" ","descr":"AREA QUE PRESENTA CONDICIONES POTENCIALES PARA LA OCURRENCIA O NO DE UNA AMENAZA A INUNDACION","umo":"NIVEL LIGERAMENTE ONDULADO","pen":"MUY SUAVE","txs":"ARCILLOSO","ttd":"FRANCO ARCILLOSO","ith":0,"sui":"ALTA","sce":0,"st_area_sh":9.94318389,"st_length_":43.2999365014,"anno":2025,"name":"LIMONAL"}},{"type":"Feature","id":26953,"geometry":{"type":"Polygon","coordinates":[[[-80.048967,-1.78446],[-80.04853,-1.784],[-80.048913,-1.7843],[-80.04902,-1.78459],[-80.048967,-1.78446]]]},"properties":{"OBJECTID":26953,"dpa_parroq":"090654","dpa_despar":"LIMONAL","dpa_canton":"0906","dpa_descan":"DAULE","dpa_provin":"09","dpa_despro":"GUAYAS","dpa_anio":" ","txt":" ","fcode":" ","fcode_1":" ","descr":"AREA QUE PRESENTA CONDICIONES POTENCIALES PARA LA OCURRENCIA O NO DE UNA AMENAZA A INUNDACION","umo":"NIVEL LIGERAMENTE ONDULADO","pen":"MUY SUAVE","txs":"ARCILLOSO","ttd":"FRANCO ARCILLOSO","ith":0,"sui":"ALTA","sce":0,"st_area_sh":283.6595654,"st_length_":174.074368081,"anno":2025,"name":"LIMONAL"}},{"type":"Feature","id":26954,"geometry":{"type":"Polygon","coordinates":[[[-80.011962,-1.803828],[-80.011361,-1.803053],[-80.010931,-1.802168],[-80.0106,-1.800927],[-80.010561,-1.80021],[-80.01211,-1.803903],[-80.011962,-1.803828]]]},"properties":{"OBJECTID":26954,"dpa_parroq":"090654","dpa_despar":"LIMONAL","dpa_canton":"0906","dpa_descan":"DAULE","dpa_provin":"09","dpa_despro":"GUAYAS","dpa_anio":" ","txt":" ","fcode":" ","fcode_1":" ","descr":"AREA QUE PRESENTA CONDICIONES POTENCIALES PARA LA OCURRENCIA O NO DE UNA AMENAZA A INUNDACION","umo":"NIVEL PLANO","pen":"PLANA","txs":"ARCILLOSO","ttd":"ARCILLOSO","ith":0,"sui":"ALTA","sce":0,"st_area_sh":13653.8863444,"st_length_":900.585259337,"anno":2025,"name":"LIMONAL"}},{"type":"Feature","id":26955,"geometry":{"type":"Polygon","coordinates":[[[-80.015846,-1.831612],[-80.01619,-1.831375],[-80.016809,-1.831227],[-80.017566,-1.831187],[-80.020451,-1.830147],[-80.021955,-1.829305],[-80.025306,-1.82541],[-80.025551,-1.824495],[-80.025592,-1.823598],[-80.026219,-1.822009],[-80.026284,-1.821095],[-80.026021,-1.819791],[-80.025326,-1.817931],[-80.025014,-1.816819],[-80.025039,-1.815974],[-80.024464,-1.81421],[-80.024561,-1.811505],[-80.024825,-1.810684],[-80.024994,-1.810442],[-80.02581,-1.809766],[-80.026483,-1.80938],[-80.026771,-1.809525],[-80.026914,-1.810009],[-80.026914,-1.811071],[-80.026625,-1.81211],[-80.026625,-1.812762],[-80.026744,-1.814984],[-80.027103,-1.816796],[-80.026934,-1.817352],[-80.026862,-1.817956],[-80.027292,-1.820341],[-80.027237,-1.821098],[-80.027291,-1.822061],[-80.027099,-1.82312],[-80.027194,-1.823932],[-80.027071,-1.824633],[-80.026427,-1.826146],[-80.026003,-1.826834],[-80.025702,-1.827563],[-80.025533,-1.828455],[-80.025133,-1.828895],[-80.023249,-1.830416],[-80.022468,-1.831143],[-80.02191,-1.831774],[-80.015826,-1.831774],[-80.015846,-1.831612]]]},"properties":{"OBJECTID":26955,"dpa_parroq":"090654","dpa_despar":"LIMONAL","dpa_canton":"0906","dpa_descan":"DAULE","dpa_provin":"09","dpa_despro":"GUAYAS","dpa_anio":" ","txt":" ","fcode":" ","fcode_1":" ","descr":"AREA QUE PRESENTA CONDICIONES POTENCIALES PARA LA OCURRENCIA O NO DE UNA AMENAZA A INUNDACION","umo":"VALLE FLUVIAL","pen":"PLANA","txs":"FRANCO ARCILLOSO","ttd":"FRANCO ARCILLOSO","ith":0,"sui":"ALTA","sce":0,"st_area_sh":553506.786857,"st_length_":6650.83879628,"anno":2025,"name":"LIMONAL"}},{"type":"Feature","id":26956,"geometry":{"type":"Polygon","coordinates":[[[-79.941028,-1.808254],[-79.940903,-1.806726],[-79.941093,-1.805643],[-79.941271,-1.806225],[-79.941048,-1.807136],[-79.941098,-1.807498],[-79.941306,-1.807976],[-79.941175,-1.808127],[-79.941209,-1.808426],[-79.941273,-1.808444],[-79.941436,-1.808305],[-79.941469,-1.807716],[-79.941541,-1.807614],[-79.941673,-1.80761],[-79.941846,-1.807834],[-79.942071,-1.807797],[-79.942129,-1.807876],[-79.942155,-1.808281],[-79.942078,-1.808721],[-79.942135,-1.808856],[-79.941432,-1.808856],[-79.941437,-1.808699],[-79.941358,-1.808618],[-79.941251,-1.808665],[-79.941196,-1.808856],[-79.940994,-1.808856],[-79.941028,-1.808254]]]},"properties":{"OBJECTID":26956,"dpa_parroq":"090654","dpa_despar":"LIMONAL","dpa_canton":"0906","dpa_descan":"DAULE","dpa_provin":"09","dpa_despro":"GUAYAS","dpa_anio":" ","txt":" ","fcode":" ","fcode_1":" ","descr":"AREA QUE PRESENTA CONDICIONES POTENCIALES PARA LA OCURRENCIA O NO DE UNA AMENAZA A INUNDACION","umo":"VALLE INDIFERENCIADO","pen":"PLANA","txs":"FRANCO ARCILLOSO","ttd":"FRANCO ARCILLOSO","ith":0,"sui":"ALTA","sce":0,"st_area_sh":17616.3866317,"st_length_":1150.923961,"anno":2025,"name":"LIMONAL"}},{"type":"Feature","id":26957,"geometry":{"type":"MultiPolygon","coordinates":[[[[-80.009598,-1.797532],[-80.009431,-1.797535],[-80.009541,-1.797971],[-80.009564,-1.798988],[-80.00986,-1.801167],[-80.010216,-1.802148],[-80.010891,-1.803074],[-80.010382,-1.803447],[-80.010165,-1.803732],[-80.01011,-1.803811],[-80.010199,-1.803912],[-80.01016,-1.804046],[-80.00967,-1.804012],[-80.009664,-1.803934],[-80.009503,-1.803917],[-80.009525,-1.80381],[-80.00977,-1.803788],[-80.009804,-1.803458],[-80.00996,-1.803413],[-80.009954,-1.803329],[-80.009843,-1.803318],[-80.009815,-1.803223],[-80.009698,-1.803217],[-80.009676,-1.80348],[-80.009592,-1.803514],[-80.009448,-1.803446],[-80.009175,-1.803754],[-80.009152,-1.804065],[-80.009625,-1.804085],[-80.009581,-1.804449],[-80.00982,-1.804527],[-80.009898,-1.804443],[-80.009859,-1.804275],[-80.009959,-1.804091],[-80.010889,-1.804164],[-80.011055,-1.804321],[-80.011198,-1.804315],[-80.011904,-1.806333],[-80.011673,-1.80712],[-80.010543,-1.80921],[-80.010226,-1.808717],[-80.008615,-1.80688],[-80.008893,-1.806398],[-80.008744,-1.806122],[-80.008881,-1.805852],[-80.008857,-1.805721],[-80.008452,-1.805601],[-80.008048,-1.805253],[-80.007857,-1.804953],[-80.007471,-1.804576],[-80.007251,-1.804186],[-80.006995,-1.803947],[-80.006316,-1.803683],[-80.00312,-1.802147],[-80.002468,-1.802048],[-80.001314,-1.802335],[-79.998113,-1.803457],[-79.997668,-1.803746],[-79.996482,-1.805366],[-79.996256,-1.805512],[-79.995567,-1.805419],[-79.995793,-1.805824],[-79.985141,-1.805824],[-79.984298,-1.808856],[-79.983606,-1.808856],[-79.983593,-1.808669],[-79.983453,-1.808582],[-79.983274,-1.808856],[-79.9675,-1.808856],[-79.967548,-1.807261],[-79.966774,-1.805491],[-79.96653,-1.804294],[-79.966676,-1.802546],[-79.966779,-1.802148],[-79.966977,-1.801969],[-79.96717,-1.801239],[-79.967382,-1.800955],[-79.967954,-1.799789],[-79.968358,-1.799224],[-79.969154,-1.79835],[-79.969154,-1.798212],[-79.968919,-1.798009],[-79.968425,-1.798094],[-79.968345,-1.797762],[-79.96825,-1.797647],[-79.967361,-1.797027],[-79.967017,-1.796955],[-79.966973,-1.796787],[-79.966535,-1.796441],[-79.965929,-1.795636],[-79.965159,-1.795354],[-79.964902,-1.794975],[-79.964888,-1.794745],[-79.96474,-1.79441],[-79.964788,-1.7943],[-79.965105,-1.794503],[-79.965296,-1.794839],[-79.96544,-1.794942],[-79.966238,-1.795013],[-79.966824,-1.795719],[-79.967143,-1.795913],[-79.967264,-1.796137],[-79.967595,-1.796373],[-79.967739,-1.796379],[-79.967817,-1.796309],[-79.967818,-1.795913],[-79.967938,-1.795792],[-79.96801,-1.796137],[-79.968156,-1.796389],[-79.968756,-1.797103],[-79.96925,-1.797295],[-79.969585,-1.797331],[-79.970045,-1.797192],[-79.970274,-1.796987],[-79.970326,-1.796909],[-79.970237,-1.796585],[-79.970347,-1.796409],[-79.970689,-1.796316],[-79.970906,-1.795897],[-79.971322,-1.795782],[-79.972493,-1.795075],[-79.973017,-1.794914],[-79.973572,-1.794413],[-79.974548,-1.793849],[-79.974759,-1.793575],[-79.9756,-1.793027],[-79.976643,-1.792637],[-79.977557,-1.793677],[-79.977891,-1.793933],[-79.978061,-1.793831],[-79.978048,-1.793677],[-79.978112,-1.793613],[-79.978362,-1.793464],[-79.978518,-1.793563],[-79.978696,-1.79352],[-79.978531,-1.793059],[-79.978981,-1.79264],[-79.978922,-1.792435],[-79.978977,-1.792214],[-79.979511,-1.792274],[-79.980235,-1.793051],[-79.980243,-1.793273],[-79.980471,-1.793652],[-79.981055,-1.7939],[-79.981657,-1.794346],[-79.982439,-1.794459],[-79.982954,-1.794879],[-79.9836,-1.794995],[-79.984854,-1.795537],[-79.987074,-1.796164],[-79.987641,-1.796105],[-79.987329,-1.796267],[-79.987255,-1.796438],[-79.987837,-1.796662],[-79.988514,-1.796044],[-79.988768,-1.7963],[-79.989064,-1.796375],[-79.989125,-1.796569],[-79.989048,-1.796912],[-79.989125,-1.797114],[-79.989264,-1.797285],[-79.989604,-1.797488],[-79.989706,-1.797847],[-79.99073,-1.798826],[-79.992685,-1.801588],[-79.994503,-1.801064],[-79.995046,-1.800973],[-79.996341,-1.80059],[-79.997898,-1.799792],[-79.998381,-1.799358],[-79.999205,-1.798227],[-79.999104,-1.798085],[-79.998793,-1.798044],[-79.99809,-1.797711],[-79.997498,-1.797245],[-79.997378,-1.796902],[-79.997398,-1.796346],[-79.997609,-1.796083],[-79.9978,-1.796063],[-79.998161,-1.796215],[-79.998714,-1.796054],[-79.998975,-1.796054],[-79.998995,-1.794882],[-79.999158,-1.794643],[-79.999129,-1.794284],[-79.999372,-1.793874],[-79.999424,-1.793115],[-79.998612,-1.792797],[-79.997414,-1.79247],[-79.997345,-1.792332],[-79.997333,-1.791997],[-79.996499,-1.791813],[-79.995952,-1.791612],[-79.996542,-1.790802],[-79.996854,-1.790907],[-79.997013,-1.790535],[-79.997097,-1.790545],[-79.997394,-1.789843],[-79.997468,-1.789822],[-79.997584,-1.789598],[-79.998082,-1.789715],[-79.998226,-1.789199],[-79.997334,-1.788994],[-79.997971,-1.787595],[-79.998092,-1.786706],[-79.998092,-1.786262],[-79.997635,-1.784959],[-80.013295,-1.784983],[-80.013972,-1.785474],[-80.014123,-1.786161],[-80.013942,-1.786203],[-80.014063,-1.786829],[-80.014109,-1.787578],[-80.013926,-1.787639],[-80.014199,-1.788434],[-80.014047,-1.788495],[-80.014199,-1.788785],[-80.013758,-1.789518],[-80.013971,-1.789686],[-80.014427,-1.789106],[-80.014442,-1.788953],[-80.01429,-1.788831],[-80.014427,-1.788694],[-80.014791,-1.788663],[-80.015045,-1.788774],[-80.015149,-1.789271],[-80.015211,-1.790494],[-80.015473,-1.791961],[-80.016212,-1.793659],[-80.016951,-1.794526],[-80.017494,-1.794984],[-80.018194,-1.795302],[-80.01872,-1.79539],[-80.019368,-1.795356],[-80.019788,-1.795197],[-80.020226,-1.794915],[-80.020823,-1.792766],[-80.021644,-1.791561],[-80.02252,-1.790828],[-80.023319,-1.790385],[-80.023967,-1.790292],[-80.024387,-1.790337],[-80.024922,-1.790582],[-80.026131,-1.791394],[-80.026586,-1.791817],[-80.027076,-1.792522],[-80.027583,-1.79462],[-80.027512,-1.795853],[-80.022449,-1.795282],[-80.021875,-1.796171],[-80.022349,-1.796392],[-80.022423,-1.797],[-80.02226,-1.797948],[-80.022068,-1.801119],[-80.021605,-1.801125],[-80.02155,-1.801815],[-80.020725,-1.801674],[-80.019768,-1.801222],[-80.018653,-1.800538],[-80.017793,-1.7998],[-80.016789,-1.798759],[-80.016613,-1.798967],[-80.016307,-1.798484],[-80.014105,-1.792182],[-80.014866,-1.791643],[-80.015109,-1.791582],[-80.015169,-1.791475],[-80.014988,-1.790298],[-80.014806,-1.79039],[-80.014866,-1.790634],[-80.014593,-1.790741],[-80.014502,-1.791046],[-80.014623,-1.791291],[-80.014258,-1.791505],[-80.01394,-1.791031],[-80.013803,-1.791122],[-80.01397,-1.791398],[-80.013782,-1.791465],[-80.013181,-1.790785],[-80.009,-1.787624],[-80.008575,-1.787454],[-80.008283,-1.787436],[-80.007726,-1.787623],[-80.00731,-1.788068],[-80.006567,-1.789642],[-80.00644,-1.790217],[-80.006197,-1.790218],[-80.006202,-1.79068],[-80.006043,-1.790682],[-80.00598,-1.790858],[-80.005874,-1.790852],[-80.005831,-1.791014],[-80.002126,-1.789982],[-80.002089,-1.790293],[-80.002545,-1.790434],[-80.002422,-1.790869],[-80.004384,-1.791614],[-80.004157,-1.792282],[-80.003361,-1.793075],[-80.003309,-1.793254],[-80.003042,-1.793527],[-80.003275,-1.793779],[-80.004436,-1.793783],[-80.004455,-1.794035],[-80.006316,-1.793909],[-80.006204,-1.795145],[-80.008005,-1.795126],[-80.008616,-1.796208],[-80.008864,-1.79692],[-80.009037,-1.796942],[-80.009292,-1.796859],[-80.009284,-1.796537],[-80.0094,-1.796748],[-80.009462,-1.79718],[-80.009598,-1.797532]]],[[[-80.009601,-1.797531],[-80.009726,-1.797863],[-80.009598,-1.797532],[-80.009601,-1.797531]]]]},"properties":{"OBJECTID":26957,"dpa_parroq":"090654","dpa_despar":"LIMONAL","dpa_canton":"0906","dpa_descan":"DAULE","dpa_provin":"09","dpa_despro":"GUAYAS","dpa_anio":" ","txt":" ","fcode":" ","fcode_1":" ","descr":"AREA QUE PRESENTA CONDICIONES POTENCIALES PARA LA OCURRENCIA O NO DE UNA AMENAZA A INUNDACION","umo":"NIVEL PLANO","pen":"PLANA","txs":"ARCILLOSO","ttd":"ARCILLOSO","ith":0,"sui":"ALTA","sce":0,"st_area_sh":7646917.13208,"st_length_":29659.5653686,"anno":2025,"name":"LIMONAL"}},{"type":"Feature","id":26958,"geometry":{"type":"Polygon","coordinates":[[[-79.993291,-1.792228],[-79.993678,-1.791948],[-79.993901,-1.791528],[-79.994223,-1.791129],[-79.994251,-1.790585],[-79.994039,-1.790137],[-79.99358,-1.790052],[-79.993192,-1.789847],[-79.992998,-1.789634],[-79.992697,-1.789037],[-79.992659,-1.788582],[-79.992236,-1.787473],[-79.991461,-1.786511],[-79.990953,-1.785651],[-79.990241,-1.784905],[-79.989845,-1.784244],[-79.989698,-1.783654],[-79.989373,-1.783043],[-79.989325,-1.782604],[-79.990144,-1.782457],[-79.990192,-1.783292],[-79.990305,-1.783619],[-79.991299,-1.785325],[-79.991815,-1.785609],[-79.99209,-1.786043],[-79.992231,-1.786498],[-79.99288,-1.7874],[-79.993,-1.787813],[-79.993077,-1.788665],[-79.993176,-1.788893],[-79.993706,-1.789681],[-79.993905,-1.789867],[-79.9943,-1.790052],[-79.994371,-1.790216],[-79.994438,-1.791176],[-79.994269,-1.791305],[-79.99425,-1.791523],[-79.994011,-1.792083],[-79.993475,-1.79242],[-79.992832,-1.79247],[-79.991674,-1.793045],[-79.991003,-1.793108],[-79.990805,-1.793286],[-79.990494,-1.794408],[-79.98978,-1.795367],[-79.989369,-1.795547],[-79.988482,-1.795746],[-79.987641,-1.796105],[-79.987294,-1.796169],[-79.986899,-1.796124],[-79.984854,-1.795537],[-79.9836,-1.794995],[-79.982954,-1.794879],[-79.982439,-1.794459],[-79.981657,-1.794346],[-79.981055,-1.7939],[-79.980471,-1.793652],[-79.980243,-1.793273],[-79.980235,-1.793051],[-79.979847,-1.792671],[-79.979948,-1.792579],[-79.980018,-1.792603],[-79.980219,-1.792949],[-79.980374,-1.79307],[-79.98042,-1.793384],[-79.980542,-1.793501],[-79.981085,-1.793703],[-79.981678,-1.794177],[-79.982542,-1.794284],[-79.983004,-1.794681],[-79.983623,-1.794728],[-79.984645,-1.795281],[-79.987074,-1.795942],[-79.987724,-1.795817],[-79.988232,-1.795573],[-79.989029,-1.795494],[-79.989402,-1.795363],[-79.990282,-1.794074],[-79.990417,-1.793236],[-79.990601,-1.792945],[-79.990805,-1.792866],[-79.991476,-1.792817],[-79.991928,-1.792448],[-79.992296,-1.792292],[-79.993291,-1.792228]]]},"properties":{"OBJECTID":26958,"dpa_parroq":"090654","dpa_despar":"LIMONAL","dpa_canton":"0906","dpa_descan":"DAULE","dpa_provin":"09","dpa_despro":"GUAYAS","dpa_anio":" ","txt":" ","fcode":" ","fcode_1":" ","descr":"AREA QUE PRESENTA CONDICIONES POTENCIALES PARA LA OCURRENCIA O NO DE UNA AMENAZA A INUNDACION","umo":"VALLE FLUVIAL","pen":"PLANA","txs":"FRANCO ARCILLOSO","ttd":"FRANCO ARCILLOSO","ith":0,"sui":"ALTA","sce":0,"st_area_sh":120632.370289,"st_length_":6366.36988711,"anno":2025,"name":"LIMONAL"}},{"type":"Feature","id":26959,"geometry":{"type":"Polygon","coordinates":[[[-79.952168,-1.788326],[-79.952483,-1.788015],[-79.952937,-1.788167],[-79.95434,-1.789014],[-79.954226,-1.788989],[-79.953964,-1.789199],[-79.954014,-1.789436],[-79.954156,-1.789541],[-79.955376,-1.789705],[-79.955525,-1.789834],[-79.955358,-1.789916],[-79.95489,-1.78996],[-79.954572,-1.790096],[-79.954508,-1.790193],[-79.954525,-1.790429],[-79.954789,-1.790745],[-79.954741,-1.79081],[-79.954445,-1.790781],[-79.953802,-1.790964],[-79.953109,-1.79079],[-79.952797,-1.791295],[-79.952047,-1.791916],[-79.951763,-1.791905],[-79.951645,-1.791764],[-79.951562,-1.790939],[-79.951378,-1.790924],[-79.950849,-1.791381],[-79.950529,-1.791532],[-79.949877,-1.791419],[-79.949725,-1.791293],[-79.949889,-1.790795],[-79.94973,-1.790324],[-79.949759,-1.790024],[-79.94996,-1.790039],[-79.950608,-1.790462],[-79.950754,-1.790441],[-79.951262,-1.789953],[-79.951437,-1.789484],[-79.951323,-1.789278],[-79.950726,-1.7887],[-79.950247,-1.788396],[-79.950078,-1.788194],[-79.950252,-1.788106],[-79.950548,-1.78817],[-79.951427,-1.788595],[-79.951644,-1.788621],[-79.952168,-1.788326]]]},"properties":{"OBJECTID":26959,"dpa_parroq":"090654","dpa_despar":"LIMONAL","dpa_canton":"0906","dpa_descan":"DAULE","dpa_provin":"09","dpa_despro":"GUAYAS","dpa_anio":" ","txt":" ","fcode":" ","fcode_1":" ","descr":"AREA QUE PRESENTA CONDICIONES POTENCIALES PARA LA OCURRENCIA O NO DE UNA AMENAZA A INUNDACION","umo":"VALLE INDIFERENCIADO","pen":"PLANA","txs":"ARCILLOSO","ttd":"ARCILLOSO","ith":0,"sui":"ALTA","sce":0,"st_area_sh":136534.099268,"st_length_":2351.76446809,"anno":2025,"name":"LIMONAL"}},{"type":"Feature","id":26960,"geometry":{"type":"Polygon","coordinates":[[[-80.047534,-1.784232],[-80.04853,-1.784],[-80.048948,-1.784413],[-80.049034,-1.784876],[-80.04932,-1.785391],[-80.049504,-1.785434],[-80.049887,-1.785269],[-80.050125,-1.785463],[-80.050544,-1.78634],[-80.050382,-1.786572],[-80.049983,-1.78668],[-80.049746,-1.787568],[-80.050006,-1.787974],[-80.0506,-1.788296],[-80.050737,-1.788921],[-80.050823,-1.790058],[-80.053613,-1.792353],[-80.05379,-1.792725],[-80.054133,-1.793965],[-80.055108,-1.793688],[-80.055714,-1.793647],[-80.056089,-1.793849],[-80.056308,-1.794154],[-80.060345,-1.807363],[-80.063492,-1.812172],[-80.065265,-1.816979],[-80.066811,-1.818989],[-80.066837,-1.819513],[-80.067142,-1.820047],[-80.068018,-1.820591],[-80.068172,-1.820887],[-80.068213,-1.821125],[-80.068156,-1.821539],[-80.065248,-1.829904],[-80.065104,-1.830271],[-80.06412,-1.831774],[-80.02191,-1.831774],[-80.022468,-1.831143],[-80.023249,-1.830416],[-80.025133,-1.828895],[-80.025533,-1.828455],[-80.025702,-1.827563],[-80.026003,-1.826834],[-80.026427,-1.826146],[-80.027071,-1.824633],[-80.027194,-1.823932],[-80.027099,-1.82312],[-80.027291,-1.822061],[-80.027237,-1.821098],[-80.027292,-1.820341],[-80.026862,-1.817956],[-80.026934,-1.817352],[-80.027103,-1.816796],[-80.026744,-1.814984],[-80.026625,-1.812762],[-80.026625,-1.81211],[-80.026914,-1.811071],[-80.026914,-1.810009],[-80.026771,-1.809525],[-80.026483,-1.80938],[-80.02581,-1.809766],[-80.024994,-1.810442],[-80.024825,-1.810684],[-80.024561,-1.811505],[-80.024464,-1.81421],[-80.025039,-1.815974],[-80.025014,-1.816819],[-80.025326,-1.817931],[-80.026021,-1.819791],[-80.026284,-1.821095],[-80.026219,-1.822009],[-80.025592,-1.823598],[-80.025551,-1.824495],[-80.025306,-1.82541],[-80.021955,-1.829305],[-80.020451,-1.830147],[-80.017566,-1.831187],[-80.016809,-1.831227],[-80.01619,-1.831375],[-80.015846,-1.831612],[-80.015826,-1.831774],[-80.003717,-1.831774],[-80.003805,-1.830421],[-80.003953,-1.829315],[-80.004151,-1.82859],[-80.004151,-1.828053],[-80.004262,-1.82779],[-80.004282,-1.827242],[-80.004202,-1.82711],[-80.003869,-1.82707],[-80.003608,-1.826836],[-80.003416,-1.826806],[-80.002943,-1.826917],[-80.002832,-1.826978],[-80.002812,-1.827089],[-80.002902,-1.827708],[-80.003164,-1.828042],[-80.003214,-1.828813],[-80.003082,-1.829329],[-80.00283,-1.829846],[-80.002534,-1.831774],[-79.998974,-1.831774],[-79.999239,-1.831716],[-79.99958,-1.831474],[-79.999969,-1.830986],[-80.00021,-1.83049],[-80.00047,-1.830197],[-80.000984,-1.829133],[-80.001096,-1.828455],[-80.001096,-1.827998],[-80.001532,-1.82789],[-80.001736,-1.827714],[-80.001756,-1.828096],[-80.001327,-1.828145],[-80.001317,-1.828243],[-80.001756,-1.828214],[-80.001736,-1.828361],[-80.001551,-1.82836],[-80.001522,-1.828566],[-80.001678,-1.828557],[-80.00165,-1.828697],[-80.001459,-1.828697],[-80.001433,-1.828532],[-80.001287,-1.828524],[-80.001279,-1.828411],[-80.001174,-1.828415],[-80.001151,-1.828837],[-80.001365,-1.828905],[-80.001354,-1.828765],[-80.00175,-1.828765],[-80.001819,-1.828635],[-80.00173,-1.82564],[-80.001552,-1.825026],[-80.001046,-1.825087],[-80.000942,-1.824634],[-80.001193,-1.824623],[-80.001206,-1.824536],[-80.001013,-1.824007],[-80.000854,-1.823792],[-80.00056,-1.823824],[-80.00013,-1.822995],[-80.000437,-1.822832],[-80.000483,-1.822886],[-80.000611,-1.822839],[-80.000657,-1.822734],[-80.000333,-1.82165],[-79.999905,-1.820566],[-80.000053,-1.820505],[-79.999815,-1.819643],[-80.0,-1.816595],[-80.001471,-1.811701],[-80.00234,-1.810828],[-80.002542,-1.810685],[-80.003427,-1.81036],[-80.004534,-1.810597],[-80.005312,-1.810174],[-80.006257,-1.807332],[-80.006976,-1.807801],[-80.007143,-1.807828],[-80.010557,-1.810506],[-80.01087,-1.810889],[-80.011066,-1.811346],[-80.011074,-1.811654],[-80.011249,-1.811988],[-80.012072,-1.812535],[-80.012615,-1.812694],[-80.012983,-1.812976],[-80.013736,-1.813135],[-80.014191,-1.812893],[-80.015213,-1.813102],[-80.015908,-1.813134],[-80.016756,-1.812789],[-80.018367,-1.811251],[-80.01874,-1.810069],[-80.018988,-1.808892],[-80.018826,-1.808145],[-80.018203,-1.807304],[-80.014603,-1.803343],[-80.013505,-1.801945],[-80.013491,-1.801745],[-80.013647,-1.801531],[-80.013944,-1.801489],[-80.014397,-1.801589],[-80.014581,-1.801774],[-80.015446,-1.802023],[-80.015872,-1.802372],[-80.015996,-1.802639],[-80.016187,-1.802885],[-80.016233,-1.802866],[-80.016707,-1.803795],[-80.017268,-1.804489],[-80.017856,-1.805048],[-80.018487,-1.805407],[-80.019357,-1.805582],[-80.020617,-1.805568],[-80.023748,-1.804455],[-80.02409,-1.804141],[-80.02458,-1.803383],[-80.024863,-1.803184],[-80.025402,-1.802444],[-80.026705,-1.800066],[-80.027019,-1.799572],[-80.027615,-1.798902],[-80.028023,-1.79817],[-80.028335,-1.796675],[-80.028829,-1.797076],[-80.0293,-1.797087],[-80.029778,-1.797263],[-80.029904,-1.797535],[-80.029623,-1.798205],[-80.029695,-1.79841],[-80.029861,-1.798588],[-80.030384,-1.798822],[-80.031055,-1.798952],[-80.03154,-1.799005],[-80.03194,-1.798914],[-80.032397,-1.798536],[-80.032863,-1.797905],[-80.033268,-1.796842],[-80.033873,-1.795881],[-80.034055,-1.795155],[-80.034039,-1.79421],[-80.034306,-1.793508],[-80.034857,-1.792817],[-80.035211,-1.792722],[-80.035787,-1.792726],[-80.035969,-1.792349],[-80.036137,-1.792227],[-80.036765,-1.792263],[-80.037029,-1.792166],[-80.037218,-1.791908],[-80.037264,-1.791693],[-80.037049,-1.791062],[-80.037146,-1.790827],[-80.037553,-1.790737],[-80.037915,-1.790756],[-80.038274,-1.791156],[-80.038428,-1.791177],[-80.038949,-1.790765],[-80.039636,-1.790596],[-80.039982,-1.790594],[-80.040435,-1.79074],[-80.041051,-1.791283],[-80.041304,-1.791277],[-80.041503,-1.791143],[-80.041726,-1.79067],[-80.041956,-1.788982],[-80.041407,-1.787143],[-80.041415,-1.786701],[-80.041641,-1.786086],[-80.041292,-1.785317],[-80.041363,-1.785068],[-80.041793,-1.78481],[-80.041837,-1.784293],[-80.042317,-1.784067],[-80.042643,-1.784046],[-80.042989,-1.784124],[-80.043198,-1.784313],[-80.043313,-1.784652],[-80.043463,-1.784816],[-80.044021,-1.785017],[-80.044377,-1.784893],[-80.044618,-1.784531],[-80.044783,-1.784454],[-80.045147,-1.784603],[-80.04558,-1.784635],[-80.046307,-1.784238],[-80.047534,-1.784232]],[[-80.008618,-1.813692],[-80.008223,-1.812163],[-80.007949,-1.81189],[-80.006767,-1.812238],[-80.006714,-1.812334],[-80.006756,-1.812537],[-80.007047,-1.81343],[-80.008387,-1.816733],[-80.009902,-1.818387],[-80.010267,-1.818595],[-80.012648,-1.819208],[-80.012885,-1.81914],[-80.013582,-1.818591],[-80.014375,-1.81778],[-80.014673,-1.816729],[-80.014904,-1.815282],[-80.014723,-1.814199],[-80.014589,-1.813907],[-80.013906,-1.81388],[-80.013812,-1.813929],[-80.013313,-1.81661],[-80.012652,-1.817425],[-80.012414,-1.817504],[-80.011022,-1.817062],[-80.010817,-1.816987],[-80.010785,-1.816893],[-80.010431,-1.816791],[-80.009674,-1.815898],[-80.009082,-1.815064],[-80.008618,-1.813692]]]},"properties":{"OBJECTID":26960,"dpa_parroq":"090654","dpa_despar":"LIMONAL","dpa_canton":"0906","dpa_descan":"DAULE","dpa_provin":"09","dpa_despro":"GUAYAS","dpa_anio":" ","txt":" ","fcode":" ","fcode_1":" ","descr":"AREA QUE PRESENTA CONDICIONES POTENCIALES PARA LA OCURRENCIA O NO DE UNA AMENAZA A INUNDACION","umo":"NIVEL PLANO","pen":"PLANA","txs":"ARCILLOSO","ttd":"ARCILLOSO","ith":0,"sui":"ALTA","sce":0,"st_area_sh":24318774.2046,"st_length_":36686.6717661,"anno":2025,"name":"LIMONAL"}},{"type":"Feature","id":26961,"geometry":{"type":"Polygon","coordinates":[[[-79.98157,-1.792925],[-79.983007,-1.792908],[-79.984894,-1.793849],[-79.98502,-1.793849],[-79.985272,-1.793009],[-79.985361,-1.793018],[-79.985424,-1.793144],[-79.985406,-1.79337],[-79.985523,-1.793569],[-79.985918,-1.793796],[-79.986224,-1.793751],[-79.986709,-1.79348],[-79.986826,-1.793489],[-79.986808,-1.793796],[-79.986394,-1.794519],[-79.98643,-1.7948],[-79.986529,-1.794962],[-79.986726,-1.79508],[-79.987175,-1.795243],[-79.987472,-1.795596],[-79.987571,-1.795857],[-79.987074,-1.795942],[-79.986775,-1.795902],[-79.986046,-1.795634],[-79.984645,-1.795281],[-79.983623,-1.794728],[-79.983004,-1.794681],[-79.982542,-1.794284],[-79.981678,-1.794177],[-79.981085,-1.793703],[-79.980664,-1.793591],[-79.98042,-1.793384],[-79.980395,-1.793159],[-79.980617,-1.79297],[-79.980797,-1.792961],[-79.980967,-1.793097],[-79.98157,-1.792925]]]},"properties":{"OBJECTID":26961,"dpa_parroq":"090654","dpa_despar":"LIMONAL","dpa_canton":"0906","dpa_descan":"DAULE","dpa_provin":"09","dpa_despro":"GUAYAS","dpa_anio":" ","txt":" ","fcode":" ","fcode_1":" ","descr":"AREA QUE PRESENTA CONDICIONES POTENCIALES PARA LA OCURRENCIA O NO DE UNA AMENAZA A INUNDACION","umo":"NIVEL PLANO","pen":"PLANA","txs":"FRANCO ARCILLOSO","ttd":"FRANCO ARCILLO - ARENOSO","ith":0,"sui":"ALTA","sce":0,"st_area_sh":119584.274888,"st_length_":2119.09193215,"anno":2025,"name":"LIMONAL"}},{"type":"Feature","id":26962,"geometry":{"type":"Polygon","coordinates":[[[-80.005118,-1.805253],[-80.003376,-1.804402],[-80.001802,-1.803828],[-80.00178,-1.803758],[-80.003072,-1.803981],[-80.003993,-1.804349],[-80.005255,-1.805177],[-80.005224,-1.805261],[-80.005118,-1.805253]]]},"properties":{"OBJECTID":26962,"dpa_parroq":"090654","dpa_despar":"LIMONAL","dpa_canton":"0906","dpa_descan":"DAULE","dpa_provin":"09","dpa_despro":"GUAYAS","dpa_anio":" ","txt":" ","fcode":" ","fcode_1":" ","descr":"AREA QUE PRESENTA CONDICIONES POTENCIALES PARA LA OCURRENCIA O NO DE UNA AMENAZA A INUNDACION","umo":"NIVEL PLANO","pen":"PLANA","txs":"NO APLICABLE","ttd":"NO APLICABLE","ith":0,"sui":"ALTA","sce":0,"st_area_sh":10357.3041788,"st_length_":855.001803335,"anno":2025,"name":"LIMONAL"}},{"type":"Feature","id":26963,"geometry":{"type":"Polygon","coordinates":[[[-79.947293,-1.808612],[-79.947256,-1.808337],[-79.947526,-1.808322],[-79.947773,-1.808856],[-79.947452,-1.808856],[-79.947293,-1.808612]]]},"properties":{"OBJECTID":26963,"dpa_parroq":"090654","dpa_despar":"LIMONAL","dpa_canton":"0906","dpa_descan":"DAULE","dpa_provin":"09","dpa_despro":"GUAYAS","dpa_anio":" ","txt":" ","fcode":" ","fcode_1":" ","descr":"AREA QUE PRESENTA CONDICIONES POTENCIALES PARA LA OCURRENCIA O NO DE UNA AMENAZA A INUNDACION","umo":"VALLE INDIFERENCIADO","pen":"PLANA","txs":"FRANCO ARCILLOSO","ttd":"FRANCO ARCILLOSO","ith":0,"sui":"ALTA","sce":0,"st_area_sh":2146.10506959,"st_length_":193.770650986,"anno":2025,"name":"LIMONAL"}},{"type":"Feature","id":26964,"geometry":{"type":"Polygon","coordinates":[[[-79.951287,-1.803898],[-79.951382,-1.803431],[-79.951287,-1.802988],[-79.951691,-1.802263],[-79.951823,-1.802179],[-79.952152,-1.802166],[-79.952268,-1.802373],[-79.952242,-1.802524],[-79.952015,-1.802788],[-79.951891,-1.8031],[-79.952025,-1.803497],[-79.951932,-1.803874],[-79.952068,-1.804097],[-79.95219,-1.804114],[-79.952508,-1.803847],[-79.952616,-1.803338],[-79.952983,-1.803596],[-79.953208,-1.803485],[-79.953495,-1.803187],[-79.953831,-1.803226],[-79.955067,-1.803622],[-79.955208,-1.803791],[-79.955196,-1.803902],[-79.954974,-1.804042],[-79.954412,-1.804066],[-79.954308,-1.8042],[-79.954016,-1.804232],[-79.953861,-1.804392],[-79.953684,-1.804802],[-79.953449,-1.80483],[-79.953347,-1.804635],[-79.952931,-1.804474],[-79.952372,-1.804664],[-79.952016,-1.804957],[-79.951547,-1.80628],[-79.951521,-1.806595],[-79.951746,-1.806723],[-79.95236,-1.806756],[-79.952347,-1.807079],[-79.95208,-1.807238],[-79.951462,-1.807439],[-79.951389,-1.807654],[-79.951551,-1.80781],[-79.952231,-1.808069],[-79.952336,-1.80823],[-79.952272,-1.808856],[-79.949123,-1.808856],[-79.949034,-1.808626],[-79.948715,-1.808277],[-79.948685,-1.808076],[-79.949178,-1.807677],[-79.949176,-1.80739],[-79.949299,-1.807214],[-79.949443,-1.807328],[-79.949477,-1.807473],[-79.949368,-1.807981],[-79.949478,-1.808117],[-79.949943,-1.808113],[-79.950295,-1.808199],[-79.950315,-1.80813],[-79.9498,-1.80703],[-79.950194,-1.806628],[-79.950266,-1.806428],[-79.949996,-1.806277],[-79.949519,-1.806328],[-79.948857,-1.806017],[-79.948613,-1.806017],[-79.948165,-1.806273],[-79.947913,-1.80575],[-79.948315,-1.805675],[-79.94873,-1.805315],[-79.948905,-1.805258],[-79.949372,-1.805493],[-79.949621,-1.805198],[-79.949734,-1.805212],[-79.949866,-1.805726],[-79.94999,-1.805708],[-79.950139,-1.805475],[-79.95059,-1.80565],[-79.950783,-1.805618],[-79.950808,-1.805471],[-79.950398,-1.804964],[-79.950534,-1.804631],[-79.950342,-1.804393],[-79.949987,-1.804193],[-79.949874,-1.804039],[-79.949877,-1.803907],[-79.950075,-1.803719],[-79.950212,-1.803734],[-79.951007,-1.804224],[-79.951228,-1.80426],[-79.951316,-1.804137],[-79.951287,-1.803898]]]},"properties":{"OBJECTID":26964,"dpa_parroq":"090654","dpa_despar":"LIMONAL","dpa_canton":"0906","dpa_descan":"DAULE","dpa_provin":"09","dpa_despro":"GUAYAS","dpa_anio":" ","txt":" ","fcode":" ","fcode_1":" ","descr":"AREA QUE PRESENTA CONDICIONES POTENCIALES PARA LA OCURRENCIA O NO DE UNA AMENAZA A INUNDACION","umo":"VALLE INDIFERENCIADO","pen":"PLANA","txs":"FRANCO ARCILLOSO","ttd":"FRANCO ARCILLOSO","ith":0,"sui":"ALTA","sce":0,"st_area_sh":186704.528951,"st_length_":4242.34014249,"anno":2025,"name":"LIMONAL"}},{"type":"Feature","id":26965,"geometry":{"type":"Polygon","coordinates":[[[-79.97852,-1.785278],[-79.97846,-1.785032],[-79.978393,-1.784995],[-79.978637,-1.783582],[-79.978831,-1.783405],[-79.979093,-1.782912],[-79.979124,-1.7819],[-79.979013,-1.781613],[-79.979376,-1.78158],[-79.979532,-1.781768],[-79.979814,-1.781797],[-79.979888,-1.781866],[-79.979879,-1.782006],[-79.979532,-1.782285],[-79.979518,-1.783007],[-79.979166,-1.783658],[-79.979133,-1.783835],[-79.979221,-1.784152],[-79.978994,-1.784515],[-79.978809,-1.785171],[-79.97886,-1.785306],[-79.979179,-1.785311],[-79.979803,-1.785171],[-79.980326,-1.78492],[-79.98067,-1.784845],[-79.981022,-1.783989],[-79.981165,-1.784082],[-79.981003,-1.78458],[-79.981067,-1.784808],[-79.981437,-1.784981],[-79.981761,-1.785302],[-79.982279,-1.785661],[-79.982464,-1.785647],[-79.982857,-1.785382],[-79.98332,-1.784516],[-79.983436,-1.784163],[-79.983418,-1.783744],[-79.983557,-1.783544],[-79.983957,-1.783916],[-79.983536,-1.784582],[-79.983429,-1.785164],[-79.983341,-1.785317],[-79.982878,-1.785796],[-79.982355,-1.786564],[-79.982373,-1.787355],[-79.982258,-1.787973],[-79.982299,-1.788787],[-79.981767,-1.789453],[-79.981808,-1.78989],[-79.982234,-1.790086],[-79.982627,-1.78997],[-79.983081,-1.789668],[-79.983641,-1.789524],[-79.984554,-1.788901],[-79.985303,-1.788504],[-79.985362,-1.788521],[-79.98545,-1.788857],[-79.985536,-1.789411],[-79.985443,-1.789375],[-79.985202,-1.788919],[-79.984279,-1.789399],[-79.983045,-1.790297],[-79.982236,-1.790613],[-79.981947,-1.791069],[-79.98157,-1.7912],[-79.980998,-1.791716],[-79.980587,-1.79172],[-79.980486,-1.791906],[-79.980218,-1.792104],[-79.980036,-1.792521],[-79.979847,-1.792671],[-79.979511,-1.792274],[-79.978977,-1.792214],[-79.978922,-1.792435],[-79.978981,-1.79264],[-79.978531,-1.793059],[-79.978696,-1.79352],[-79.978518,-1.793563],[-79.978362,-1.793464],[-79.978112,-1.793613],[-79.978048,-1.793677],[-79.978061,-1.793831],[-79.977891,-1.793933],[-79.977557,-1.793677],[-79.976643,-1.792637],[-79.977253,-1.792605],[-79.977578,-1.792506],[-79.977756,-1.79242],[-79.977996,-1.792103],[-79.97766,-1.791502],[-79.976669,-1.790689],[-79.976468,-1.790441],[-79.976253,-1.78999],[-79.976363,-1.789665],[-79.97671,-1.789083],[-79.976901,-1.789037],[-79.97748,-1.78939],[-79.977514,-1.790179],[-79.977674,-1.790567],[-79.977819,-1.790731],[-79.97877,-1.790822],[-79.978992,-1.790641],[-79.979224,-1.790595],[-79.978731,-1.790373],[-79.978845,-1.790003],[-79.979721,-1.789866],[-79.979967,-1.789886],[-79.980115,-1.790511],[-79.980244,-1.790549],[-79.980037,-1.789449],[-79.979875,-1.788898],[-79.979722,-1.788625],[-79.979719,-1.788192],[-79.980343,-1.788252],[-79.980513,-1.788472],[-79.980912,-1.788706],[-79.981325,-1.788598],[-79.981463,-1.788324],[-79.981367,-1.787635],[-79.981668,-1.786881],[-79.981622,-1.78601],[-79.981474,-1.785726],[-79.981104,-1.785591],[-79.979078,-1.78593],[-79.978778,-1.785823],[-79.97852,-1.785278]]]},"properties":{"OBJECTID":26965,"dpa_parroq":"090654","dpa_despar":"LIMONAL","dpa_canton":"0906","dpa_descan":"DAULE","dpa_provin":"09","dpa_despro":"GUAYAS","dpa_anio":" ","txt":" ","fcode":" ","fcode_1":" ","descr":"AREA QUE PRESENTA CONDICIONES POTENCIALES PARA LA OCURRENCIA O NO DE UNA AMENAZA A INUNDACION","umo":"VALLE INDIFERENCIADO","pen":"PLANA","txs":"FRANCO ARCILLOSO","ttd":"FRANCO ARCILLOSO","ith":0,"sui":"ALTA","sce":0,"st_area_sh":297752.698992,"st_length_":7126.40928113,"anno":2025,"name":"LIMONAL"}},{"type":"Feature","id":26966,"geometry":{"type":"Polygon","coordinates":[[[-79.942672,-1.806111],[-79.942783,-1.805773],[-79.942967,-1.805803],[-79.942996,-1.806144],[-79.943133,-1.806397],[-79.94323,-1.806441],[-79.944184,-1.805818],[-79.943984,-1.805977],[-79.944013,-1.806059],[-79.943654,-1.806644],[-79.943209,-1.806979],[-79.942861,-1.8076],[-79.942873,-1.807788],[-79.943086,-1.80825],[-79.943181,-1.808856],[-79.943012,-1.808856],[-79.942939,-1.808347],[-79.942662,-1.807667],[-79.942773,-1.807261],[-79.942709,-1.806835],[-79.942128,-1.806437],[-79.942122,-1.80629],[-79.942292,-1.806279],[-79.94228,-1.806146],[-79.942388,-1.806052],[-79.942672,-1.806111]]]},"properties":{"OBJECTID":26966,"dpa_parroq":"090654","dpa_despar":"LIMONAL","dpa_canton":"0906","dpa_descan":"DAULE","dpa_provin":"09","dpa_despro":"GUAYAS","dpa_anio":" ","txt":" ","fcode":" ","fcode_1":" ","descr":"AREA QUE PRESENTA CONDICIONES POTENCIALES PARA LA OCURRENCIA O NO DE UNA AMENAZA A INUNDACION","umo":"VALLE INDIFERENCIADO","pen":"PLANA","txs":"FRANCO ARCILLOSO","ttd":"FRANCO ARCILLOSO","ith":0,"sui":"BAJA","sce":0,"st_area_sh":18342.4942742,"st_length_":1095.12162756,"anno":2025,"name":"LIMONAL"}},{"type":"Feature","id":26967,"geometry":{"type":"Polygon","coordinates":[[[-79.889205,-1.955613],[-79.893321,-1.954534],[-79.894304,-1.954919],[-79.894608,-1.95509],[-79.896,-1.956194],[-79.89696,-1.957143],[-79.897374,-1.957361],[-79.898053,-1.957931],[-79.900541,-1.958729],[-79.901625,-1.958958],[-79.901738,-1.959195],[-79.901293,-1.960701],[-79.900905,-1.961716],[-79.900736,-1.961801],[-79.900368,-1.961839],[-79.899312,-1.961449],[-79.898492,-1.961269],[-79.897964,-1.96124],[-79.897365,-1.961324],[-79.896203,-1.961622],[-79.893862,-1.962587],[-79.892891,-1.963355],[-79.892674,-1.964019],[-79.892447,-1.964218],[-79.892042,-1.964312],[-79.891778,-1.964293],[-79.891523,-1.964236],[-79.891033,-1.963913],[-79.889789,-1.963931],[-79.889402,-1.963836],[-79.889044,-1.963504],[-79.88876,-1.963099],[-79.887766,-1.960983],[-79.887278,-1.958944],[-79.887306,-1.958649],[-79.887419,-1.958431],[-79.888759,-1.956146],[-79.889036,-1.955727],[-79.889205,-1.955613]]]},"properties":{"OBJECTID":26967,"dpa_parroq":"090656","dpa_despar":"LOS LOJAS","dpa_canton":"0906","dpa_descan":"DAULE","dpa_provin":"09","dpa_despro":"GUAYAS","dpa_anio":" ","txt":" ","fcode":" ","fcode_1":" ","descr":"AREA QUE PRESENTA CONDICIONES POTENCIALES PARA LA OCURRENCIA O NO DE UNA AMENAZA A INUNDACION","umo":"DIQUE O BANCO ALUVIAL","pen":"PLANA","txs":"FRANCO ARCILLOSO","ttd":"ARCILLOSO","ith":0,"sui":"ALTA","sce":0,"st_area_sh":1029533.36662,"st_length_":4316.36343984,"anno":2025,"name":"LOS LOJAS"}},{"type":"Feature","id":26968,"geometry":{"type":"Polygon","coordinates":[[[-79.877604,-1.947473],[-79.877176,-1.947365],[-79.876296,-1.946909],[-79.876426,-1.946052],[-79.876633,-1.945403],[-79.876989,-1.944846],[-79.878222,-1.944189],[-79.878623,-1.943678],[-79.879694,-1.942924],[-79.880524,-1.942602],[-79.882344,-1.942711],[-79.883093,-1.943169],[-79.883657,-1.943896],[-79.882932,-1.944165],[-79.879692,-1.946721],[-79.878594,-1.94742],[-79.877925,-1.947662],[-79.877604,-1.947473]]]},"properties":{"OBJECTID":26968,"dpa_parroq":"090656","dpa_despar":"LOS LOJAS","dpa_canton":"0906","dpa_descan":"DAULE","dpa_provin":"09","dpa_despro":"GUAYAS","dpa_anio":" ","txt":" ","fcode":" ","fcode_1":" ","descr":"AREA QUE PRESENTA CONDICIONES POTENCIALES PARA LA OCURRENCIA O NO DE UNA AMENAZA A INUNDACION","umo":"DIQUE O BANCO ALUVIAL","pen":"PLANA","txs":"FRANCO ARCILLOSO","ttd":"ARCILLOSO","ith":0,"sui":"ALTA","sce":0,"st_area_sh":238460.210767,"st_length_":2086.22032061,"anno":2025,"name":"LOS LOJAS"}},{"type":"Feature","id":26969,"geometry":{"type":"Polygon","coordinates":[[[-79.87842,-1.936743],[-79.878098,-1.936008],[-79.875362,-1.93132],[-79.879618,-1.931438],[-79.879568,-1.931805],[-79.880049,-1.93272],[-79.879942,-1.933097],[-79.879567,-1.933339],[-79.879031,-1.9342],[-79.879057,-1.935304],[-79.879164,-1.935978],[-79.879083,-1.936489],[-79.878681,-1.937081],[-79.878456,-1.937201],[-79.87842,-1.936743]]]},"properties":{"OBJECTID":26969,"dpa_parroq":"090656","dpa_despar":"LOS LOJAS","dpa_canton":"0906","dpa_descan":"DAULE","dpa_provin":"09","dpa_despro":"GUAYAS","dpa_anio":" ","txt":" ","fcode":" ","fcode_1":" ","descr":"AREA QUE PRESENTA CONDICIONES POTENCIALES PARA LA OCURRENCIA O NO DE UNA AMENAZA A INUNDACION","umo":"DIQUE O BANCO ALUVIAL","pen":"PLANA","txs":"FRANCO ARCILLOSO","ttd":"ARCILLOSO","ith":0,"sui":"ALTA","sce":0,"st_area_sh":161128.308287,"st_length_":1937.21087867,"anno":2025,"name":"LOS LOJAS"}},{"type":"Feature","id":26970,"geometry":{"type":"Polygon","coordinates":[[[-79.881214,-1.93541],[-79.880891,-1.932679],[-79.8807,-1.932086],[-79.880435,-1.931685],[-79.879926,-1.931447],[-79.886334,-1.931625],[-79.884695,-1.932326],[-79.884168,-1.932609],[-79.883904,-1.932912],[-79.883753,-1.933328],[-79.883978,-1.934408],[-79.884843,-1.935563],[-79.88505,-1.935582],[-79.885408,-1.935374],[-79.88633,-1.93439],[-79.886744,-1.934163],[-79.889379,-1.934014],[-79.889924,-1.934146],[-79.890225,-1.934355],[-79.890583,-1.934317],[-79.890997,-1.934034],[-79.891694,-1.93286],[-79.891995,-1.932633],[-79.892559,-1.932596],[-79.894949,-1.932616],[-79.896003,-1.932863],[-79.89651,-1.933147],[-79.897676,-1.935003],[-79.89789,-1.935995],[-79.897763,-1.936344],[-79.897763,-1.937153],[-79.899172,-1.940321],[-79.899524,-1.941499],[-79.899806,-1.941897],[-79.899996,-1.942756],[-79.900029,-1.943631],[-79.900564,-1.94491],[-79.902401,-1.948041],[-79.903069,-1.949489],[-79.903771,-1.950331],[-79.904125,-1.950602],[-79.904632,-1.951152],[-79.904952,-1.951777],[-79.905233,-1.95244],[-79.905515,-1.953765],[-79.905533,-1.954787],[-79.905363,-1.955506],[-79.905024,-1.955904],[-79.904497,-1.956244],[-79.904045,-1.956717],[-79.903123,-1.957853],[-79.902878,-1.958401],[-79.902614,-1.959291],[-79.902029,-1.961714],[-79.902104,-1.96213],[-79.902874,-1.963702],[-79.903024,-1.964232],[-79.902986,-1.965444],[-79.903154,-1.96694],[-79.903209,-1.968946],[-79.903096,-1.969571],[-79.902644,-1.970612],[-79.90142,-1.972088],[-79.900573,-1.972939],[-79.899631,-1.973469],[-79.898314,-1.973865],[-79.897317,-1.974054],[-79.89551,-1.974753],[-79.894757,-1.975302],[-79.894192,-1.976002],[-79.893759,-1.976721],[-79.893514,-1.977345],[-79.893269,-1.978216],[-79.893211,-1.979087],[-79.893305,-1.979863],[-79.893549,-1.980564],[-79.893904,-1.981222],[-79.89406,-1.981331],[-79.895449,-1.981417],[-79.896563,-1.981766],[-79.897915,-1.981896],[-79.898979,-1.98176],[-79.900326,-1.981159],[-79.906346,-1.976393],[-79.907166,-1.976218],[-79.909037,-1.976219],[-79.910562,-1.976659],[-79.912109,-1.977696],[-79.912454,-1.97823],[-79.912835,-1.979896],[-79.912228,-1.98074],[-79.909432,-1.983073],[-79.9068,-1.984306],[-79.905573,-1.984674],[-79.905522,-1.984873],[-79.904022,-1.984732],[-79.903704,-1.984872],[-79.903575,-1.985209],[-79.90432,-1.986073],[-79.904437,-1.986272],[-79.904373,-1.986406],[-79.903929,-1.986491],[-79.903747,-1.986422],[-79.902909,-1.985679],[-79.902534,-1.985577],[-79.90131,-1.985554],[-79.90031,-1.985749],[-79.899861,-1.98564],[-79.899087,-1.985611],[-79.898776,-1.985786],[-79.898582,-1.986021],[-79.898505,-1.986256],[-79.897976,-1.986794],[-79.897063,-1.98664],[-79.896358,-1.987386],[-79.896168,-1.987405],[-79.895616,-1.987041],[-79.895198,-1.986294],[-79.894475,-1.986006],[-79.894228,-1.986064],[-79.894056,-1.986198],[-79.893752,-1.986638],[-79.893542,-1.987097],[-79.893637,-1.987672],[-79.893979,-1.988189],[-79.894046,-1.988474],[-79.889064,-1.987924],[-79.889393,-1.987466],[-79.890263,-1.986576],[-79.890675,-1.985402],[-79.891972,-1.983288],[-79.892116,-1.982708],[-79.891944,-1.981984],[-79.890822,-1.979807],[-79.890628,-1.979307],[-79.890521,-1.978677],[-79.890824,-1.976634],[-79.891019,-1.976091],[-79.891603,-1.974961],[-79.891906,-1.974527],[-79.892905,-1.973791],[-79.896458,-1.97211],[-79.898018,-1.970668],[-79.898958,-1.969437],[-79.900316,-1.96846],[-79.900702,-1.968106],[-79.901037,-1.967432],[-79.901205,-1.966993],[-79.901222,-1.966504],[-79.901156,-1.965965],[-79.900804,-1.965189],[-79.899682,-1.964143],[-79.899247,-1.963963],[-79.897673,-1.963936],[-79.8949,-1.964592],[-79.892856,-1.965235],[-79.892201,-1.965529],[-79.892093,-1.966732],[-79.892168,-1.968225],[-79.892053,-1.968551],[-79.891881,-1.96991],[-79.891481,-1.970771],[-79.890281,-1.971862],[-79.889843,-1.972484],[-79.889291,-1.973671],[-79.888947,-1.974723],[-79.888109,-1.976254],[-79.887747,-1.977058],[-79.887423,-1.977556],[-79.887043,-1.977671],[-79.886015,-1.977727],[-79.885596,-1.977938],[-79.885291,-1.978378],[-79.885063,-1.979076],[-79.885519,-1.979326],[-79.886756,-1.979461],[-79.887365,-1.979882],[-79.88902,-1.979826],[-79.889325,-1.979577],[-79.889972,-1.979731],[-79.890219,-1.979865],[-79.890466,-1.980306],[-79.890846,-1.981263],[-79.890846,-1.981569],[-79.890636,-1.981952],[-79.889456,-1.98266],[-79.888485,-1.983042],[-79.887667,-1.983482],[-79.88702,-1.983539],[-79.886163,-1.983213],[-79.885973,-1.982868],[-79.885783,-1.982696],[-79.884813,-1.982657],[-79.882377,-1.982081],[-79.881845,-1.981736],[-79.881636,-1.981448],[-79.881522,-1.981104],[-79.881522,-1.98007],[-79.882228,-1.9785],[-79.882399,-1.978271],[-79.883295,-1.976127],[-79.884113,-1.975457],[-79.884551,-1.974998],[-79.885865,-1.974166],[-79.886094,-1.973879],[-79.88676,-1.973295],[-79.88756,-1.971822],[-79.888246,-1.971133],[-79.888817,-1.97031],[-79.889027,-1.96964],[-79.888952,-1.968606],[-79.888685,-1.968108],[-79.888553,-1.967648],[-79.888554,-1.966078],[-79.887576,-1.965826],[-79.88642,-1.965016],[-79.885918,-1.964333],[-79.885165,-1.96284],[-79.884655,-1.961162],[-79.884192,-1.958592],[-79.884167,-1.957475],[-79.884969,-1.955035],[-79.885382,-1.954231],[-79.886389,-1.95283],[-79.887732,-1.951766],[-79.888119,-1.951611],[-79.888532,-1.951507],[-79.889064,-1.951528],[-79.891577,-1.951271],[-79.893369,-1.951928],[-79.895615,-1.953146],[-79.896573,-1.953479],[-79.898129,-1.953654],[-79.899804,-1.954103],[-79.901238,-1.954401],[-79.902327,-1.954568],[-79.902447,-1.954444],[-79.901796,-1.952475],[-79.901043,-1.951229],[-79.900175,-1.949594],[-79.897936,-1.946496],[-79.896097,-1.944778],[-79.89359,-1.941849],[-79.892822,-1.941141],[-79.890782,-1.939592],[-79.889913,-1.939322],[-79.889043,-1.939523],[-79.888005,-1.940263],[-79.887269,-1.941003],[-79.8868,-1.94181],[-79.886364,-1.943156],[-79.885628,-1.944536],[-79.885073,-1.946],[-79.884821,-1.946389],[-79.884182,-1.947206],[-79.883485,-1.947887],[-79.882072,-1.948899],[-79.880871,-1.949365],[-79.878153,-1.94995],[-79.876484,-1.949792],[-79.875709,-1.949332],[-79.875165,-1.948636],[-79.874516,-1.947518],[-79.874245,-1.946485],[-79.874219,-1.945584],[-79.875336,-1.943261],[-79.876364,-1.941765],[-79.876658,-1.940395],[-79.876596,-1.939278],[-79.87645,-1.93835],[-79.876283,-1.93757],[-79.875864,-1.936643],[-79.874998,-1.935725],[-79.874654,-1.935547],[-79.87378,-1.934577],[-79.873171,-1.933765],[-79.87272,-1.932321],[-79.872742,-1.931247],[-79.875362,-1.93132],[-79.878098,-1.936008],[-79.87842,-1.936743],[-79.878527,-1.938098],[-79.878504,-1.940063],[-79.878461,-1.940849],[-79.878308,-1.941636],[-79.878209,-1.941913],[-79.878026,-1.942072],[-79.877873,-1.942837],[-79.877004,-1.944823],[-79.876633,-1.945403],[-79.876426,-1.946052],[-79.876296,-1.946909],[-79.877925,-1.947662],[-79.878594,-1.94742],[-79.879692,-1.946721],[-79.882932,-1.944165],[-79.883627,-1.943923],[-79.883949,-1.943627],[-79.884274,-1.943],[-79.884325,-1.94121],[-79.884208,-1.940084],[-79.883836,-1.938958],[-79.883527,-1.938898],[-79.883232,-1.938661],[-79.882893,-1.938097],[-79.882525,-1.937844],[-79.882112,-1.937325],[-79.881626,-1.936879],[-79.881287,-1.93633],[-79.881214,-1.93541]],[[-79.900556,-1.96183],[-79.900905,-1.961716],[-79.901094,-1.961261],[-79.901738,-1.959195],[-79.901625,-1.958958],[-79.900541,-1.958729],[-79.898053,-1.957931],[-79.897374,-1.957361],[-79.89696,-1.957143],[-79.896,-1.956194],[-79.894608,-1.95509],[-79.893321,-1.954534],[-79.889085,-1.955684],[-79.887306,-1.958649],[-79.887306,-1.959219],[-79.887766,-1.960983],[-79.88876,-1.963099],[-79.889233,-1.963694],[-79.889563,-1.963903],[-79.890072,-1.963941],[-79.890845,-1.963885],[-79.891033,-1.963913],[-79.891523,-1.964236],[-79.891778,-1.964293],[-79.892042,-1.964312],[-79.892447,-1.964218],[-79.892674,-1.964019],[-79.892891,-1.963355],[-79.893862,-1.962587],[-79.896203,-1.961622],[-79.897365,-1.961324],[-79.897964,-1.96124],[-79.898492,-1.961269],[-79.899312,-1.961449],[-79.900179,-1.961791],[-79.900556,-1.96183]],[[-79.907541,-1.97845],[-79.907183,-1.978553],[-79.9065,-1.97892],[-79.905095,-1.97979],[-79.904319,-1.980423],[-79.903281,-1.981413],[-79.902381,-1.982072],[-79.901164,-1.98279],[-79.901028,-1.98291],[-79.901036,-1.983022],[-79.901243,-1.983238],[-79.901473,-1.98335],[-79.904688,-1.982745],[-79.907118,-1.981772],[-79.907475,-1.981461],[-79.908889,-1.980679],[-79.90896,-1.980591],[-79.908929,-1.98016],[-79.90877,-1.979721],[-79.908358,-1.979241],[-79.908223,-1.978594],[-79.90789,-1.978402],[-79.907541,-1.97845]]]},"properties":{"OBJECTID":26970,"dpa_parroq":"090656","dpa_despar":"LOS LOJAS","dpa_canton":"0906","dpa_descan":"DAULE","dpa_provin":"09","dpa_despro":"GUAYAS","dpa_anio":" ","txt":" ","fcode":" ","fcode_1":" ","descr":"AREA QUE PRESENTA CONDICIONES POTENCIALES PARA LA OCURRENCIA O NO DE UNA AMENAZA A INUNDACION","umo":"CAUCE ABANDONADO","pen":"PLANA","txs":"ARCILLOSO","ttd":"FRANCO ARCILLOSO","ith":0,"sui":"ALTA","sce":0,"st_area_sh":7757363.01799,"st_length_":46880.0962256,"anno":2025,"name":"LOS LOJAS"}},{"type":"Feature","id":26971,"geometry":{"type":"Polygon","coordinates":[[[-79.907393,-1.933839],[-79.906321,-1.933776],[-79.905716,-1.933464],[-79.903395,-1.932783],[-79.903248,-1.933068],[-79.902111,-1.932798],[-79.899892,-1.93181],[-79.898087,-1.930745],[-79.896849,-1.929757],[-79.892851,-1.927366],[-79.892206,-1.927143],[-79.891058,-1.926878],[-79.890652,-1.926866],[-79.893525,-1.925118],[-79.894645,-1.925542],[-79.895281,-1.925885],[-79.896718,-1.926375],[-79.897347,-1.926293],[-79.897715,-1.926344],[-79.897797,-1.926543],[-79.898307,-1.92684],[-79.898184,-1.927008],[-79.898068,-1.927709],[-79.897796,-1.928371],[-79.898551,-1.928761],[-79.899595,-1.929482],[-79.900621,-1.929931],[-79.902052,-1.93071],[-79.903559,-1.931393],[-79.905199,-1.931964],[-79.905812,-1.932308],[-79.906374,-1.932491],[-79.907172,-1.932601],[-79.907934,-1.932601],[-79.908751,-1.932292],[-79.909386,-1.931799],[-79.909786,-1.931197],[-79.910222,-1.930303],[-79.910349,-1.929701],[-79.910023,-1.928715],[-79.909388,-1.92844],[-79.908597,-1.928344],[-79.907959,-1.928066],[-79.905608,-1.927276],[-79.904389,-1.926954],[-79.902241,-1.926631],[-79.90092,-1.926587],[-79.899558,-1.926077],[-79.89888,-1.92602],[-79.898799,-1.926051],[-79.89875,-1.926339],[-79.898522,-1.926482],[-79.898438,-1.926437],[-79.898411,-1.926298],[-79.898566,-1.925827],[-79.898467,-1.925629],[-79.898163,-1.925652],[-79.897967,-1.925778],[-79.897794,-1.92576],[-79.897568,-1.92543],[-79.896825,-1.925218],[-79.895639,-1.923833],[-79.89792,-1.922446],[-79.899077,-1.923396],[-79.89958,-1.923981],[-79.900277,-1.924409],[-79.900663,-1.924838],[-79.902327,-1.92556],[-79.903856,-1.925736],[-79.905946,-1.925776],[-79.907256,-1.925707],[-79.911168,-1.929262],[-79.911312,-1.929296],[-79.911299,-1.930424],[-79.911086,-1.93082],[-79.910813,-1.931746],[-79.910353,-1.932434],[-79.909577,-1.933193],[-79.909026,-1.933501],[-79.907393,-1.933839]]]},"properties":{"OBJECTID":26971,"dpa_parroq":"090656","dpa_despar":"LOS LOJAS","dpa_canton":"0906","dpa_descan":"DAULE","dpa_provin":"09","dpa_despro":"GUAYAS","dpa_anio":" ","txt":" ","fcode":" ","fcode_1":" ","descr":"AREA QUE PRESENTA CONDICIONES POTENCIALES PARA LA OCURRENCIA O NO DE UNA AMENAZA A INUNDACION","umo":"CAUCE ABANDONADO","pen":"PLANA","txs":"ARCILLOSO","ttd":"FRANCO ARCILLOSO","ith":0,"sui":"ALTA","sce":0,"st_area_sh":805274.449846,"st_length_":9689.239328,"anno":2025,"name":"LOS LOJAS"}},{"type":"Feature","id":26972,"geometry":{"type":"Polygon","coordinates":[[[-79.915646,-1.916651],[-79.914241,-1.91518],[-79.918509,-1.913618],[-79.917824,-1.91467],[-79.915646,-1.916651]]]},"properties":{"OBJECTID":26972,"dpa_parroq":"090656","dpa_despar":"LOS LOJAS","dpa_canton":"0906","dpa_descan":"DAULE","dpa_provin":"09","dpa_despro":"GUAYAS","dpa_anio":" ","txt":" ","fcode":" ","fcode_1":" ","descr":"AREA QUE PRESENTA CONDICIONES POTENCIALES PARA LA OCURRENCIA O NO DE UNA AMENAZA A INUNDACION","umo":"CAUCE ABANDONADO","pen":"PLANA","txs":"ARCILLOSO","ttd":"FRANCO ARCILLOSO","ith":0,"sui":"ALTA","sce":0,"st_area_sh":57829.4702837,"st_length_":1196.31183456,"anno":2025,"name":"LOS LOJAS"}},{"type":"Feature","id":26973,"geometry":{"type":"Polygon","coordinates":[[[-79.850665,-1.992848],[-79.850982,-1.992863],[-79.850838,-2.003237],[-79.848664,-2.002802],[-79.847773,-2.002466],[-79.847865,-2.002278],[-79.847863,-2.001731],[-79.848126,-1.999282],[-79.848149,-1.998268],[-79.84828,-1.998147],[-79.84863,-1.998016],[-79.848663,-1.997728],[-79.848786,-1.99772],[-79.848919,-1.997509],[-79.848434,-1.997209],[-79.847838,-1.997009],[-79.847794,-1.996909],[-79.847882,-1.996687],[-79.848721,-1.995822],[-79.848887,-1.995555],[-79.84902,-1.995133],[-79.849351,-1.994667],[-79.849462,-1.994412],[-79.84933,-1.993735],[-79.849385,-1.993602],[-79.84976,-1.993336],[-79.850003,-1.992981],[-79.850136,-1.992903],[-79.850665,-1.992848]]]},"properties":{"OBJECTID":26973,"dpa_parroq":"090656","dpa_despar":"LOS LOJAS","dpa_canton":"0906","dpa_descan":"DAULE","dpa_provin":"09","dpa_despro":"GUAYAS","dpa_anio":" ","txt":" ","fcode":" ","fcode_1":" ","descr":"AREA QUE PRESENTA CONDICIONES POTENCIALES PARA LA OCURRENCIA O NO DE UNA AMENAZA A INUNDACION","umo":"NIVEL ONDULADO CON PRESENCIA DE AGUA / NIVEL PLANO","pen":"MUY SUAVE","txs":"ARCILLOSO","ttd":"ARCILLOSO","ith":0,"sui":"ALTA","sce":0,"st_area_sh":300742.84359,"st_length_":2887.97877692,"anno":2025,"name":"LOS LOJAS"}},{"type":"Feature","id":26974,"geometry":{"type":"Polygon","coordinates":[[[-79.832551,-1.988042],[-79.832325,-1.987714],[-79.832478,-1.987848],[-79.83269,-1.98822],[-79.832551,-1.988042]]]},"properties":{"OBJECTID":26974,"dpa_parroq":"090656","dpa_despar":"LOS LOJAS","dpa_canton":"0906","dpa_descan":"DAULE","dpa_provin":"09","dpa_despro":"GUAYAS","dpa_anio":" ","txt":" ","fcode":" ","fcode_1":" ","descr":"AREA QUE PRESENTA CONDICIONES POTENCIALES PARA LA OCURRENCIA O NO DE UNA AMENAZA A INUNDACION","umo":"NIVEL ONDULADO CON PRESENCIA DE AGUA / NIVEL PLANO","pen":"MUY SUAVE","txs":"ARCILLOSO","ttd":"ARCILLOSO","ith":0,"sui":"ALTA","sce":0,"st_area_sh":210.990401355,"st_length_":139.101946642,"anno":2025,"name":"LOS LOJAS"}},{"type":"Feature","id":26975,"geometry":{"type":"Polygon","coordinates":[[[-79.833289,-1.963587],[-79.833572,-1.963426],[-79.833763,-1.963177],[-79.833953,-1.962775],[-79.834144,-1.962002],[-79.834315,-1.961772],[-79.834887,-1.961313],[-79.835001,-1.960892],[-79.83464,-1.960547],[-79.834107,-1.96024],[-79.834069,-1.960087],[-79.834355,-1.958977],[-79.833952,-1.958047],[-79.833667,-1.957014],[-79.833626,-1.956405],[-79.834028,-1.955341],[-79.834365,-1.953829],[-79.834609,-1.953224],[-79.834702,-1.953348],[-79.834664,-1.953635],[-79.834072,-1.955511],[-79.833996,-1.955971],[-79.834034,-1.956335],[-79.834148,-1.956603],[-79.834128,-1.9572],[-79.834242,-1.957893],[-79.83447,-1.958066],[-79.834584,-1.958525],[-79.834508,-1.958697],[-79.834603,-1.959406],[-79.83445,-1.959846],[-79.834811,-1.960038],[-79.835363,-1.960823],[-79.835096,-1.961436],[-79.834506,-1.962048],[-79.834416,-1.962297],[-79.834524,-1.962642],[-79.83441,-1.962795],[-79.834143,-1.962928],[-79.833877,-1.963464],[-79.833667,-1.963675],[-79.833324,-1.963828],[-79.832754,-1.963866],[-79.832449,-1.963846],[-79.832202,-1.963731],[-79.83184,-1.963731],[-79.831631,-1.963884],[-79.830183,-1.965989],[-79.829879,-1.966238],[-79.829294,-1.966408],[-79.829353,-1.966612],[-79.829316,-1.966927],[-79.829169,-1.967278],[-79.82915,-1.967685],[-79.828635,-1.968221],[-79.828488,-1.96861],[-79.828469,-1.968998],[-79.829663,-1.970812],[-79.829754,-1.97159],[-79.829754,-1.972367],[-79.829717,-1.973088],[-79.82933,-1.973976],[-79.829237,-1.974513],[-79.828703,-1.976289],[-79.828518,-1.977528],[-79.828565,-1.977911],[-79.828424,-1.97842],[-79.828445,-1.981002],[-79.828151,-1.981392],[-79.828253,-1.981709],[-79.828396,-1.981831],[-79.829842,-1.982087],[-79.830311,-1.982901],[-79.830569,-1.983176],[-79.830723,-1.983897],[-79.830579,-1.984474],[-79.83038,-1.984796],[-79.829729,-1.985195],[-79.82974,-1.985384],[-79.831109,-1.986129],[-79.8318,-1.986681],[-79.832563,-1.98744],[-79.832938,-1.987684],[-79.833048,-1.987651],[-79.833512,-1.987163],[-79.833943,-1.986531],[-79.833987,-1.986142],[-79.83412,-1.985853],[-79.834617,-1.985143],[-79.834871,-1.984988],[-79.835136,-1.984933],[-79.835279,-1.984789],[-79.835356,-1.984644],[-79.835379,-1.984256],[-79.835467,-1.984112],[-79.836019,-1.983612],[-79.836086,-1.983424],[-79.836108,-1.982791],[-79.836296,-1.982247],[-79.837058,-1.98157],[-79.837179,-1.981371],[-79.837235,-1.981138],[-79.837092,-1.980682],[-79.836352,-1.980515],[-79.836242,-1.980327],[-79.836386,-1.980227],[-79.83697,-1.980316],[-79.837875,-1.980683],[-79.838029,-1.980539],[-79.838041,-1.980206],[-79.83814,-1.980084],[-79.838118,-1.979506],[-79.83824,-1.97914],[-79.83856,-1.978852],[-79.838461,-1.978385],[-79.838351,-1.978208],[-79.838581,-1.9778],[-79.838696,-1.977836],[-79.838627,-1.978208],[-79.838704,-1.978308],[-79.839038,-1.978365],[-79.839082,-1.978533],[-79.838994,-1.9787],[-79.839476,-1.978435],[-79.839444,-1.978381],[-79.839895,-1.978653],[-79.838527,-1.979251],[-79.838427,-1.979518],[-79.838416,-1.980139],[-79.83825,-1.980439],[-79.838261,-1.980794],[-79.838007,-1.981116],[-79.838106,-1.981893],[-79.838039,-1.981982],[-79.837907,-1.982004],[-79.837311,-1.981859],[-79.837146,-1.981892],[-79.836704,-1.982314],[-79.836428,-1.982947],[-79.836394,-1.983491],[-79.836185,-1.983812],[-79.83582,-1.984045],[-79.83571,-1.984212],[-79.835698,-1.984811],[-79.835566,-1.985022],[-79.835014,-1.98521],[-79.834672,-1.985454],[-79.834283,-1.986033],[-79.834064,-1.986819],[-79.834373,-1.986509],[-79.834715,-1.986331],[-79.835322,-1.986409],[-79.833737,-1.987219],[-79.83269,-1.98822],[-79.832079,-1.987343],[-79.831002,-1.986418],[-79.83044,-1.986048],[-79.82955,-1.985598],[-79.82943,-1.985355],[-79.829468,-1.98512],[-79.830222,-1.984584],[-79.830342,-1.984363],[-79.830435,-1.983803],[-79.830399,-1.983499],[-79.830136,-1.982932],[-79.829736,-1.982371],[-79.829483,-1.982252],[-79.82869,-1.982196],[-79.828058,-1.981814],[-79.827957,-1.981619],[-79.827893,-1.980492],[-79.827482,-1.979214],[-79.827335,-1.97905],[-79.827665,-1.978635],[-79.828215,-1.977583],[-79.828561,-1.975851],[-79.829412,-1.972974],[-79.829415,-1.971186],[-79.829113,-1.970598],[-79.828111,-1.969693],[-79.827879,-1.96905],[-79.828246,-1.967434],[-79.828488,-1.966726],[-79.828833,-1.96635],[-79.829815,-1.966026],[-79.830137,-1.965818],[-79.83127,-1.963996],[-79.831691,-1.963565],[-79.833289,-1.963587]]]},"properties":{"OBJECTID":26975,"dpa_parroq":"090656","dpa_despar":"LOS LOJAS","dpa_canton":"0906","dpa_descan":"DAULE","dpa_provin":"09","dpa_despro":"GUAYAS","dpa_anio":" ","txt":" ","fcode":" ","fcode_1":" ","descr":"AREA QUE PRESENTA CONDICIONES POTENCIALES PARA LA OCURRENCIA O NO DE UNA AMENAZA A INUNDACION","umo":"CAUCE ABANDONADO","pen":"PLANA","txs":"FRANCO ARCILLOSO","ttd":"ARCILLOSO","ith":0,"sui":"ALTA","sce":0,"st_area_sh":249649.218987,"st_length_":13406.293224,"anno":2025,"name":"LOS LOJAS"}},{"type":"Feature","id":26976,"geometry":{"type":"Polygon","coordinates":[[[-79.848663,-1.997728],[-79.848632,-1.997525],[-79.848516,-1.997389],[-79.847864,-1.99724],[-79.847755,-1.997159],[-79.84767,-1.996843],[-79.847672,-1.996483],[-79.848029,-1.996293],[-79.848609,-1.995587],[-79.848998,-1.994423],[-79.849065,-1.993824],[-79.84922,-1.993302],[-79.849739,-1.992614],[-79.850004,-1.992448],[-79.850987,-1.992518],[-79.850982,-1.992863],[-79.850136,-1.992903],[-79.849893,-1.993103],[-79.84976,-1.993336],[-79.849385,-1.993602],[-79.84933,-1.993735],[-79.849462,-1.994412],[-79.849351,-1.994667],[-79.84902,-1.995133],[-79.848887,-1.995555],[-79.848721,-1.995822],[-79.847882,-1.996687],[-79.847794,-1.996909],[-79.847838,-1.997009],[-79.848434,-1.997209],[-79.848919,-1.997509],[-79.848786,-1.99772],[-79.848663,-1.997728]]]},"properties":{"OBJECTID":26976,"dpa_parroq":"090656","dpa_despar":"LOS LOJAS","dpa_canton":"0906","dpa_descan":"DAULE","dpa_provin":"09","dpa_despro":"GUAYAS","dpa_anio":" ","txt":" ","fcode":" ","fcode_1":" ","descr":"AREA QUE PRESENTA CONDICIONES POTENCIALES PARA LA OCURRENCIA O NO DE UNA AMENAZA A INUNDACION","umo":"CAUCE ABANDONADO","pen":"PLANA","txs":"FRANCO ARCILLOSO","ttd":"ARCILLOSO","ith":0,"sui":"ALTA","sce":0,"st_area_sh":26339.4573324,"st_length_":1721.50446276,"anno":2025,"name":"LOS LOJAS"}},{"type":"Feature","id":26977,"geometry":{"type":"Polygon","coordinates":[[[-79.855538,-1.984611],[-79.854981,-1.984563],[-79.855379,-1.983719],[-79.855626,-1.983426],[-79.855895,-1.982862],[-79.856097,-1.982794],[-79.856209,-1.982952],[-79.856209,-1.983358],[-79.855538,-1.984611]]]},"properties":{"OBJECTID":26977,"dpa_parroq":"090656","dpa_despar":"LOS LOJAS","dpa_canton":"0906","dpa_descan":"DAULE","dpa_provin":"09","dpa_despro":"GUAYAS","dpa_anio":" ","txt":" ","fcode":" ","fcode_1":" ","descr":"AREA QUE PRESENTA CONDICIONES POTENCIALES PARA LA OCURRENCIA O NO DE UNA AMENAZA A INUNDACION","umo":"CAUCE ABANDONADO","pen":"PLANA","txs":"FRANCO ARCILLOSO","ttd":"ARCILLOSO","ith":0,"sui":"ALTA","sce":0,"st_area_sh":11806.1395858,"st_length_":524.496696524,"anno":2025,"name":"LOS LOJAS"}},{"type":"Feature","id":26978,"geometry":{"type":"Polygon","coordinates":[[[-79.833574,-1.963378],[-79.833842,-1.962886],[-79.83422,-1.961721],[-79.834825,-1.961253],[-79.83488,-1.961102],[-79.834795,-1.960801],[-79.833988,-1.960368],[-79.83384,-1.960139],[-79.833955,-1.959683],[-79.834215,-1.959379],[-79.83427,-1.959161],[-79.833952,-1.958047],[-79.834355,-1.958977],[-79.834069,-1.960087],[-79.834107,-1.96024],[-79.83464,-1.960547],[-79.835001,-1.960892],[-79.834887,-1.961313],[-79.834315,-1.961772],[-79.834144,-1.962002],[-79.833953,-1.962775],[-79.833763,-1.963177],[-79.833519,-1.963442],[-79.833574,-1.963378]]]},"properties":{"OBJECTID":26978,"dpa_parroq":"090656","dpa_despar":"LOS LOJAS","dpa_canton":"0906","dpa_descan":"DAULE","dpa_provin":"09","dpa_despro":"GUAYAS","dpa_anio":" ","txt":" ","fcode":" ","fcode_1":" ","descr":"AREA QUE PRESENTA CONDICIONES POTENCIALES PARA LA OCURRENCIA O NO DE UNA AMENAZA A INUNDACION","umo":"NIVEL ONDULADO CON PRESENCIA DE AGUA / NIVEL PLANO","pen":"MUY SUAVE","txs":"ARCILLOSO","ttd":"ARCILLOSO","ith":0,"sui":"ALTA","sce":0,"st_area_sh":7465.43462298,"st_length_":1444.08572709,"anno":2025,"name":"LOS LOJAS"}},{"type":"Feature","id":26979,"geometry":{"type":"Polygon","coordinates":[[[-79.833646,-1.956944],[-79.833584,-1.956676],[-79.833626,-1.956405],[-79.833667,-1.957014],[-79.833646,-1.956944]]]},"properties":{"OBJECTID":26979,"dpa_parroq":"090656","dpa_despar":"LOS LOJAS","dpa_canton":"0906","dpa_descan":"DAULE","dpa_provin":"09","dpa_despro":"GUAYAS","dpa_anio":" ","txt":" ","fcode":" ","fcode_1":" ","descr":"AREA QUE PRESENTA CONDICIONES POTENCIALES PARA LA OCURRENCIA O NO DE UNA AMENAZA A INUNDACION","umo":"NIVEL ONDULADO CON PRESENCIA DE AGUA / NIVEL PLANO","pen":"MUY SUAVE","txs":"ARCILLOSO","ttd":"ARCILLOSO","ith":0,"sui":"ALTA","sce":0,"st_area_sh":233.767710415,"st_length_":136.334030671,"anno":2025,"name":"LOS LOJAS"}},{"type":"Feature","id":26980,"geometry":{"type":"Polygon","coordinates":[[[-79.83841,-1.93509],[-79.838607,-1.93463],[-79.838656,-1.934268],[-79.83837,-1.933073],[-79.847494,-1.9324],[-79.853455,-1.926279],[-79.854757,-1.928343],[-79.85597,-1.930781],[-79.870102,-1.931174],[-79.869964,-1.931949],[-79.869776,-1.932309],[-79.869456,-1.932649],[-79.869192,-1.933425],[-79.869146,-1.933913],[-79.869267,-1.934126],[-79.868966,-1.934712],[-79.868548,-1.935311],[-79.868308,-1.935354],[-79.867916,-1.93515],[-79.867683,-1.935316],[-79.86759,-1.935625],[-79.867233,-1.936245],[-79.867191,-1.936636],[-79.866867,-1.937095],[-79.866952,-1.938015],[-79.866485,-1.938712],[-79.866473,-1.939262],[-79.866178,-1.939922],[-79.86611,-1.940595],[-79.866177,-1.940922],[-79.865778,-1.941237],[-79.865776,-1.9416],[-79.865566,-1.9416],[-79.865442,-1.941676],[-79.864778,-1.941154],[-79.864742,-1.94119],[-79.864528,-1.941461],[-79.864475,-1.941765],[-79.864243,-1.941894],[-79.864337,-1.942337],[-79.864173,-1.94246],[-79.864214,-1.942624],[-79.864132,-1.942744],[-79.864113,-1.942994],[-79.864334,-1.943272],[-79.864104,-1.943493],[-79.864223,-1.944187],[-79.864747,-1.944215],[-79.864781,-1.944313],[-79.864748,-1.944505],[-79.864607,-1.944572],[-79.864557,-1.944831],[-79.864698,-1.944948],[-79.864548,-1.945223],[-79.864797,-1.945607],[-79.864913,-1.946008],[-79.865004,-1.946075],[-79.864954,-1.946317],[-79.865112,-1.946433],[-79.865128,-1.946751],[-79.865455,-1.947021],[-79.865478,-1.947323],[-79.865604,-1.947474],[-79.865489,-1.9481],[-79.865581,-1.948204],[-79.865873,-1.948286],[-79.866349,-1.948549],[-79.866656,-1.948781],[-79.86681,-1.949137],[-79.867025,-1.949075],[-79.86744,-1.949246],[-79.867609,-1.949478],[-79.867655,-1.949756],[-79.868023,-1.950112],[-79.868454,-1.950082],[-79.869281,-1.951278],[-79.870203,-1.952056],[-79.870699,-1.95201],[-79.871218,-1.952172],[-79.871321,-1.952462],[-79.871609,-1.952463],[-79.871794,-1.952718],[-79.87177,-1.952973],[-79.87147,-1.953356],[-79.871055,-1.953692],[-79.870871,-1.95397],[-79.870259,-1.954294],[-79.870093,-1.954512],[-79.870185,-1.954767],[-79.870104,-1.954895],[-79.869436,-1.955324],[-79.869332,-1.955579],[-79.869331,-1.955904],[-79.869504,-1.956321],[-79.870103,-1.956496],[-79.870415,-1.956252],[-79.870427,-1.955974],[-79.870496,-1.955893],[-79.870842,-1.955661],[-79.871096,-1.95536],[-79.871626,-1.955209],[-79.871845,-1.955024],[-79.872398,-1.954954],[-79.872583,-1.954653],[-79.87321,-1.954618],[-79.873749,-1.955553],[-79.873831,-1.956179],[-79.874014,-1.956605],[-79.874204,-1.957523],[-79.874361,-1.957941],[-79.87438,-1.958196],[-79.873289,-1.958582],[-79.873179,-1.958686],[-79.873143,-1.958958],[-79.873353,-1.959439],[-79.873324,-1.959514],[-79.872593,-1.959698],[-79.872383,-1.959886],[-79.872026,-1.959785],[-79.872051,-1.959891],[-79.87196,-1.960106],[-79.872534,-1.960835],[-79.872583,-1.961437],[-79.872408,-1.962115],[-79.872483,-1.962467],[-79.872183,-1.962843],[-79.871809,-1.962818],[-79.870486,-1.962315],[-79.870087,-1.962064],[-79.869289,-1.961887],[-79.868889,-1.961987],[-79.868515,-1.962414],[-79.868415,-1.96274],[-79.868439,-1.963142],[-79.868614,-1.963544],[-79.868963,-1.963921],[-79.86991,-1.965453],[-79.870304,-1.96637],[-79.869916,-1.966883],[-79.869908,-1.967067],[-79.87044,-1.967472],[-79.870562,-1.96761],[-79.870646,-1.967924],[-79.871117,-1.968353],[-79.871231,-1.968752],[-79.871566,-1.969096],[-79.871787,-1.969196],[-79.871992,-1.969618],[-79.871809,-1.969809],[-79.871801,-1.970028],[-79.872212,-1.970113],[-79.872441,-1.970312],[-79.872616,-1.970726],[-79.872547,-1.971195],[-79.872851,-1.97142],[-79.872881,-1.971522],[-79.872739,-1.971696],[-79.872486,-1.971563],[-79.872212,-1.971532],[-79.872171,-1.97144],[-79.871907,-1.971399],[-79.871724,-1.971697],[-79.871444,-1.971787],[-79.871505,-1.972201],[-79.871329,-1.972477],[-79.871093,-1.972668],[-79.870636,-1.973656],[-79.870628,-1.973939],[-79.870483,-1.974123],[-79.870689,-1.974414],[-79.870748,-1.974657],[-79.871159,-1.974972],[-79.871331,-1.97501],[-79.872214,-1.974827],[-79.872312,-1.974874],[-79.872064,-1.975344],[-79.871882,-1.975334],[-79.871826,-1.975522],[-79.871602,-1.975555],[-79.871583,-1.975635],[-79.871751,-1.975738],[-79.871868,-1.975926],[-79.871526,-1.976819],[-79.871741,-1.97688],[-79.871755,-1.976979],[-79.871699,-1.977063],[-79.871428,-1.977166],[-79.871521,-1.977383],[-79.871507,-1.977632],[-79.871199,-1.977669],[-79.871058,-1.977866],[-79.871385,-1.978007],[-79.871487,-1.978124],[-79.870848,-1.978678],[-79.870783,-1.978766],[-79.870841,-1.978948],[-79.870739,-1.979094],[-79.870304,-1.979086],[-79.869941,-1.979276],[-79.869701,-1.979626],[-79.869375,-1.979509],[-79.868896,-1.97991],[-79.868794,-1.97991],[-79.86886,-1.97964],[-79.868664,-1.97953],[-79.868885,-1.979198],[-79.868782,-1.979089],[-79.867841,-1.978792],[-79.867691,-1.978927],[-79.867574,-1.979329],[-79.867291,-1.979245],[-79.867058,-1.97906],[-79.866808,-1.979027],[-79.866758,-1.979161],[-79.866841,-1.979882],[-79.866724,-1.980066],[-79.866257,-1.980267],[-79.865513,-1.980408],[-79.865244,-1.980394],[-79.86536,-1.981088],[-79.865051,-1.981282],[-79.864886,-1.981078],[-79.864915,-1.98099],[-79.864809,-1.980747],[-79.864633,-1.980491],[-79.864551,-1.98051],[-79.862654,-1.981877],[-79.861397,-1.983177],[-79.861625,-1.983476],[-79.861577,-1.983631],[-79.861442,-1.983621],[-79.861441,-1.984215],[-79.86177,-1.9844],[-79.861741,-1.984663],[-79.861586,-1.984672],[-79.86134,-1.985113],[-79.855538,-1.984611],[-79.856209,-1.983358],[-79.856209,-1.982952],[-79.856097,-1.982794],[-79.855895,-1.982862],[-79.855626,-1.983426],[-79.855379,-1.983719],[-79.854981,-1.984563],[-79.851102,-1.984228],[-79.850987,-1.992518],[-79.850004,-1.992448],[-79.849739,-1.992614],[-79.84922,-1.993302],[-79.849065,-1.993824],[-79.849042,-1.994256],[-79.848749,-1.995184],[-79.84864,-1.995035],[-79.848781,-1.994118],[-79.848804,-1.993204],[-79.848949,-1.992717],[-79.849318,-1.992125],[-79.849337,-1.991431],[-79.849607,-1.990437],[-79.84941,-1.988953],[-79.849209,-1.988697],[-79.847166,-1.986951],[-79.846264,-1.986378],[-79.846055,-1.986339],[-79.845759,-1.986398],[-79.844458,-1.987174],[-79.843945,-1.987295],[-79.842625,-1.989179],[-79.841916,-1.989384],[-79.840146,-1.988806],[-79.839826,-1.988169],[-79.838732,-1.986408],[-79.83688,-1.984843],[-79.83616,-1.986068],[-79.835322,-1.986409],[-79.834715,-1.986331],[-79.834373,-1.986509],[-79.834064,-1.986819],[-79.834283,-1.986033],[-79.834672,-1.985454],[-79.835014,-1.98521],[-79.835566,-1.985022],[-79.835698,-1.984811],[-79.83571,-1.984212],[-79.83582,-1.984045],[-79.836185,-1.983812],[-79.836394,-1.983491],[-79.836428,-1.982947],[-79.836704,-1.982314],[-79.837146,-1.981892],[-79.837311,-1.981859],[-79.837907,-1.982004],[-79.838039,-1.981982],[-79.838106,-1.981893],[-79.838007,-1.981116],[-79.838261,-1.980794],[-79.83825,-1.980439],[-79.838416,-1.980139],[-79.838427,-1.979518],[-79.838527,-1.979251],[-79.839895,-1.978653],[-79.839444,-1.978381],[-79.839476,-1.978435],[-79.838994,-1.9787],[-79.839082,-1.978533],[-79.839038,-1.978365],[-79.838836,-1.978375],[-79.838627,-1.978208],[-79.838707,-1.977989],[-79.838655,-1.977787],[-79.838581,-1.9778],[-79.838351,-1.978208],[-79.838461,-1.978385],[-79.83856,-1.978852],[-79.83824,-1.97914],[-79.838118,-1.979506],[-79.83814,-1.980084],[-79.838041,-1.980206],[-79.838029,-1.980539],[-79.837875,-1.980683],[-79.83697,-1.980316],[-79.836386,-1.980227],[-79.836242,-1.980327],[-79.836352,-1.980515],[-79.837092,-1.980682],[-79.837235,-1.981138],[-79.837179,-1.981371],[-79.837058,-1.98157],[-79.836296,-1.982247],[-79.836108,-1.982791],[-79.836086,-1.983424],[-79.836019,-1.983612],[-79.835467,-1.984112],[-79.835379,-1.984256],[-79.835356,-1.984644],[-79.835279,-1.984789],[-79.835136,-1.984933],[-79.834871,-1.984988],[-79.834617,-1.985143],[-79.83412,-1.985853],[-79.833987,-1.986142],[-79.833943,-1.986531],[-79.833512,-1.987163],[-79.833048,-1.987651],[-79.832938,-1.987684],[-79.832563,-1.98744],[-79.8318,-1.986681],[-79.831109,-1.986129],[-79.82974,-1.985384],[-79.829729,-1.985195],[-79.83038,-1.984796],[-79.830579,-1.984474],[-79.830723,-1.983897],[-79.830569,-1.983176],[-79.830311,-1.982901],[-79.829842,-1.982087],[-79.828396,-1.981831],[-79.828253,-1.981709],[-79.828151,-1.981392],[-79.828445,-1.981002],[-79.828424,-1.97842],[-79.828565,-1.977911],[-79.828518,-1.977528],[-79.828703,-1.976289],[-79.829237,-1.974513],[-79.82933,-1.973976],[-79.829717,-1.973088],[-79.829754,-1.972367],[-79.829754,-1.97159],[-79.829663,-1.970812],[-79.828469,-1.968998],[-79.828488,-1.96861],[-79.828635,-1.968221],[-79.82915,-1.967685],[-79.829169,-1.967278],[-79.829316,-1.966927],[-79.829353,-1.966612],[-79.829294,-1.966408],[-79.829879,-1.966238],[-79.830183,-1.965989],[-79.831631,-1.963884],[-79.83184,-1.963731],[-79.832202,-1.963731],[-79.832449,-1.963846],[-79.832754,-1.963866],[-79.833324,-1.963828],[-79.833667,-1.963675],[-79.833877,-1.963464],[-79.834143,-1.962928],[-79.83441,-1.962795],[-79.834524,-1.962642],[-79.834416,-1.962297],[-79.834506,-1.962048],[-79.835096,-1.961436],[-79.835363,-1.960823],[-79.834811,-1.960038],[-79.83445,-1.959846],[-79.834603,-1.959406],[-79.834508,-1.958697],[-79.834584,-1.958525],[-79.83447,-1.958066],[-79.834242,-1.957893],[-79.834128,-1.9572],[-79.834148,-1.956603],[-79.834034,-1.956335],[-79.833996,-1.955971],[-79.834072,-1.955511],[-79.834664,-1.953635],[-79.834702,-1.953348],[-79.834609,-1.953224],[-79.835294,-1.951833],[-79.835296,-1.951531],[-79.835223,-1.951369],[-79.835078,-1.951302],[-79.834603,-1.951406],[-79.834146,-1.951303],[-79.833607,-1.950102],[-79.833493,-1.949316],[-79.832768,-1.948732],[-79.832824,-1.94852],[-79.833578,-1.948127],[-79.833876,-1.947071],[-79.833869,-1.94597],[-79.834018,-1.94551],[-79.834061,-1.945088],[-79.833979,-1.944805],[-79.833607,-1.944362],[-79.83353,-1.944118],[-79.833732,-1.943825],[-79.834912,-1.943595],[-79.835601,-1.942983],[-79.836124,-1.942768],[-79.836843,-1.942688],[-79.837034,-1.942507],[-79.837291,-1.941348],[-79.837276,-1.941132],[-79.836723,-1.940391],[-79.836551,-1.939605],[-79.836293,-1.938896],[-79.836312,-1.938535],[-79.836467,-1.938018],[-79.836982,-1.937224],[-79.836949,-1.936568],[-79.837049,-1.936144],[-79.837241,-1.935953],[-79.837917,-1.935736],[-79.83841,-1.93509]]]},"properties":{"OBJECTID":26980,"dpa_parroq":"090656","dpa_despar":"LOS LOJAS","dpa_canton":"0906","dpa_descan":"DAULE","dpa_provin":"09","dpa_despro":"GUAYAS","dpa_anio":" ","txt":" ","fcode":" ","fcode_1":" ","descr":"AREA QUE PRESENTA CONDICIONES POTENCIALES PARA LA OCURRENCIA O NO DE UNA AMENAZA A INUNDACION","umo":"NIVEL ONDULADO CON PRESENCIA DE AGUA / NIVEL PLANO","pen":"MUY SUAVE","txs":"ARCILLOSO","ttd":"ARCILLOSO","ith":0,"sui":"ALTA","sce":0,"st_area_sh":24315516.659,"st_length_":31641.6958016,"anno":2025,"name":"LOS LOJAS"}},{"type":"Feature","id":26981,"geometry":{"type":"Polygon","coordinates":[[[-79.902327,-1.92556],[-79.900663,-1.924838],[-79.900277,-1.924409],[-79.89958,-1.923981],[-79.899077,-1.923396],[-79.89792,-1.922446],[-79.901364,-1.920352],[-79.907256,-1.925707],[-79.905946,-1.925776],[-79.903856,-1.925736],[-79.902327,-1.92556]]]},"properties":{"OBJECTID":26981,"dpa_parroq":"090656","dpa_despar":"LOS LOJAS","dpa_canton":"0906","dpa_descan":"DAULE","dpa_provin":"09","dpa_despro":"GUAYAS","dpa_anio":" ","txt":" ","fcode":" ","fcode_1":" ","descr":"AREA QUE PRESENTA CONDICIONES POTENCIALES PARA LA OCURRENCIA O NO DE UNA AMENAZA A INUNDACION","umo":"NIVEL ONDULADO CON PRESENCIA DE AGUA / NIVEL PLANO","pen":"MUY SUAVE","txs":"ARCILLOSO","ttd":"ARCILLOSO","ith":0,"sui":"ALTA","sce":0,"st_area_sh":296518.872439,"st_length_":2488.19604084,"anno":2025,"name":"LOS LOJAS"}},{"type":"Feature","id":26983,"geometry":{"type":"Polygon","coordinates":[[[-79.937008,-1.910997],[-79.937337,-1.910785],[-79.937768,-1.910294],[-79.938002,-1.910146],[-79.938969,-1.910949],[-79.939476,-1.911097],[-79.940085,-1.911129],[-79.94065,-1.91105],[-79.941328,-1.910742],[-79.942839,-1.910365],[-79.942999,-1.910458],[-79.943441,-1.911089],[-79.944626,-1.91138],[-79.944995,-1.91152],[-79.945354,-1.91178],[-79.945569,-1.912206],[-79.945694,-1.912843],[-79.946008,-1.913368],[-79.946302,-1.913481],[-79.946997,-1.913578],[-79.947128,-1.913691],[-79.94745,-1.914725],[-79.947557,-1.915623],[-79.947215,-1.917002],[-79.947221,-1.917966],[-79.946873,-1.91894],[-79.946847,-1.919274],[-79.946943,-1.91969],[-79.946824,-1.920208],[-79.94652,-1.920741],[-79.946134,-1.921142],[-79.945989,-1.921174],[-79.945995,-1.921526],[-79.946115,-1.921753],[-79.946386,-1.921993],[-79.947163,-1.922449],[-79.947516,-1.922761],[-79.948845,-1.923166],[-79.948876,-1.923372],[-79.94863,-1.923911],[-79.948511,-1.924396],[-79.948567,-1.924981],[-79.948767,-1.925283],[-79.948942,-1.925414],[-79.949233,-1.925458],[-79.94985,-1.926006],[-79.950109,-1.926611],[-79.949993,-1.926658],[-79.950154,-1.926758],[-79.950281,-1.92721],[-79.950259,-1.927423],[-79.950372,-1.927686],[-79.950423,-1.928719],[-79.95083,-1.92938],[-79.950737,-1.929728],[-79.950261,-1.930684],[-79.94972,-1.931269],[-79.949424,-1.931826],[-79.9494,-1.932206],[-79.949705,-1.933142],[-79.949605,-1.934364],[-79.949904,-1.936815],[-79.949849,-1.937],[-79.949444,-1.93727],[-79.949196,-1.93774],[-79.949169,-1.937951],[-79.949255,-1.938302],[-79.949841,-1.938738],[-79.950047,-1.938974],[-79.950031,-1.939507],[-79.949793,-1.939487],[-79.949967,-1.939701],[-79.949915,-1.940078],[-79.949959,-1.940277],[-79.950261,-1.940632],[-79.950875,-1.940981],[-79.951343,-1.942128],[-79.950981,-1.942358],[-79.950504,-1.942395],[-79.950137,-1.942624],[-79.949798,-1.942486],[-79.949317,-1.942958],[-79.948703,-1.942687],[-79.948281,-1.942826],[-79.94753,-1.942742],[-79.948263,-1.942947],[-79.948817,-1.942863],[-79.949112,-1.943078],[-79.949305,-1.943104],[-79.949788,-1.942656],[-79.950108,-1.942877],[-79.950451,-1.942596],[-79.950893,-1.942574],[-79.951429,-1.942392],[-79.951967,-1.942811],[-79.952411,-1.943045],[-79.953394,-1.943164],[-79.953908,-1.943051],[-79.954422,-1.942783],[-79.955046,-1.942746],[-79.955569,-1.94292],[-79.956006,-1.943427],[-79.956036,-1.943554],[-79.956438,-1.943799],[-79.956738,-1.943866],[-79.957151,-1.943724],[-79.957804,-1.943127],[-79.958329,-1.943179],[-79.959242,-1.942902],[-79.959513,-1.942911],[-79.959574,-1.943243],[-79.959454,-1.944127],[-79.959602,-1.944888],[-79.959879,-1.945449],[-79.959872,-1.945592],[-79.960003,-1.945624],[-79.960158,-1.945874],[-79.960354,-1.945924],[-79.961158,-1.945679],[-79.961425,-1.945339],[-79.961438,-1.945199],[-79.961977,-1.945245],[-79.962328,-1.945474],[-79.962472,-1.945661],[-79.962559,-1.946456],[-79.962951,-1.947335],[-79.963709,-1.948566],[-79.964432,-1.949443],[-79.96453,-1.949866],[-79.964409,-1.950079],[-79.963998,-1.950372],[-79.962937,-1.95072],[-79.962909,-1.950893],[-79.962744,-1.951119],[-79.962614,-1.95118],[-79.962665,-1.95135],[-79.962566,-1.951481],[-79.962601,-1.95193],[-79.962688,-1.952177],[-79.962936,-1.95239],[-79.963058,-1.952603],[-79.963341,-1.952793],[-79.963419,-1.953108],[-79.963424,-1.953897],[-79.963589,-1.954368],[-79.964839,-1.955587],[-79.965224,-1.956321],[-79.965382,-1.956449],[-79.965672,-1.956934],[-79.965819,-1.957252],[-79.965868,-1.957608],[-79.965645,-1.957732],[-79.964551,-1.957669],[-79.964043,-1.957751],[-79.963728,-1.958104],[-79.963624,-1.958679],[-79.963464,-1.958807],[-79.962891,-1.958542],[-79.962581,-1.958278],[-79.961358,-1.958265],[-79.96071,-1.958688],[-79.960616,-1.959045],[-79.960363,-1.959252],[-79.960091,-1.959173],[-79.959984,-1.959069],[-79.959885,-1.958433],[-79.959643,-1.958071],[-79.959635,-1.958227],[-79.9598,-1.958688],[-79.95978,-1.958866],[-79.959426,-1.958848],[-79.95901,-1.959215],[-79.958585,-1.959444],[-79.957819,-1.959351],[-79.956662,-1.959615],[-79.956309,-1.960076],[-79.955538,-1.960457],[-79.954552,-1.961189],[-79.954301,-1.961537],[-79.954309,-1.96168],[-79.955244,-1.960805],[-79.956407,-1.960181],[-79.956711,-1.959829],[-79.956924,-1.959717],[-79.95785,-1.959487],[-79.958531,-1.959686],[-79.959485,-1.959224],[-79.959736,-1.959269],[-79.960115,-1.95955],[-79.960529,-1.959525],[-79.959822,-1.960104],[-79.959392,-1.960306],[-79.958783,-1.960421],[-79.958403,-1.960688],[-79.958107,-1.961079],[-79.957564,-1.961279],[-79.956947,-1.961112],[-79.956659,-1.961144],[-79.956427,-1.961285],[-79.956087,-1.961718],[-79.955828,-1.962359],[-79.95577,-1.962965],[-79.955885,-1.963203],[-79.955956,-1.963629],[-79.955813,-1.964004],[-79.954529,-1.965446],[-79.954528,-1.965727],[-79.954392,-1.966152],[-79.954119,-1.966426],[-79.953423,-1.966564],[-79.953093,-1.966879],[-79.952333,-1.968034],[-79.952204,-1.968704],[-79.952304,-1.969404],[-79.951938,-1.969894],[-79.951751,-1.970457],[-79.951865,-1.971149],[-79.951758,-1.971409],[-79.951485,-1.971618],[-79.95077,-1.971798],[-79.950553,-1.972493],[-79.950481,-1.97319],[-79.949935,-1.97417],[-79.949779,-1.9742],[-79.949548,-1.974086],[-79.94965,-1.973962],[-79.949359,-1.973865],[-79.949141,-1.973879],[-79.948743,-1.97438],[-79.948683,-1.974366],[-79.948669,-1.974483],[-79.948837,-1.974613],[-79.948181,-1.975524],[-79.94781,-1.975665],[-79.947556,-1.975668],[-79.947687,-1.975751],[-79.947668,-1.975833],[-79.947515,-1.975976],[-79.947276,-1.976745],[-79.947172,-1.976808],[-79.947104,-1.977029],[-79.946549,-1.977014],[-79.946385,-1.977262],[-79.946019,-1.977325],[-79.946056,-1.97761],[-79.945714,-1.977576],[-79.945684,-1.977715],[-79.94603,-1.977835],[-79.946269,-1.978188],[-79.946362,-1.978049],[-79.946448,-1.978128],[-79.946574,-1.977956],[-79.94676,-1.978117],[-79.947184,-1.977294],[-79.947358,-1.977332],[-79.94772,-1.976855],[-79.947596,-1.977256],[-79.94695,-1.978143],[-79.946484,-1.97913],[-79.946147,-1.979455],[-79.945867,-1.979498],[-79.945322,-1.979259],[-79.944971,-1.979324],[-79.944641,-1.979677],[-79.944605,-1.980088],[-79.944791,-1.980745],[-79.945558,-1.981258],[-79.945515,-1.981459],[-79.945321,-1.98169],[-79.944848,-1.98174],[-79.944539,-1.981668],[-79.944325,-1.981264],[-79.943867,-1.979929],[-79.944089,-1.979244],[-79.943774,-1.978797],[-79.943653,-1.977953],[-79.943488,-1.977578],[-79.943058,-1.977253],[-79.941768,-1.976552],[-79.941116,-1.976465],[-79.940442,-1.976472],[-79.939861,-1.976566],[-79.938972,-1.977092],[-79.938735,-1.977567],[-79.938441,-1.977769],[-79.938011,-1.977985],[-79.937724,-1.977935],[-79.937552,-1.977552],[-79.937624,-1.977069],[-79.937962,-1.976197],[-79.938163,-1.97518],[-79.9381,-1.972504],[-79.9379,-1.971912],[-79.937642,-1.971681],[-79.937191,-1.97158],[-79.936739,-1.970793],[-79.936532,-1.969567],[-79.936317,-1.969271],[-79.935321,-1.969033],[-79.935042,-1.968802],[-79.935006,-1.968289],[-79.935473,-1.967792],[-79.935623,-1.967504],[-79.935487,-1.966919],[-79.934821,-1.966392],[-79.934714,-1.965815],[-79.934628,-1.965693],[-79.934394,-1.965699],[-79.934133,-1.965851],[-79.933839,-1.966175],[-79.933712,-1.966459],[-79.933208,-1.966968],[-79.932634,-1.967928],[-79.932202,-1.968439],[-79.931545,-1.968714],[-79.930326,-1.969886],[-79.929528,-1.970506],[-79.928531,-1.97111],[-79.926385,-1.972979],[-79.924981,-1.974609],[-79.923859,-1.975744],[-79.923027,-1.977172],[-79.922644,-1.977545],[-79.922119,-1.97778],[-79.921394,-1.977962],[-79.920611,-1.978319],[-79.919877,-1.97902],[-79.919009,-1.980123],[-79.918101,-1.980999],[-79.917448,-1.981461],[-79.915302,-1.982575],[-79.914858,-1.982879],[-79.914632,-1.983161],[-79.913944,-1.983701],[-79.913462,-1.983884],[-79.912268,-1.984123],[-79.911764,-1.984573],[-79.911719,-1.985823],[-79.911602,-1.986038],[-79.911263,-1.986281],[-79.911069,-1.986354],[-79.910513,-1.986305],[-79.909633,-1.986543],[-79.908988,-1.986567],[-79.908079,-1.986141],[-79.90766,-1.986179],[-79.907353,-1.986108],[-79.906757,-1.985416],[-79.906142,-1.984939],[-79.905522,-1.984873],[-79.905573,-1.984674],[-79.9068,-1.984306],[-79.909432,-1.983073],[-79.912228,-1.98074],[-79.912835,-1.979896],[-79.912454,-1.97823],[-79.912109,-1.977696],[-79.910562,-1.976659],[-79.909037,-1.976219],[-79.907166,-1.976218],[-79.906346,-1.976393],[-79.900326,-1.981159],[-79.898979,-1.98176],[-79.897915,-1.981896],[-79.896563,-1.981766],[-79.895449,-1.981417],[-79.89417,-1.981359],[-79.893942,-1.981261],[-79.893549,-1.980564],[-79.893305,-1.979863],[-79.893211,-1.979087],[-79.893269,-1.978216],[-79.893514,-1.977345],[-79.893759,-1.976721],[-79.894192,-1.976002],[-79.894757,-1.975302],[-79.89551,-1.974753],[-79.897317,-1.974054],[-79.898314,-1.973865],[-79.899631,-1.973469],[-79.900573,-1.972939],[-79.90142,-1.972088],[-79.902644,-1.970612],[-79.903096,-1.969571],[-79.903209,-1.968946],[-79.903154,-1.96694],[-79.902986,-1.965444],[-79.903024,-1.964232],[-79.902874,-1.963702],[-79.902104,-1.96213],[-79.902029,-1.961714],[-79.902614,-1.959291],[-79.902878,-1.958401],[-79.903123,-1.957853],[-79.904045,-1.956717],[-79.904497,-1.956244],[-79.905024,-1.955904],[-79.905363,-1.955506],[-79.905533,-1.954787],[-79.905515,-1.953765],[-79.905233,-1.95244],[-79.904632,-1.951152],[-79.904125,-1.950602],[-79.903771,-1.950331],[-79.903069,-1.949489],[-79.902401,-1.948041],[-79.900564,-1.94491],[-79.900029,-1.943631],[-79.899996,-1.942756],[-79.899806,-1.941897],[-79.899524,-1.941499],[-79.899172,-1.940321],[-79.897763,-1.937153],[-79.897763,-1.936344],[-79.89789,-1.935995],[-79.897676,-1.935003],[-79.89651,-1.933147],[-79.896003,-1.932863],[-79.894949,-1.932616],[-79.893783,-1.932578],[-79.891995,-1.932633],[-79.891694,-1.93286],[-79.890997,-1.934034],[-79.890583,-1.934317],[-79.890225,-1.934355],[-79.889924,-1.934146],[-79.889379,-1.934014],[-79.886744,-1.934163],[-79.88633,-1.93439],[-79.885408,-1.935374],[-79.88505,-1.935582],[-79.884843,-1.935563],[-79.883978,-1.934408],[-79.883753,-1.933328],[-79.883904,-1.932912],[-79.884168,-1.932609],[-79.884695,-1.932326],[-79.886334,-1.931625],[-79.890061,-1.931728],[-79.889857,-1.927349],[-79.890652,-1.926866],[-79.891058,-1.926878],[-79.892206,-1.927143],[-79.892851,-1.927366],[-79.896849,-1.929757],[-79.898087,-1.930745],[-79.899892,-1.93181],[-79.902111,-1.932798],[-79.903248,-1.933068],[-79.903395,-1.932783],[-79.905716,-1.933464],[-79.906321,-1.933776],[-79.907393,-1.933839],[-79.908168,-1.933716],[-79.909026,-1.933501],[-79.909577,-1.933193],[-79.910353,-1.932434],[-79.910813,-1.931746],[-79.911086,-1.93082],[-79.911299,-1.930424],[-79.911312,-1.929296],[-79.916474,-1.930507],[-79.918533,-1.925311],[-79.917188,-1.918267],[-79.915646,-1.916651],[-79.917824,-1.91467],[-79.918509,-1.913618],[-79.920498,-1.912891],[-79.920439,-1.913269],[-79.920575,-1.913515],[-79.921413,-1.91345],[-79.922219,-1.913478],[-79.92223,-1.913714],[-79.921799,-1.914474],[-79.921598,-1.914436],[-79.921369,-1.914189],[-79.920923,-1.91426],[-79.920907,-1.914802],[-79.920478,-1.915649],[-79.92026,-1.915613],[-79.920035,-1.915255],[-79.918127,-1.914823],[-79.918069,-1.91518],[-79.918265,-1.915487],[-79.918424,-1.915589],[-79.918446,-1.916064],[-79.918591,-1.916174],[-79.918554,-1.916575],[-79.918366,-1.916787],[-79.918423,-1.917042],[-79.918721,-1.917167],[-79.919047,-1.917466],[-79.919178,-1.917751],[-79.919678,-1.917883],[-79.920048,-1.917876],[-79.92023,-1.917803],[-79.920898,-1.917285],[-79.920956,-1.917139],[-79.921108,-1.917037],[-79.921797,-1.917782],[-79.921964,-1.918052],[-79.922007,-1.918549],[-79.92191,-1.919529],[-79.921958,-1.919724],[-79.922142,-1.919919],[-79.922471,-1.920065],[-79.923419,-1.920046],[-79.923651,-1.920436],[-79.924222,-1.920456],[-79.925188,-1.922024],[-79.925749,-1.923163],[-79.925971,-1.923299],[-79.927993,-1.92332],[-79.928196,-1.923213],[-79.928313,-1.923048],[-79.92871,-1.922191],[-79.928991,-1.921335],[-79.929105,-1.920527],[-79.929217,-1.920392],[-79.929554,-1.920475],[-79.929711,-1.920083],[-79.930916,-1.919956],[-79.931343,-1.919979],[-79.933064,-1.920545],[-79.933535,-1.920764],[-79.933843,-1.920577],[-79.933968,-1.920306],[-79.93401,-1.919303],[-79.933927,-1.919157],[-79.933283,-1.919073],[-79.93318,-1.918926],[-79.933118,-1.917714],[-79.93395,-1.915709],[-79.934137,-1.915395],[-79.934407,-1.915375],[-79.934573,-1.915124],[-79.934761,-1.914288],[-79.934948,-1.9141],[-79.935737,-1.913955],[-79.936069,-1.913809],[-79.936319,-1.913579],[-79.936485,-1.912994],[-79.936485,-1.912618],[-79.936403,-1.912367],[-79.936174,-1.912137],[-79.936112,-1.911865],[-79.936211,-1.91068],[-79.936785,-1.911026],[-79.937008,-1.910997]],[[-79.945212,-1.971365],[-79.945624,-1.971097],[-79.946048,-1.970519],[-79.946298,-1.970361],[-79.946728,-1.969824],[-79.946746,-1.969515],[-79.946601,-1.969298],[-79.946119,-1.969199],[-79.945416,-1.969508],[-79.945155,-1.969718],[-79.944876,-1.970279],[-79.944638,-1.970407],[-79.944591,-1.970518],[-79.944643,-1.970605],[-79.944498,-1.970821],[-79.944544,-1.971114],[-79.94498,-1.971406],[-79.945212,-1.971365]]]},"properties":{"OBJECTID":26983,"dpa_parroq":"090656","dpa_despar":"LOS LOJAS","dpa_canton":"0906","dpa_descan":"DAULE","dpa_provin":"09","dpa_despro":"GUAYAS","dpa_anio":" ","txt":" ","fcode":" ","fcode_1":" ","descr":"AREA QUE PRESENTA CONDICIONES POTENCIALES PARA LA OCURRENCIA O NO DE UNA AMENAZA A INUNDACION","umo":"NIVEL ONDULADO CON PRESENCIA DE AGUA / NIVEL PLANO","pen":"MUY SUAVE","txs":"ARCILLOSO","ttd":"ARCILLOSO","ith":0,"sui":"ALTA","sce":0,"st_area_sh":37143748.4651,"st_length_":48193.2335525,"anno":2025,"name":"LOS LOJAS"}},{"type":"Feature","id":26986,"geometry":{"type":"Polygon","coordinates":[[[-79.955259,-2.009714],[-79.955561,-2.008179],[-79.955721,-2.008279],[-79.955869,-2.009892],[-79.956254,-2.009843],[-79.956281,-2.011364],[-79.956171,-2.012231],[-79.95595,-2.012931],[-79.955009,-2.014193],[-79.954611,-2.01453],[-79.952997,-2.016416],[-79.952761,-2.016796],[-79.952412,-2.017082],[-79.951365,-2.018236],[-79.950768,-2.01876],[-79.949955,-2.019273],[-79.94927,-2.019566],[-79.948882,-2.019637],[-79.947754,-2.019645],[-79.946778,-2.01938],[-79.946285,-2.019125],[-79.945268,-2.018411],[-79.945183,-2.018202],[-79.944269,-2.017364],[-79.94393,-2.017197],[-79.941679,-2.015634],[-79.941106,-2.015525],[-79.940714,-2.015342],[-79.939863,-2.015205],[-79.938845,-2.015276],[-79.938054,-2.015631],[-79.937768,-2.01588],[-79.937418,-2.016018],[-79.937301,-2.016143],[-79.936774,-2.017209],[-79.936672,-2.017792],[-79.936407,-2.0181],[-79.936095,-2.019173],[-79.935972,-2.019958],[-79.935969,-2.020794],[-79.935412,-2.019359],[-79.93502,-2.017851],[-79.935095,-2.017229],[-79.936182,-2.016042],[-79.936501,-2.015552],[-79.936951,-2.015043],[-79.937551,-2.014629],[-79.939313,-2.013801],[-79.93963,-2.013793],[-79.93962,-2.013901],[-79.939863,-2.013894],[-79.939895,-2.01404],[-79.940245,-2.014224],[-79.940655,-2.014109],[-79.941024,-2.014121],[-79.941054,-2.014213],[-79.941155,-2.014234],[-79.941157,-2.014554],[-79.94128,-2.014563],[-79.941288,-2.01421],[-79.94173,-2.014154],[-79.941985,-2.014289],[-79.942008,-2.0141],[-79.942298,-2.014108],[-79.942436,-2.014195],[-79.943469,-2.014113],[-79.943509,-2.014555],[-79.94407,-2.014567],[-79.943997,-2.014302],[-79.94407,-2.014278],[-79.944159,-2.014043],[-79.94428,-2.014064],[-79.945,-2.013727],[-79.945018,-2.013571],[-79.945179,-2.013372],[-79.945148,-2.013123],[-79.94487,-2.012866],[-79.945602,-2.013122],[-79.946389,-2.013812],[-79.946656,-2.013858],[-79.946875,-2.01424],[-79.946989,-2.014814],[-79.947007,-2.015408],[-79.94714,-2.01581],[-79.947692,-2.016251],[-79.948624,-2.016826],[-79.949252,-2.016979],[-79.950223,-2.016999],[-79.95087,-2.016732],[-79.951365,-2.016349],[-79.952165,-2.015411],[-79.952952,-2.014887],[-79.95327,-2.014499],[-79.953912,-2.014118],[-79.954481,-2.013619],[-79.955258,-2.011905],[-79.955259,-2.009714]]]},"properties":{"OBJECTID":26986,"dpa_parroq":"090656","dpa_despar":"LOS LOJAS","dpa_canton":"0906","dpa_descan":"DAULE","dpa_provin":"09","dpa_despro":"GUAYAS","dpa_anio":" ","txt":" ","fcode":" ","fcode_1":" ","descr":"AREA QUE PRESENTA CONDICIONES POTENCIALES PARA LA OCURRENCIA O NO DE UNA AMENAZA A INUNDACION","umo":"DIQUE O BANCO ALUVIAL","pen":"PLANA","txs":"FRANCO ARCILLOSO","ttd":"ARCILLOSO","ith":0,"sui":"ALTA","sce":0,"st_area_sh":642539.338647,"st_length_":7802.07632394,"anno":2025,"name":"LOS LOJAS"}},{"type":"Feature","id":26987,"geometry":{"type":"Polygon","coordinates":[[[-79.961795,-2.000656],[-79.961848,-1.999225],[-79.962213,-1.998597],[-79.963706,-1.996608],[-79.964993,-1.995685],[-79.964805,-1.996962],[-79.964476,-1.998084],[-79.963785,-1.999454],[-79.963101,-2.000059],[-79.961733,-2.000856],[-79.961795,-2.000656]]]},"properties":{"OBJECTID":26987,"dpa_parroq":"090656","dpa_despar":"LOS LOJAS","dpa_canton":"0906","dpa_descan":"DAULE","dpa_provin":"09","dpa_despro":"GUAYAS","dpa_anio":" ","txt":" ","fcode":" ","fcode_1":" ","descr":"AREA QUE PRESENTA CONDICIONES POTENCIALES PARA LA OCURRENCIA O NO DE UNA AMENAZA A INUNDACION","umo":"DIQUE O BANCO ALUVIAL","pen":"PLANA","txs":"FRANCO ARCILLOSO","ttd":"ARCILLOSO","ith":0,"sui":"ALTA","sce":0,"st_area_sh":86006.1940627,"st_length_":1432.29611166,"anno":2025,"name":"LOS LOJAS"}},{"type":"Feature","id":26988,"geometry":{"type":"Polygon","coordinates":[[[-79.982818,-1.97933],[-79.982637,-1.979123],[-79.982269,-1.978089],[-79.982128,-1.977468],[-79.981841,-1.976831],[-79.981815,-1.976446],[-79.981949,-1.976301],[-79.982666,-1.976935],[-79.982659,-1.977073],[-79.982778,-1.977169],[-79.982707,-1.977247],[-79.982822,-1.977723],[-79.982837,-1.978448],[-79.982939,-1.978905],[-79.982849,-1.979401],[-79.982818,-1.97933]]]},"properties":{"OBJECTID":26988,"dpa_parroq":"090656","dpa_despar":"LOS LOJAS","dpa_canton":"0906","dpa_descan":"DAULE","dpa_provin":"09","dpa_despro":"GUAYAS","dpa_anio":" ","txt":" ","fcode":" ","fcode_1":" ","descr":"AREA QUE PRESENTA CONDICIONES POTENCIALES PARA LA OCURRENCIA O NO DE UNA AMENAZA A INUNDACION","umo":"DIQUE O BANCO ALUVIAL","pen":"PLANA","txs":"FRANCO ARCILLOSO","ttd":"ARCILLOSO","ith":0,"sui":"ALTA","sce":0,"st_area_sh":18694.8797063,"st_length_":764.713082308,"anno":2025,"name":"LOS LOJAS"}},{"type":"Feature","id":26989,"geometry":{"type":"Polygon","coordinates":[[[-79.974066,-1.9663],[-79.974401,-1.96621],[-79.975378,-1.966343],[-79.976075,-1.966617],[-79.97727,-1.966866],[-79.978596,-1.967524],[-79.97969,-1.967672],[-79.9802,-1.967658],[-79.980568,-1.967561],[-79.981257,-1.967014],[-79.981477,-1.96659],[-79.981833,-1.966399],[-79.982738,-1.966375],[-79.983231,-1.966535],[-79.983584,-1.966538],[-79.984119,-1.966794],[-79.983975,-1.967017],[-79.982147,-1.968319],[-79.980881,-1.96978],[-79.980673,-1.969936],[-79.980528,-1.970323],[-79.980091,-1.971045],[-79.979985,-1.971468],[-79.979719,-1.972005],[-79.979617,-1.972468],[-79.979668,-1.973244],[-79.979839,-1.973871],[-79.979938,-1.973946],[-79.979964,-1.974206],[-79.980366,-1.974674],[-79.980626,-1.974868],[-79.980721,-1.975047],[-79.980428,-1.975103],[-79.980348,-1.975184],[-79.980011,-1.9752],[-79.979739,-1.975581],[-79.979745,-1.974933],[-79.979411,-1.974372],[-79.979134,-1.973558],[-79.979123,-1.971546],[-79.979799,-1.969323],[-79.981212,-1.967935],[-79.981156,-1.967708],[-79.97833,-1.968417],[-79.976279,-1.968446],[-79.974901,-1.968291],[-79.973648,-1.967763],[-79.973553,-1.966816],[-79.973744,-1.966536],[-79.974066,-1.9663]]]},"properties":{"OBJECTID":26989,"dpa_parroq":"090656","dpa_despar":"LOS LOJAS","dpa_canton":"0906","dpa_descan":"DAULE","dpa_provin":"09","dpa_despro":"GUAYAS","dpa_anio":" ","txt":" ","fcode":" ","fcode_1":" ","descr":"AREA QUE PRESENTA CONDICIONES POTENCIALES PARA LA OCURRENCIA O NO DE UNA AMENAZA A INUNDACION","umo":"DIQUE O BANCO ALUVIAL","pen":"PLANA","txs":"FRANCO ARCILLOSO","ttd":"ARCILLOSO","ith":0,"sui":"ALTA","sce":0,"st_area_sh":238094.927891,"st_length_":4510.90339471,"anno":2025,"name":"LOS LOJAS"}},{"type":"Feature","id":26990,"geometry":{"type":"Polygon","coordinates":[[[-79.92608,-1.910848],[-79.934339,-1.907825],[-79.934327,-1.908065],[-79.934539,-1.90838],[-79.934711,-1.908558],[-79.935527,-1.909074],[-79.9358,-1.909467],[-79.936083,-1.910461],[-79.936211,-1.91068],[-79.936112,-1.911865],[-79.936174,-1.912137],[-79.936403,-1.912367],[-79.936485,-1.912618],[-79.936485,-1.912994],[-79.936319,-1.913579],[-79.936069,-1.913809],[-79.935737,-1.913955],[-79.934948,-1.9141],[-79.934761,-1.914288],[-79.934573,-1.915124],[-79.934407,-1.915375],[-79.934137,-1.915395],[-79.93395,-1.915709],[-79.933118,-1.917714],[-79.93318,-1.918926],[-79.933283,-1.919073],[-79.933927,-1.919157],[-79.93401,-1.919303],[-79.933968,-1.920306],[-79.933843,-1.920577],[-79.933535,-1.920764],[-79.933064,-1.920545],[-79.931343,-1.919979],[-79.930916,-1.919956],[-79.929711,-1.920083],[-79.929554,-1.920475],[-79.929217,-1.920392],[-79.929105,-1.920527],[-79.928991,-1.921335],[-79.92871,-1.922191],[-79.928313,-1.923048],[-79.928196,-1.923213],[-79.927993,-1.92332],[-79.925971,-1.923299],[-79.925749,-1.923163],[-79.925188,-1.922024],[-79.924222,-1.920456],[-79.923651,-1.920436],[-79.923419,-1.920046],[-79.922471,-1.920065],[-79.922142,-1.919919],[-79.921958,-1.919724],[-79.92191,-1.919529],[-79.922007,-1.918549],[-79.921964,-1.918052],[-79.921195,-1.917095],[-79.921108,-1.917037],[-79.920956,-1.917139],[-79.920898,-1.917285],[-79.92023,-1.917803],[-79.920048,-1.917876],[-79.919678,-1.917883],[-79.919178,-1.917751],[-79.919047,-1.917466],[-79.918721,-1.917167],[-79.918423,-1.917042],[-79.918366,-1.916787],[-79.918554,-1.916575],[-79.918591,-1.916174],[-79.918446,-1.916064],[-79.918424,-1.915589],[-79.918265,-1.915487],[-79.918069,-1.91518],[-79.918091,-1.914866],[-79.918222,-1.914823],[-79.920035,-1.915255],[-79.92026,-1.915613],[-79.920478,-1.915649],[-79.920907,-1.914802],[-79.920923,-1.91426],[-79.921369,-1.914189],[-79.921598,-1.914436],[-79.921799,-1.914474],[-79.92223,-1.913714],[-79.922219,-1.913478],[-79.922132,-1.913467],[-79.920575,-1.913515],[-79.920439,-1.913269],[-79.920498,-1.912891],[-79.92608,-1.910848]]]},"properties":{"OBJECTID":26990,"dpa_parroq":"090656","dpa_despar":"LOS LOJAS","dpa_canton":"0906","dpa_descan":"DAULE","dpa_provin":"09","dpa_despro":"GUAYAS","dpa_anio":" ","txt":" ","fcode":" ","fcode_1":" ","descr":"AREA QUE PRESENTA CONDICIONES POTENCIALES PARA LA OCURRENCIA O NO DE UNA AMENAZA A INUNDACION","umo":"NIVEL ONDULADO CON PRESENCIA DE AGUA / NIVEL PLANO","pen":"PLANA","txs":"ARCILLOSO","ttd":"ARCILLOSO","ith":0,"sui":"ALTA","sce":0,"st_area_sh":1890732.10953,"st_length_":7141.49781024,"anno":2025,"name":"LOS LOJAS"}},{"type":"Feature","id":26991,"geometry":{"type":"Polygon","coordinates":[[[-79.96438,-1.957992],[-79.964758,-1.957993],[-79.965302,-1.958112],[-79.96633,-1.958044],[-79.966701,-1.958163],[-79.967323,-1.958203],[-79.967535,-1.95833],[-79.967722,-1.958554],[-79.968484,-1.959962],[-79.969785,-1.961241],[-79.971275,-1.962234],[-79.971394,-1.962418],[-79.971524,-1.962907],[-79.971527,-1.964011],[-79.971599,-1.964297],[-79.971953,-1.964984],[-79.972361,-1.965454],[-79.972539,-1.965943],[-79.972858,-1.966138],[-79.973403,-1.966112],[-79.9735,-1.966013],[-79.97354,-1.966107],[-79.973825,-1.966051],[-79.974401,-1.96621],[-79.974066,-1.9663],[-79.973744,-1.966536],[-79.973553,-1.966816],[-79.973648,-1.967763],[-79.974901,-1.968291],[-79.976279,-1.968446],[-79.97833,-1.968417],[-79.981156,-1.967708],[-79.981212,-1.967935],[-79.979799,-1.969323],[-79.979123,-1.971546],[-79.979134,-1.973558],[-79.979411,-1.974372],[-79.979745,-1.974933],[-79.979739,-1.975581],[-79.979562,-1.975675],[-79.979543,-1.976116],[-79.979251,-1.976612],[-79.978867,-1.977061],[-79.978757,-1.97741],[-79.978785,-1.977622],[-79.979023,-1.977913],[-79.979504,-1.978021],[-79.979754,-1.978379],[-79.980306,-1.978505],[-79.980556,-1.978344],[-79.981139,-1.978376],[-79.981669,-1.978037],[-79.982135,-1.977624],[-79.982637,-1.979123],[-79.982849,-1.979401],[-79.982865,-1.97983],[-79.982612,-1.981156],[-79.982348,-1.981297],[-79.981702,-1.981239],[-79.980613,-1.980757],[-79.979381,-1.980403],[-79.978416,-1.980231],[-79.975043,-1.980364],[-79.973871,-1.980593],[-79.973666,-1.980722],[-79.97304,-1.980882],[-79.97273,-1.98089],[-79.972575,-1.980436],[-79.972435,-1.980305],[-79.970805,-1.979368],[-79.970355,-1.979398],[-79.970165,-1.979488],[-79.969334,-1.980102],[-79.969244,-1.980233],[-79.969224,-1.980696],[-79.969333,-1.981179],[-79.969343,-1.981622],[-79.969215,-1.982175],[-79.968838,-1.982488],[-79.968466,-1.983285],[-79.968537,-1.984639],[-79.968311,-1.984847],[-79.967741,-1.984933],[-79.967298,-1.985618],[-79.967266,-1.98582],[-79.96734,-1.986152],[-79.966466,-1.987462],[-79.965587,-1.990113],[-79.965393,-1.991744],[-79.96507,-1.993451],[-79.964974,-1.994524],[-79.964993,-1.995685],[-79.963706,-1.996608],[-79.962213,-1.998597],[-79.961848,-1.999225],[-79.961795,-2.000656],[-79.961733,-2.000856],[-79.960212,-2.001659],[-79.958227,-2.002359],[-79.957526,-2.002886],[-79.957018,-2.003489],[-79.957027,-2.003396],[-79.956865,-2.003361],[-79.955954,-2.003268],[-79.955666,-2.003616],[-79.955839,-2.003999],[-79.956127,-2.004022],[-79.956115,-2.004161],[-79.955919,-2.004567],[-79.955642,-2.005588],[-79.955226,-2.005785],[-79.955019,-2.005785],[-79.954846,-2.00597],[-79.954868,-2.006539],[-79.955249,-2.006562],[-79.955295,-2.006794],[-79.955445,-2.00691],[-79.955398,-2.007247],[-79.955894,-2.007259],[-79.955929,-2.007491],[-79.955606,-2.007606],[-79.955408,-2.009115],[-79.955259,-2.009714],[-79.955258,-2.011905],[-79.954481,-2.013619],[-79.953912,-2.014118],[-79.95327,-2.014499],[-79.952952,-2.014887],[-79.952165,-2.015411],[-79.951365,-2.016349],[-79.95087,-2.016732],[-79.950223,-2.016999],[-79.949252,-2.016979],[-79.948624,-2.016826],[-79.947692,-2.016251],[-79.94714,-2.01581],[-79.947007,-2.015408],[-79.946989,-2.014814],[-79.946875,-2.01424],[-79.946656,-2.013858],[-79.946389,-2.013812],[-79.945602,-2.013122],[-79.94487,-2.012866],[-79.94481,-2.012693],[-79.944689,-2.012641],[-79.944583,-2.012472],[-79.944416,-2.012459],[-79.944121,-2.012288],[-79.94358,-2.012461],[-79.943277,-2.012149],[-79.94295,-2.012226],[-79.942737,-2.012002],[-79.942668,-2.012064],[-79.942808,-2.012302],[-79.942778,-2.012635],[-79.942568,-2.0129],[-79.942557,-2.013046],[-79.942441,-2.013057],[-79.942408,-2.012951],[-79.941943,-2.013033],[-79.941249,-2.012994],[-79.941257,-2.013249],[-79.941023,-2.013266],[-79.941021,-2.013373],[-79.940318,-2.013368],[-79.939795,-2.013574],[-79.93963,-2.013793],[-79.939313,-2.013801],[-79.938582,-2.014102],[-79.937551,-2.014629],[-79.936951,-2.015043],[-79.936501,-2.015552],[-79.936182,-2.016042],[-79.935095,-2.017229],[-79.93502,-2.017851],[-79.935412,-2.019359],[-79.935969,-2.020794],[-79.93589,-2.022071],[-79.935947,-2.022614],[-79.936199,-2.023662],[-79.936649,-2.02489],[-79.937051,-2.026866],[-79.937264,-2.028682],[-79.937266,-2.029672],[-79.937215,-2.030201],[-79.936958,-2.031255],[-79.929889,-2.031092],[-79.930299,-2.021814],[-79.930815,-2.021785],[-79.931405,-2.021516],[-79.931751,-2.02151],[-79.932669,-2.020972],[-79.934008,-2.02005],[-79.93448,-2.019293],[-79.934315,-2.018268],[-79.933577,-2.017459],[-79.932901,-2.017331],[-79.932241,-2.017375],[-79.931046,-2.016905],[-79.930792,-2.016667],[-79.929892,-2.008761],[-79.930119,-2.008733],[-79.930893,-2.008366],[-79.931136,-2.007841],[-79.931646,-2.007405],[-79.932385,-2.007316],[-79.932984,-2.006957],[-79.933647,-2.006342],[-79.934221,-2.005676],[-79.934706,-2.004958],[-79.934783,-2.004509],[-79.935165,-2.00424],[-79.935994,-2.003369],[-79.936784,-2.003895],[-79.937256,-2.003947],[-79.938135,-2.003716],[-79.939091,-2.003384],[-79.939474,-2.003012],[-79.939742,-2.002486],[-79.940341,-2.001884],[-79.940838,-2.001731],[-79.941488,-2.001692],[-79.941807,-2.001757],[-79.942138,-2.001629],[-79.942368,-2.00168],[-79.942645,-2.002046],[-79.942737,-2.002527],[-79.942635,-2.003206],[-79.942672,-2.003694],[-79.942812,-2.004168],[-79.942761,-2.004822],[-79.942939,-2.006156],[-79.943244,-2.007374],[-79.943409,-2.00858],[-79.943574,-2.009208],[-79.943956,-2.009708],[-79.945077,-2.010209],[-79.946402,-2.010261],[-79.947026,-2.010082],[-79.947371,-2.009852],[-79.947741,-2.009916],[-79.948157,-2.010252],[-79.948685,-2.010369],[-79.949366,-2.010388],[-79.949655,-2.010265],[-79.950287,-2.00941],[-79.950721,-2.009062],[-79.95124,-2.008771],[-79.951559,-2.008373],[-79.951712,-2.007848],[-79.951369,-2.00704],[-79.951714,-2.00577],[-79.951612,-2.005386],[-79.951242,-2.005078],[-79.951074,-2.004725],[-79.951153,-2.004344],[-79.951269,-2.004154],[-79.952093,-2.003358],[-79.953741,-2.002604],[-79.9542,-2.002551],[-79.955412,-2.001413],[-79.955604,-2.001131],[-79.954636,-2.000348],[-79.954942,-1.999874],[-79.955719,-2.000233],[-79.956254,-2.000272],[-79.956649,-2.000414],[-79.957134,-2.000247],[-79.957478,-1.999888],[-79.957721,-1.999183],[-79.957581,-1.998504],[-79.957237,-1.997734],[-79.957212,-1.997311],[-79.95734,-1.99676],[-79.957544,-1.996452],[-79.957964,-1.996401],[-79.958258,-1.996183],[-79.958678,-1.995609],[-79.9592,-1.994196],[-79.958871,-1.99349],[-79.958833,-1.993227],[-79.9579,-1.992677],[-79.957423,-1.992057],[-79.956438,-1.99104],[-79.956426,-1.990758],[-79.95663,-1.990412],[-79.956808,-1.990297],[-79.957467,-1.990299],[-79.958172,-1.990142],[-79.959297,-1.989452],[-79.959778,-1.98907],[-79.960556,-1.987835],[-79.960799,-1.98761],[-79.962505,-1.987133],[-79.962843,-1.987544],[-79.963693,-1.987427],[-79.964455,-1.986779],[-79.964778,-1.986013],[-79.964809,-1.985589],[-79.965043,-1.9852],[-79.965431,-1.98502],[-79.966757,-1.984746],[-79.967475,-1.984024],[-79.968032,-1.983671],[-79.968091,-1.983081],[-79.967916,-1.982477],[-79.96755,-1.981931],[-79.967184,-1.981666],[-79.966935,-1.98132],[-79.966935,-1.980707],[-79.967111,-1.980383],[-79.967551,-1.979985],[-79.968284,-1.97972],[-79.968943,-1.979279],[-79.96928,-1.97891],[-79.969294,-1.978688],[-79.968644,-1.977875],[-79.968812,-1.97751],[-79.969054,-1.97733],[-79.970251,-1.977272],[-79.970818,-1.976702],[-79.970877,-1.976211],[-79.971463,-1.975366],[-79.972264,-1.974718],[-79.972577,-1.974365],[-79.972596,-1.973953],[-79.971797,-1.973358],[-79.970766,-1.973114],[-79.970645,-1.973187],[-79.970258,-1.973168],[-79.970196,-1.973006],[-79.969971,-1.972951],[-79.969792,-1.97258],[-79.969504,-1.972327],[-79.969504,-1.972228],[-79.969638,-1.972106],[-79.970302,-1.971643],[-79.970485,-1.971404],[-79.9707,-1.970627],[-79.971299,-1.970043],[-79.971406,-1.969639],[-79.971434,-1.968785],[-79.97155,-1.968147],[-79.971747,-1.967878],[-79.972213,-1.967473],[-79.972165,-1.96716],[-79.971686,-1.96681],[-79.971591,-1.966569],[-79.971639,-1.966099],[-79.971196,-1.965532],[-79.96991,-1.962092],[-79.969727,-1.961855],[-79.968873,-1.961152],[-79.96789,-1.959907],[-79.967768,-1.9595],[-79.967312,-1.958827],[-79.966802,-1.958474],[-79.966414,-1.95846],[-79.966222,-1.95861],[-79.965904,-1.959302],[-79.965726,-1.959488],[-79.96455,-1.959881],[-79.963751,-1.959982],[-79.963547,-1.959684],[-79.963707,-1.959409],[-79.963684,-1.959203],[-79.963563,-1.959089],[-79.963856,-1.95888],[-79.96411,-1.958176],[-79.96438,-1.957992]],[[-79.966444,-1.987073],[-79.966629,-1.986845],[-79.966641,-1.986143],[-79.966004,-1.985822],[-79.965768,-1.985794],[-79.965574,-1.98592],[-79.965457,-1.986412],[-79.965515,-1.986805],[-79.96573,-1.987139],[-79.96616,-1.987179],[-79.966444,-1.987073]],[[-79.960806,-1.99367],[-79.960423,-1.992974],[-79.95972,-1.992676],[-79.959368,-1.992734],[-79.959075,-1.99297],[-79.959035,-1.993324],[-79.959211,-1.993756],[-79.95958,-1.994293],[-79.960746,-1.994895],[-79.961465,-1.995176],[-79.961905,-1.995591],[-79.961886,-1.99594],[-79.961995,-1.996062],[-79.962163,-1.996097],[-79.962442,-1.995872],[-79.962666,-1.995345],[-79.962653,-1.994657],[-79.962443,-1.994095],[-79.962297,-1.993891],[-79.962025,-1.993809],[-79.961668,-1.993933],[-79.961125,-1.993836],[-79.960806,-1.99367]]]},"properties":{"OBJECTID":26991,"dpa_parroq":"090656","dpa_despar":"LOS LOJAS","dpa_canton":"0906","dpa_descan":"DAULE","dpa_provin":"09","dpa_despro":"GUAYAS","dpa_anio":" ","txt":" ","fcode":" ","fcode_1":" ","descr":"AREA QUE PRESENTA CONDICIONES POTENCIALES PARA LA OCURRENCIA O NO DE UNA AMENAZA A INUNDACION","umo":"NIVEL PLANO","pen":"PLANA","txs":"ARCILLOSO","ttd":"ARCILLOSO","ith":0,"sui":"ALTA","sce":0,"st_area_sh":6524314.50134,"st_length_":33925.6041924,"anno":2025,"name":"LOS LOJAS"}},{"type":"Feature","id":26992,"geometry":{"type":"Polygon","coordinates":[[[-79.868548,-1.935311],[-79.868966,-1.934712],[-79.869267,-1.934126],[-79.869146,-1.933913],[-79.869192,-1.933425],[-79.869456,-1.932649],[-79.869776,-1.932309],[-79.869964,-1.931949],[-79.870102,-1.931174],[-79.872742,-1.931247],[-79.87272,-1.932321],[-79.873171,-1.933765],[-79.87378,-1.934577],[-79.874654,-1.935547],[-79.874998,-1.935725],[-79.875864,-1.936643],[-79.876283,-1.93757],[-79.87645,-1.93835],[-79.876596,-1.939278],[-79.876658,-1.940395],[-79.876364,-1.941765],[-79.875336,-1.943261],[-79.874219,-1.945584],[-79.874245,-1.946485],[-79.874516,-1.947518],[-79.875165,-1.948636],[-79.875709,-1.949332],[-79.876484,-1.949792],[-79.878153,-1.94995],[-79.880871,-1.949365],[-79.882072,-1.948899],[-79.883485,-1.947887],[-79.884182,-1.947206],[-79.885073,-1.946],[-79.885628,-1.944536],[-79.886364,-1.943156],[-79.8868,-1.94181],[-79.887269,-1.941003],[-79.888005,-1.940263],[-79.889043,-1.939523],[-79.889913,-1.939322],[-79.890782,-1.939592],[-79.892822,-1.941141],[-79.89359,-1.941849],[-79.896097,-1.944778],[-79.897936,-1.946496],[-79.900175,-1.949594],[-79.901043,-1.951229],[-79.901796,-1.952475],[-79.902373,-1.954147],[-79.902447,-1.954444],[-79.902397,-1.954559],[-79.900272,-1.954205],[-79.898129,-1.953654],[-79.896573,-1.953479],[-79.895615,-1.953146],[-79.893369,-1.951928],[-79.891577,-1.951271],[-79.889064,-1.951528],[-79.888532,-1.951507],[-79.887732,-1.951766],[-79.886389,-1.95283],[-79.885382,-1.954231],[-79.884969,-1.955035],[-79.884167,-1.957475],[-79.884192,-1.958592],[-79.884655,-1.961162],[-79.885165,-1.96284],[-79.885466,-1.963536],[-79.886219,-1.964776],[-79.88642,-1.965016],[-79.887576,-1.965826],[-79.888554,-1.966078],[-79.888553,-1.967648],[-79.888685,-1.968108],[-79.888952,-1.968606],[-79.889027,-1.96964],[-79.888817,-1.97031],[-79.888246,-1.971133],[-79.88756,-1.971822],[-79.88676,-1.973295],[-79.886094,-1.973879],[-79.885865,-1.974166],[-79.884551,-1.974998],[-79.884113,-1.975457],[-79.883295,-1.976127],[-79.882399,-1.978271],[-79.882228,-1.9785],[-79.881522,-1.98007],[-79.881522,-1.981104],[-79.881636,-1.981448],[-79.882092,-1.981946],[-79.882377,-1.982081],[-79.884337,-1.982561],[-79.884813,-1.982657],[-79.885783,-1.982696],[-79.885973,-1.982868],[-79.886163,-1.983213],[-79.88702,-1.983539],[-79.887343,-1.983539],[-79.887667,-1.983482],[-79.888485,-1.983042],[-79.889456,-1.98266],[-79.890636,-1.981952],[-79.890846,-1.981569],[-79.890846,-1.981263],[-79.890371,-1.980095],[-79.890219,-1.979865],[-79.889972,-1.979731],[-79.889325,-1.979577],[-79.88902,-1.979826],[-79.887365,-1.979882],[-79.886756,-1.979461],[-79.885519,-1.979326],[-79.885063,-1.979076],[-79.885291,-1.978378],[-79.885596,-1.977938],[-79.886015,-1.977727],[-79.887043,-1.977671],[-79.887423,-1.977556],[-79.887747,-1.977058],[-79.888109,-1.976254],[-79.888947,-1.974723],[-79.889291,-1.973671],[-79.889843,-1.972484],[-79.890281,-1.971862],[-79.891481,-1.970771],[-79.891881,-1.96991],[-79.892053,-1.968551],[-79.892168,-1.968225],[-79.892093,-1.966732],[-79.892201,-1.965529],[-79.892856,-1.965235],[-79.8949,-1.964592],[-79.897673,-1.963936],[-79.899247,-1.963963],[-79.899682,-1.964143],[-79.900436,-1.964801],[-79.900804,-1.965189],[-79.901156,-1.965965],[-79.901205,-1.966993],[-79.900702,-1.968106],[-79.900316,-1.96846],[-79.898958,-1.969437],[-79.898018,-1.970668],[-79.897566,-1.971123],[-79.896458,-1.97211],[-79.892905,-1.973791],[-79.891906,-1.974527],[-79.891603,-1.974961],[-79.891019,-1.976091],[-79.890824,-1.976634],[-79.890521,-1.978677],[-79.890628,-1.979307],[-79.890822,-1.979807],[-79.891944,-1.981984],[-79.892116,-1.982708],[-79.891972,-1.983288],[-79.890675,-1.985402],[-79.890263,-1.986576],[-79.889393,-1.987466],[-79.889064,-1.987924],[-79.887756,-1.987781],[-79.887728,-1.987171],[-79.887508,-1.987046],[-79.887365,-1.987036],[-79.887132,-1.987235],[-79.886785,-1.987349],[-79.886605,-1.987605],[-79.886422,-1.987635],[-79.886134,-1.987544],[-79.886007,-1.987416],[-79.885768,-1.987409],[-79.885504,-1.987535],[-79.870822,-1.985933],[-79.86134,-1.985113],[-79.861586,-1.984672],[-79.861741,-1.984663],[-79.86177,-1.9844],[-79.861441,-1.984215],[-79.861442,-1.983621],[-79.861577,-1.983631],[-79.861625,-1.983476],[-79.861397,-1.983177],[-79.862654,-1.981877],[-79.864551,-1.98051],[-79.864633,-1.980491],[-79.864809,-1.980747],[-79.864915,-1.98099],[-79.864886,-1.981078],[-79.865051,-1.981282],[-79.86536,-1.981088],[-79.865244,-1.980394],[-79.865513,-1.980408],[-79.866257,-1.980267],[-79.866724,-1.980066],[-79.866841,-1.979882],[-79.866758,-1.979161],[-79.866808,-1.979027],[-79.867058,-1.97906],[-79.867291,-1.979245],[-79.867574,-1.979329],[-79.867691,-1.978927],[-79.867841,-1.978792],[-79.868782,-1.979089],[-79.868885,-1.979198],[-79.868664,-1.97953],[-79.86886,-1.97964],[-79.868794,-1.97991],[-79.868961,-1.979881],[-79.869375,-1.979509],[-79.869701,-1.979626],[-79.869941,-1.979276],[-79.870304,-1.979086],[-79.870587,-1.97905],[-79.870659,-1.979109],[-79.870797,-1.97905],[-79.870841,-1.978948],[-79.870783,-1.978766],[-79.871226,-1.978299],[-79.871487,-1.978124],[-79.871385,-1.978007],[-79.871058,-1.977866],[-79.871199,-1.977669],[-79.871507,-1.977632],[-79.871521,-1.977383],[-79.871428,-1.977166],[-79.871699,-1.977063],[-79.871755,-1.976979],[-79.871741,-1.97688],[-79.871526,-1.976819],[-79.871868,-1.975926],[-79.871751,-1.975738],[-79.871583,-1.975635],[-79.871602,-1.975555],[-79.871826,-1.975522],[-79.871882,-1.975334],[-79.872064,-1.975344],[-79.872312,-1.974874],[-79.872214,-1.974827],[-79.871331,-1.97501],[-79.871159,-1.974972],[-79.870748,-1.974657],[-79.870689,-1.974414],[-79.870483,-1.974123],[-79.870628,-1.973939],[-79.870636,-1.973656],[-79.871093,-1.972668],[-79.871329,-1.972477],[-79.871505,-1.972201],[-79.871444,-1.971787],[-79.871724,-1.971697],[-79.871907,-1.971399],[-79.872171,-1.97144],[-79.872212,-1.971532],[-79.872486,-1.971563],[-79.872739,-1.971696],[-79.872881,-1.971522],[-79.872851,-1.97142],[-79.872547,-1.971195],[-79.872616,-1.970726],[-79.872441,-1.970312],[-79.872212,-1.970113],[-79.871801,-1.970028],[-79.871809,-1.969809],[-79.871992,-1.969618],[-79.871787,-1.969196],[-79.871566,-1.969096],[-79.871231,-1.968752],[-79.871117,-1.968353],[-79.870646,-1.967924],[-79.870562,-1.96761],[-79.87044,-1.967472],[-79.869908,-1.967067],[-79.869916,-1.966883],[-79.870304,-1.96637],[-79.86991,-1.965453],[-79.868963,-1.963921],[-79.868614,-1.963544],[-79.868439,-1.963142],[-79.868415,-1.96274],[-79.868515,-1.962414],[-79.868889,-1.961987],[-79.869289,-1.961887],[-79.870087,-1.962064],[-79.870486,-1.962315],[-79.871809,-1.962818],[-79.872183,-1.962843],[-79.872483,-1.962467],[-79.872408,-1.962115],[-79.872583,-1.961437],[-79.872534,-1.960835],[-79.87196,-1.960106],[-79.872051,-1.959891],[-79.872026,-1.959785],[-79.872383,-1.959886],[-79.872593,-1.959698],[-79.873324,-1.959514],[-79.873353,-1.959439],[-79.873143,-1.958958],[-79.873179,-1.958686],[-79.873289,-1.958582],[-79.874393,-1.958157],[-79.874014,-1.956605],[-79.873831,-1.956179],[-79.873749,-1.955553],[-79.87321,-1.954618],[-79.872583,-1.954653],[-79.872398,-1.954954],[-79.871845,-1.955024],[-79.871626,-1.955209],[-79.871096,-1.95536],[-79.870842,-1.955661],[-79.870496,-1.955893],[-79.870427,-1.955974],[-79.870415,-1.956252],[-79.870103,-1.956496],[-79.869504,-1.956321],[-79.869331,-1.955904],[-79.869332,-1.955579],[-79.869436,-1.955324],[-79.870104,-1.954895],[-79.870185,-1.954767],[-79.870093,-1.954512],[-79.870259,-1.954294],[-79.870871,-1.95397],[-79.871055,-1.953692],[-79.87147,-1.953356],[-79.87177,-1.952973],[-79.871794,-1.952718],[-79.871609,-1.952463],[-79.871321,-1.952462],[-79.871218,-1.952172],[-79.870699,-1.95201],[-79.870203,-1.952056],[-79.869281,-1.951278],[-79.868454,-1.950082],[-79.868023,-1.950112],[-79.867655,-1.949756],[-79.867609,-1.949478],[-79.86744,-1.949246],[-79.867025,-1.949075],[-79.86681,-1.949137],[-79.866656,-1.948781],[-79.865873,-1.948286],[-79.865581,-1.948204],[-79.865489,-1.9481],[-79.865604,-1.947474],[-79.865478,-1.947323],[-79.865455,-1.947021],[-79.865128,-1.946751],[-79.865112,-1.946433],[-79.864954,-1.946317],[-79.865004,-1.946075],[-79.864913,-1.946008],[-79.864797,-1.945607],[-79.864548,-1.945223],[-79.864698,-1.944948],[-79.864557,-1.944831],[-79.864607,-1.944572],[-79.864748,-1.944505],[-79.864781,-1.944313],[-79.864747,-1.944215],[-79.864223,-1.944187],[-79.864167,-1.944086],[-79.864208,-1.943958],[-79.864104,-1.943493],[-79.864334,-1.943272],[-79.864113,-1.942994],[-79.864132,-1.942744],[-79.864214,-1.942624],[-79.864173,-1.94246],[-79.864337,-1.942337],[-79.864243,-1.941894],[-79.864475,-1.941765],[-79.864528,-1.941461],[-79.864778,-1.941154],[-79.865442,-1.941676],[-79.865566,-1.9416],[-79.865776,-1.9416],[-79.865778,-1.941237],[-79.866177,-1.940922],[-79.86611,-1.940595],[-79.866178,-1.939922],[-79.866473,-1.939262],[-79.866485,-1.938712],[-79.866952,-1.938015],[-79.866867,-1.937095],[-79.867191,-1.936636],[-79.867233,-1.936245],[-79.86759,-1.935625],[-79.867683,-1.935316],[-79.867842,-1.935174],[-79.867916,-1.93515],[-79.868308,-1.935354],[-79.868548,-1.935311]]]},"properties":{"OBJECTID":26992,"dpa_parroq":"090656","dpa_despar":"LOS LOJAS","dpa_canton":"0906","dpa_descan":"DAULE","dpa_provin":"09","dpa_despro":"GUAYAS","dpa_anio":" ","txt":" ","fcode":" ","fcode_1":" ","descr":"AREA QUE PRESENTA CONDICIONES POTENCIALES PARA LA OCURRENCIA O NO DE UNA AMENAZA A INUNDACION","umo":"NIVEL PLANO","pen":"PLANA","txs":"ARCILLOSO","ttd":"ARCILLOSO","ith":0,"sui":"ALTA","sce":0,"st_area_sh":12308689.391,"st_length_":34596.5452485,"anno":2025,"name":"LOS LOJAS"}},{"type":"Feature","id":26993,"geometry":{"type":"Polygon","coordinates":[[[-79.895045,-1.925718],[-79.893525,-1.925118],[-79.895639,-1.923833],[-79.896825,-1.925218],[-79.897568,-1.92543],[-79.897794,-1.92576],[-79.897967,-1.925778],[-79.898163,-1.925652],[-79.898467,-1.925629],[-79.898566,-1.925827],[-79.898411,-1.926298],[-79.898438,-1.926437],[-79.898522,-1.926482],[-79.89875,-1.926339],[-79.898799,-1.926051],[-79.89888,-1.92602],[-79.899558,-1.926077],[-79.90092,-1.926587],[-79.902241,-1.926631],[-79.904389,-1.926954],[-79.905608,-1.927276],[-79.907959,-1.928066],[-79.908597,-1.928344],[-79.909388,-1.92844],[-79.910023,-1.928715],[-79.910349,-1.929701],[-79.910222,-1.930303],[-79.909786,-1.931197],[-79.909386,-1.931799],[-79.908751,-1.932292],[-79.907934,-1.932601],[-79.907172,-1.932601],[-79.906374,-1.932491],[-79.905812,-1.932308],[-79.905199,-1.931964],[-79.903559,-1.931393],[-79.899595,-1.929482],[-79.898551,-1.928761],[-79.897796,-1.928371],[-79.898068,-1.927709],[-79.898184,-1.927008],[-79.898307,-1.92684],[-79.897797,-1.926543],[-79.897715,-1.926344],[-79.897347,-1.926293],[-79.896718,-1.926375],[-79.895281,-1.925885],[-79.895045,-1.925718]]]},"properties":{"OBJECTID":26993,"dpa_parroq":"090656","dpa_despar":"LOS LOJAS","dpa_canton":"0906","dpa_descan":"DAULE","dpa_provin":"09","dpa_despro":"GUAYAS","dpa_anio":" ","txt":" ","fcode":" ","fcode_1":" ","descr":"AREA QUE PRESENTA CONDICIONES POTENCIALES PARA LA OCURRENCIA O NO DE UNA AMENAZA A INUNDACION","umo":"NIVEL PLANO","pen":"PLANA","txs":"ARCILLOSO","ttd":"ARCILLOSO","ith":0,"sui":"ALTA","sce":0,"st_area_sh":665626.46992,"st_length_":4707.43065966,"anno":2025,"name":"LOS LOJAS"}}]}