{"type":"FeatureCollection","features":[{"type":"Feature","geometry":{"type":"LineString","coordinates":[[-79.9513456,-1.87317],[-79.9517333,-1.8732746],[-79.9523092,-1.873768],[-79.9527754,-1.873768],[-79.9531731,-1.873398],[-79.9536941,-1.8732746],[-79.9544483,-1.8733294],[-79.9552986,-1.873549],[-79.9563406,-1.8732746],[-79.9570546,-1.8732972],[-79.9575832,-1.8736769],[-79.9577918,-1.8741395],[-79.958083,-1.8746422],[-79.9586008,-1.8750577],[-79.9590533,-1.8754003],[-79.9595044,-1.8753887],[-79.9598748,-1.8752052],[-79.9600543,-1.8749618],[-79.9600035,-1.874551],[-79.9598045,-1.8740758],[-79.9598897,-1.8736187],[-79.9602111,-1.873318],[-79.960628,-1.8730242],[-79.9619045,-1.8720041],[-79.9628248,-1.8706495],[-79.9632436,-1.8700205],[-79.9638584,-1.8694371],[-79.9649266,-1.8682404],[-79.9650333,-1.867431],[-79.9652557,-1.8671646],[-79.9666735,-1.8668616],[-79.9683195,-1.8662023],[-79.9691625,-1.8653827],[-79.9697586,-1.8650023],[-79.9701143,-1.8643711],[-79.9708205,-1.8641564],[-79.9713447,-1.8644022],[-79.9719312,-1.8651294],[-79.9727638,-1.8656427],[-79.9733616,-1.8657442],[-79.9741068,-1.8655651],[-79.9759693,-1.86433],[-79.9764192,-1.8640386],[-79.9767409,-1.863603],[-79.9773077,-1.8626703],[-79.9782128,-1.8622082],[-79.9792093,-1.861269],[-79.9797844,-1.8610471]]},"properties":{"name":"Estero Banife","waterway":"river","osm_id":"way/28620481","source":"OpenStreetMap"}},{"type":"Feature","geometry":{"type":"LineString","coordinates":[[-79.9513456,-1.87317],[-79.951185,-1.873978],[-79.951473,-1.8744851],[-79.952282,-1.8754307],[-79.9522114,-1.8756392],[-79.9522182,-1.8761142],[-79.9522058,-1.8775486],[-79.9521272,-1.8781645],[-79.9517535,-1.8790535],[-79.951238,-1.879525],[-79.9505822,-1.8797086],[-79.9500094,-1.8796894],[-79.9491208,-1.8795798],[-79.948179,-1.8798802],[-79.946734,-1.880587],[-79.9457757,-1.8814243],[-79.9441887,-1.8822883],[-79.9436862,-1.8821911],[-79.9433724,-1.881939],[-79.9428107,-1.8817212],[-79.9418409,-1.8819228],[-79.9412868,-1.8822235],[-79.9404113,-1.8824666],[-79.9396864,-1.8828321],[-79.9389846,-1.8843299],[-79.9382551,-1.8853508],[-79.9375403,-1.8858822],[-79.9363401,-1.8872148],[-79.9360016,-1.8879271],[-79.9358394,-1.8898598],[-79.9353531,-1.8907789],[-79.9347695,-1.8914432],[-79.9343097,-1.8923265],[-79.9342183,-1.893663],[-79.9344422,-1.8952336],[-79.9348987,-1.8958666],[-79.9349096,-1.8960973],[-79.9349316,-1.8965634],[-79.9346177,-1.8975517],[-79.9341372,-1.8986374],[-79.9336184,-1.9001119],[-79.9336995,-1.9011489],[-79.9342258,-1.902143],[-79.9348506,-1.9024938],[-79.935861,-1.9032859],[-79.935979,-1.9038542],[-79.9359146,-1.904326],[-79.9356035,-1.9047657],[-79.9349812,-1.9055592],[-79.934831,-1.906031],[-79.9347775,-1.9079308]]},"properties":{"name":"Río Pula","waterway":"river","osm_id":"way/28620482","source":"OpenStreetMap"}},{"type":"Feature","geometry":{"type":"LineString","coordinates":[[-79.8042029,-1.8193545],[-79.8051271,-1.8216876],[-79.8055901,-1.8233338],[-79.8059382,-1.8238328],[-79.8072894,-1.8243767],[-79.8076688,-1.8248448],[-79.8081263,-1.8267932],[-79.8085574,-1.8272236],[-79.8100758,-1.8278438],[-79.8116227,-1.8288077],[-79.8119876,-1.8289461],[-79.8124161,-1.8290123],[-79.8129319,-1.8289627],[-79.814033,-1.8286943],[-79.8151153,-1.828224],[-79.8159875,-1.8273809],[-79.8164667,-1.8271126],[-79.817189,-1.827002],[-79.8175239,-1.8270496],[-79.8180482,-1.8271932],[-79.8184188,-1.8273654],[-79.8203602,-1.8288274],[-79.8209552,-1.8290631],[-79.8226547,-1.8294874],[-79.8232436,-1.8297904],[-79.8242378,-1.8305667],[-79.8247773,-1.8309549],[-79.8252319,-1.8311592],[-79.8265561,-1.8311962],[-79.8279568,-1.8306889],[-79.8289328,-1.8301534],[-79.8290756,-1.8295921],[-79.8293883,-1.8293987],[-79.8298439,-1.8294647],[-79.8307549,-1.8298231],[-79.8323789,-1.8306813],[-79.8326888,-1.830979],[-79.8337922,-1.8330805],[-79.8341312,-1.8334275],[-79.8366359,-1.8333583],[-79.8372821,-1.8336063],[-79.8385655,-1.8345052],[-79.8398155,-1.8355955],[-79.8402361,-1.8356743],[-79.8417751,-1.8353287],[-79.8426769,-1.8352049],[-79.8432509,-1.8354569],[-79.8437894,-1.8360314],[-79.8439804,-1.836363],[-79.8449409,-1.8395205],[-79.8452733,-1.8402717],[-79.8460842,-1.8411374],[-79.8467485,-1.8414888],[-79.8483095,-1.8418373],[-79.8489694,-1.8421107],[-79.8493651,-1.8425404],[-79.8497669,-1.8438761],[-79.85001,-1.8450864],[-79.8504231,-1.8458639],[-79.8514692,-1.8469255],[-79.8517732,-1.847404],[-79.8518018,-1.8479656],[-79.851555,-1.848668],[-79.850981,-1.8495741],[-79.8506413,-1.8507818],[-79.8497991,-1.8526852],[-79.8498134,-1.8530644],[-79.8499547,-1.8534627],[-79.8500642,-1.8536336],[-79.8502354,-1.8538044],[-79.8505787,-1.8538688],[-79.8510347,-1.8536919],[-79.8513619,-1.8536543],[-79.8517749,-1.8537991],[-79.8528568,-1.855366],[-79.8536418,-1.8568552],[-79.8539904,-1.858024],[-79.8542355,-1.8586098],[-79.8554854,-1.859784],[-79.8564295,-1.8604648],[-79.8571501,-1.8606673],[-79.8578475,-1.860619],[-79.8580835,-1.8604582],[-79.8582374,-1.8598],[-79.8587165,-1.8593912],[-79.8591778,-1.8592465],[-79.8598162,-1.8592411],[-79.8603546,-1.8593669],[-79.8609618,-1.8597453]]},"properties":{"name":"Río Salitre","waterway":"river","osm_id":"way/28620553","source":"OpenStreetMap"}},{"type":"Feature","geometry":{"type":"LineString","coordinates":[[-80.0982955,-1.7359336],[-80.0981963,-1.7366996],[-80.0975698,-1.7372464],[-80.0967934,-1.7410477],[-80.0956479,-1.7413949],[-80.0950637,-1.7435319],[-80.094208,-1.7439406],[-80.0943051,-1.7443639],[-80.0937933,-1.7446902],[-80.093758,-1.745237],[-80.0933526,-1.7458964],[-80.09331,-1.746298],[-80.0926148,-1.7466424],[-80.0920423,-1.7468069],[-80.0914808,-1.7472809],[-80.0905823,-1.747231],[-80.0900582,-1.7477673],[-80.0900956,-1.7487278],[-80.0895965,-1.7495011],[-80.0889227,-1.7495385],[-80.0882761,-1.7510309],[-80.0880812,-1.7523713],[-80.0866605,-1.7525118],[-80.0839936,-1.7513969],[-80.0822466,-1.7514593],[-80.0811485,-1.7530808],[-80.0803997,-1.7533676],[-80.0796885,-1.7531805],[-80.0795387,-1.7537044],[-80.0788898,-1.7535672],[-80.0777985,-1.7536622],[-80.077617,-1.7549392],[-80.0772926,-1.7549642],[-80.0769307,-1.7548394],[-80.0759018,-1.7570546],[-80.0751462,-1.7571157],[-80.0745909,-1.7569473],[-80.0743601,-1.7570159],[-80.0740668,-1.757203],[-80.0739046,-1.7573028],[-80.0736488,-1.7577581],[-80.0736301,-1.7580636],[-80.0731621,-1.7585563],[-80.0730436,-1.7590739],[-80.0727067,-1.7592797],[-80.0725694,-1.7592236],[-80.0725819,-1.7590116],[-80.0723074,-1.7589741],[-80.0716846,-1.7594167]]},"properties":{"name":"Estero Grande de Colorado","waterway":"stream","osm_id":"way/32915088","source":"OpenStreetMap"}},{"type":"Feature","geometry":{"type":"LineString","coordinates":[[-79.7419747,-2.0283693],[-79.7450539,-2.0300634],[-79.7508904,-2.0314359],[-79.7551819,-2.0314359],[-79.76119,-2.0331514],[-79.7675415,-2.0343523],[-79.7726913,-2.0341807],[-79.7807594,-2.0331514],[-79.7872826,-2.0331514],[-79.793634,-2.0329798],[-79.7980972,-2.0357247],[-79.8032471,-2.0431015],[-79.805822,-2.0499635],[-79.8065086,-2.0551101],[-79.8056503,-2.0624867],[-79.8035904,-2.0696918],[-79.8011871,-2.0744952],[-79.795694,-2.0817002],[-79.7920891,-2.0859889],[-79.7912308,-2.0887337],[-79.7930949,-2.0921316],[-79.7966998,-2.0943617],[-79.8009913,-2.0950479],[-79.8059695,-2.0955625],[-79.812321,-2.0953909]]},"properties":{"name":"Río Babahoyo","waterway":"river","osm_id":"way/32915560","source":"OpenStreetMap"}},{"type":"Feature","geometry":{"type":"LineString","coordinates":[[-79.812321,-2.0953909],[-79.8192159,-2.0962895],[-79.8280835,-2.0945472],[-79.8355686,-2.0900509],[-79.8385053,-2.087467],[-79.8428093,-2.0851629],[-79.8488759,-2.0846202],[-79.852763,-2.0880815],[-79.8497431,-2.095734],[-79.8495715,-2.106713],[-79.8499148,-2.1206081],[-79.8490171,-2.1299864],[-79.8480265,-2.1403355],[-79.8483698,-2.1478833],[-79.8519747,-2.1544019],[-79.854451,-2.1573047],[-79.8624461,-2.1670958]]},"properties":{"name":"Río Babahoyo","waterway":"river","osm_id":"way/33775364","source":"OpenStreetMap"}},{"type":"Feature","geometry":{"type":"LineString","coordinates":[[-79.8221214,-1.9102626],[-79.822174,-1.9111171],[-79.8221694,-1.9118157],[-79.821842,-1.9127453],[-79.8213102,-1.9133029],[-79.8203586,-1.9135213],[-79.8199399,-1.9142055],[-79.8199215,-1.9148971],[-79.8200603,-1.9162325],[-79.8199909,-1.9169783],[-79.819574,-1.9178428],[-79.8186656,-1.9184916],[-79.8179086,-1.9184524],[-79.8171828,-1.9183472],[-79.8167663,-1.9184859],[-79.8165772,-1.9188211],[-79.8165853,-1.9196721],[-79.8165158,-1.9203416],[-79.8161764,-1.9205639],[-79.8156449,-1.9207331],[-79.8152208,-1.9210885],[-79.8149331,-1.9215594],[-79.8146473,-1.9225106],[-79.8142221,-1.9229269],[-79.8119775,-1.9237912],[-79.8106099,-1.9247368]]},"properties":{"name":"Río Los Tintos","waterway":"river","osm_id":"way/33776144","source":"OpenStreetMap"}},{"type":"Feature","geometry":{"type":"LineString","coordinates":[[-80.0229054,-1.6407842],[-80.0239635,-1.6450088],[-80.0240278,-1.647025],[-80.0236161,-1.6502871],[-80.0238494,-1.6522826],[-80.0242026,-1.6536976],[-80.0285939,-1.6585383],[-80.0299918,-1.6598613],[-80.0300726,-1.66083],[-80.0290381,-1.6627762],[-80.0282305,-1.6640879],[-80.0222951,-1.670142],[-80.0158391,-1.6753912],[-80.0131125,-1.6762474],[-80.0104144,-1.6767896],[-80.0055607,-1.6767611],[-80.0039761,-1.6768182],[-80.0025343,-1.6776601],[-80.0019347,-1.6785733],[-80.0018062,-1.6794866],[-80.0022957,-1.6808104],[-80.0044665,-1.6860246],[-80.0047795,-1.6868957],[-80.0058337,-1.6934173],[-80.0102168,-1.6964525],[-80.013128,-1.6977758],[-80.0164804,-1.6984815],[-80.0178036,-1.6990991],[-80.0187141,-1.7007272],[-80.0186546,-1.7019065],[-80.0178869,-1.7029035],[-80.0171723,-1.7038272],[-80.015046,-1.7058791],[-80.0124223,-1.7065094],[-80.0116417,-1.7062501],[-80.0107327,-1.7052023],[-80.0098736,-1.7042255],[-80.0080113,-1.7029807],[-80.005453,-1.701481],[-80.0021007,-1.7005988],[-79.9978662,-1.7000695],[-79.9936317,-1.7002459],[-79.9890443,-1.7010399],[-79.9855835,-1.7025532],[-79.9845521,-1.7039348],[-79.984053,-1.7058423],[-79.9840353,-1.7062317],[-79.9839582,-1.7079291],[-79.9850392,-1.7094277],[-79.9868176,-1.7111733],[-79.9881902,-1.7121338],[-79.9905109,-1.7137915],[-79.9923581,-1.7150702],[-79.9930969,-1.7161217],[-79.9938792,-1.7173558],[-79.9936579,-1.7186083],[-79.9927136,-1.7191711],[-79.987726,-1.7199296],[-79.9828667,-1.7212178],[-79.9823808,-1.7223546],[-79.9823152,-1.7235626],[-79.9828184,-1.7243215],[-79.9836445,-1.7248343],[-79.9845319,-1.7252475],[-79.9890143,-1.726494],[-79.9916287,-1.7273181],[-79.9933794,-1.7283465],[-79.9943682,-1.7300888],[-79.9952756,-1.7318459],[-79.9977952,-1.7353033],[-79.9998816,-1.7369272],[-80.0023995,-1.740449],[-80.0044165,-1.742474],[-80.0076181,-1.74452],[-80.0091527,-1.7452494],[-80.0100336,-1.7452399],[-80.0117292,-1.7451073],[-80.0133295,-1.7438864],[-80.0165535,-1.740208],[-80.0169683,-1.7399229],[-80.0174352,-1.7398139],[-80.0180304,-1.7400301],[-80.018548,-1.7403353],[-80.0219585,-1.7423274],[-80.0256449,-1.7448728],[-80.0264972,-1.7461812],[-80.026882,-1.7468442],[-80.0270573,-1.7478795],[-80.0268546,-1.7504289],[-80.0260263,-1.7515364],[-80.0251677,-1.7539657],[-80.0244778,-1.7555467],[-80.0224141,-1.7578951],[-80.0214853,-1.7589828],[-80.020432,-1.7600086],[-80.0177661,-1.7612463],[-80.0154908,-1.761817],[-80.0141277,-1.7618897],[-80.0093722,-1.7617727],[-80.0085461,-1.7619632],[-80.0080311,-1.7623411],[-80.0077678,-1.7628386],[-80.0078618,-1.7632944],[-80.0085926,-1.7638446],[-80.0092435,-1.7649898],[-80.0102862,-1.7680969],[-80.0110138,-1.7698509],[-80.0114498,-1.7704896],[-80.0122689,-1.7708983],[-80.0139119,-1.77124],[-80.0143589,-1.7711418],[-80.0153374,-1.770711]]},"properties":{"name":"Río Daule","waterway":"river","osm_id":"way/33776950","source":"OpenStreetMap"}},{"type":"Feature","geometry":{"type":"LineString","coordinates":[[-80.0229338,-1.8037948],[-80.0214121,-1.8048856],[-80.0201969,-1.8052648],[-80.0190959,-1.8052637],[-80.0180348,-1.8049345],[-80.0169579,-1.8034929],[-80.015479,-1.8005389],[-80.0140667,-1.7985491],[-80.0130118,-1.7963497],[-80.0106597,-1.7923566],[-80.0096234,-1.7919027],[-80.0084671,-1.7919388],[-80.0080335,-1.7926977],[-80.008578,-1.794563],[-80.0107815,-1.7984796],[-80.0149445,-1.8089824],[-80.0149061,-1.8109897],[-80.0144244,-1.8120038],[-80.0136666,-1.8122643],[-80.0126957,-1.8122762],[-80.0119793,-1.8118788],[-80.0108869,-1.8102514],[-80.0098055,-1.8097512],[-80.007331,-1.8072536],[-80.0038621,-1.8054729],[-80.0007169,-1.8040159],[-79.9990519,-1.8040853],[-79.997737,-1.8050814],[-79.9967137,-1.8064117],[-79.9962615,-1.8088215]]},"properties":{"name":"Río Daule","waterway":"river","osm_id":"way/33776970","source":"OpenStreetMap"}},{"type":"Feature","geometry":{"type":"LineString","coordinates":[[-80.0153374,-1.770711],[-80.0163582,-1.7696096],[-80.017333,-1.7690756],[-80.0181322,-1.7689411],[-80.019898,-1.7692241],[-80.021117,-1.7696691],[-80.0217875,-1.7703296],[-80.0223183,-1.7711506],[-80.0227351,-1.7722381],[-80.0225852,-1.7733734],[-80.0223854,-1.7744187],[-80.021058,-1.7763851],[-80.019334,-1.7776254],[-80.0179164,-1.7785153],[-80.0160811,-1.780247],[-80.0145418,-1.7823635],[-80.0143075,-1.784582],[-80.0150517,-1.7868966]]},"properties":{"name":"Río Daule","waterway":"river","osm_id":"way/33777062","source":"OpenStreetMap"}},{"type":"Feature","geometry":{"type":"LineString","coordinates":[[-80.0716846,-1.7594167],[-80.0714171,-1.7596307],[-80.0705205,-1.759923],[-80.0699849,-1.7601648],[-80.0691456,-1.7602482],[-80.0689583,-1.7600178],[-80.0687991,-1.7599306],[-80.0680598,-1.7598889],[-80.0677223,-1.7599041],[-80.0676199,-1.7599382],[-80.0675555,-1.7603399],[-80.0674266,-1.7604574],[-80.0672939,-1.7606961],[-80.0672218,-1.7612911],[-80.0671157,-1.7615602],[-80.0668503,-1.7617989],[-80.06671,-1.7620339],[-80.0666076,-1.7620869],[-80.066437,-1.7620225],[-80.0660655,-1.7619884],[-80.06591,-1.7620263],[-80.0658835,-1.7620983],[-80.065819,-1.7623257],[-80.0653147,-1.762716],[-80.0651555,-1.762951],[-80.0650645,-1.7632466],[-80.0650721,-1.7634739],[-80.0651403,-1.7637468],[-80.0652541,-1.7640538],[-80.065637,-1.7646525],[-80.0656294,-1.7649709],[-80.0656598,-1.7651565],[-80.0656219,-1.765274],[-80.0655915,-1.7654521],[-80.065656,-1.7656833],[-80.0657735,-1.7657894],[-80.0660655,-1.76596],[-80.0661716,-1.7661381],[-80.0664256,-1.7664753],[-80.0664408,-1.7667368],[-80.0663915,-1.7669794],[-80.0664673,-1.7671234],[-80.0663801,-1.7673849],[-80.0663536,-1.7676047],[-80.0661792,-1.7679154],[-80.0661109,-1.767995],[-80.0660768,-1.7681996],[-80.0661147,-1.7682716],[-80.0662816,-1.7683285],[-80.0663271,-1.7684422],[-80.066346,-1.7687605],[-80.0663877,-1.7689803],[-80.0665242,-1.7690826],[-80.0667024,-1.7695336],[-80.066782,-1.7697079],[-80.0667934,-1.7698633],[-80.0667403,-1.7700869],[-80.0665773,-1.7703597],[-80.0663422,-1.7705833],[-80.0662247,-1.7707614],[-80.0662399,-1.770913],[-80.0663119,-1.7710457],[-80.066437,-1.7711518],[-80.0664939,-1.7713564],[-80.0664863,-1.7716482],[-80.0663005,-1.7720461],[-80.0657053,-1.772607],[-80.0656256,-1.7727927],[-80.0655839,-1.7731148],[-80.0655801,-1.7732967],[-80.0659858,-1.7738007],[-80.0660313,-1.7739637],[-80.0660958,-1.7741494],[-80.0662854,-1.7745283],[-80.0664408,-1.7747026],[-80.066782,-1.775021],[-80.0669261,-1.7754568],[-80.0670209,-1.7756652],[-80.0670171,-1.7757827],[-80.0667365,-1.7759267],[-80.0666493,-1.7760063],[-80.0666493,-1.7761086],[-80.066801,-1.7761692],[-80.0670588,-1.7762716],[-80.0672067,-1.7764421],[-80.0672598,-1.7769385],[-80.0673621,-1.7771659],[-80.0676806,-1.7775297],[-80.0678474,-1.7778442],[-80.0679915,-1.7782763],[-80.0679839,-1.7784695],[-80.068018,-1.7786666],[-80.067965,-1.7789243],[-80.067764,-1.779163],[-80.0675782,-1.7791782],[-80.0674455,-1.7792654],[-80.0672332,-1.7795003],[-80.0670133,-1.7796178],[-80.0669337,-1.7797694],[-80.0667252,-1.7798186],[-80.0666228,-1.7799323],[-80.0666228,-1.7800953],[-80.0666152,-1.7803871],[-80.0666455,-1.7806069],[-80.0668579,-1.780929],[-80.0669299,-1.7813459],[-80.0670057,-1.7818499],[-80.0669602,-1.7822478],[-80.0668389,-1.7823501],[-80.0661868,-1.782911],[-80.0659745,-1.7829716],[-80.0657773,-1.7829678],[-80.0652048,-1.7827632],[-80.0646892,-1.7824259],[-80.0642228,-1.7823198],[-80.0640029,-1.7820545],[-80.0639119,-1.7817589],[-80.0637678,-1.7814065],[-80.0632712,-1.7808494],[-80.0631612,-1.780713],[-80.0631574,-1.7804667],[-80.0631271,-1.78019],[-80.0629413,-1.7800309],[-80.062801,-1.7800119],[-80.062528,-1.7801029],[-80.062293,-1.7801635],[-80.0620958,-1.7801635],[-80.0619479,-1.7803681],[-80.061565,-1.7805804],[-80.0614702,-1.7806713],[-80.0614702,-1.780838],[-80.0613186,-1.7810124],[-80.0611024,-1.7810692],[-80.0607764,-1.7810578],[-80.0606816,-1.7811298],[-80.0606551,-1.7812473],[-80.0606816,-1.7813838],[-80.0605716,-1.7814861],[-80.0603783,-1.7815353],[-80.060056,-1.7815126],[-80.059692,-1.7816642],[-80.0594987,-1.7815846],[-80.0590702,-1.7808532],[-80.0589489,-1.7807357],[-80.0588465,-1.7807319],[-80.0587252,-1.7808343],[-80.0584522,-1.7809101],[-80.0584295,-1.7809745],[-80.0583916,-1.7810995],[-80.0582285,-1.781164],[-80.0578759,-1.7810995],[-80.0577773,-1.7811261],[-80.0577129,-1.7814103],[-80.0575271,-1.7815694],[-80.0572882,-1.7816566],[-80.0568788,-1.7816111],[-80.0565982,-1.7816793],[-80.0565186,-1.7817741],[-80.0563783,-1.7820697],[-80.0562077,-1.7822023],[-80.0559878,-1.7822781],[-80.0557641,-1.7822137],[-80.0555063,-1.7820583],[-80.0553015,-1.782081],[-80.0546229,-1.7822705],[-80.054365,-1.7822137],[-80.0542134,-1.7821265],[-80.0540086,-1.7819408],[-80.053857,-1.781937],[-80.053785,-1.7820242],[-80.0537963,-1.7821568],[-80.0538608,-1.7824486],[-80.0537546,-1.7827821],[-80.0537774,-1.7829792],[-80.053675,-1.7833998],[-80.0534323,-1.7836954],[-80.0532769,-1.7837826],[-80.0531632,-1.7840365],[-80.0528012,-1.7845537],[-80.052516,-1.7849045],[-80.0519805,-1.7851602],[-80.0516932,-1.7855226],[-80.051515,-1.7856704],[-80.0514391,-1.7858788],[-80.0513065,-1.7859468],[-80.051124,-1.7864529],[-80.0510007,-1.7868281],[-80.0507975,-1.7871443],[-80.0505945,-1.7874226],[-80.0504671,-1.7874868]]},"properties":{"name":"Estero Grande de Colorado","waterway":"stream","osm_id":"way/34060654","source":"OpenStreetMap"}},{"type":"Feature","geometry":{"type":"LineString","coordinates":[[-79.8091811,-1.7666607],[-79.8108973,-1.7674409],[-79.8113627,-1.7680492],[-79.8122102,-1.7707931],[-79.8125839,-1.7718637],[-79.8135554,-1.7733806],[-79.813659,-1.7746013],[-79.8112558,-1.78005],[-79.8109446,-1.7817443],[-79.8113266,-1.7829266],[-79.8115514,-1.7839416],[-79.810812,-1.7872259],[-79.8106743,-1.7874498],[-79.8103049,-1.7880502]]},"properties":{"name":"Río Vinces","waterway":"river","osm_id":"way/34094690","source":"OpenStreetMap"}},{"type":"Feature","geometry":{"type":"LineString","coordinates":[[-79.9175189,-2.093804],[-79.9174442,-2.0940933],[-79.9171423,-2.0939483]]},"properties":{"waterway":"canal","osm_id":"way/36818562","source":"OpenStreetMap"}},{"type":"Feature","geometry":{"type":"LineString","coordinates":[[-79.9342976,-2.0895618],[-79.9294311,-2.0889188],[-79.9289525,-2.0888497],[-79.9276428,-2.088668],[-79.927117,-2.0885246],[-79.9265338,-2.0882856],[-79.9254917,-2.0877407],[-79.9249277,-2.0874635],[-79.9238153,-2.0868786]]},"properties":{"waterway":"canal","osm_id":"way/36818563","source":"OpenStreetMap"}},{"type":"Feature","geometry":{"type":"LineString","coordinates":[[-79.9347775,-1.9079308],[-79.9346361,-1.9083728],[-79.9350116,-1.9086302],[-79.9354622,-1.9088661],[-79.9357197,-1.9091449],[-79.9362347,-1.9104531],[-79.9363741,-1.9106675],[-79.936578,-1.9108284],[-79.9367604,-1.9108927],[-79.9370071,-1.9108927],[-79.9372968,-1.910689],[-79.9376509,-1.9102386],[-79.9378869,-1.9100885],[-79.9381122,-1.9100671],[-79.9384448,-1.9103673],[-79.9390778,-1.9108605],[-79.9394211,-1.9109785],[-79.9397859,-1.9109892],[-79.9403438,-1.9109034],[-79.9426076,-1.9102601],[-79.9430904,-1.9102386],[-79.9431655,-1.9105067],[-79.9433908,-1.9107533],[-79.943659,-1.9109142],[-79.9440238,-1.910957],[-79.9444315,-1.9110321],[-79.9448714,-1.9111608],[-79.945086,-1.9113431],[-79.9453542,-1.9115683],[-79.9456224,-1.9120079],[-79.9458692,-1.9126084],[-79.9459979,-1.9130802],[-79.9461481,-1.9132946],[-79.9465773,-1.9133804],[-79.9468884,-1.9134448],[-79.9470262,-1.9137134],[-79.9473482,-1.9144384],[-79.9473092,-1.9149444],[-79.9474002,-1.9155414],[-79.9472792,-1.9161294],[-79.9471492,-1.9167444],[-79.9471042,-1.9170984],[-79.9471432,-1.9176224],[-79.9471792,-1.9183814],[-79.9468962,-1.9193044],[-79.9467302,-1.9199834],[-79.9465842,-1.9209434],[-79.9463022,-1.9212664],[-79.9463091,-1.9215834],[-79.9464485,-1.92183],[-79.9467704,-1.9220016],[-79.9470192,-1.9224424],[-79.9473412,-1.9227234],[-79.9476212,-1.9227704],[-79.9478582,-1.9228874],[-79.9483782,-1.9230874],[-79.9489342,-1.9234504],[-79.9487062,-1.9237554],[-79.9486292,-1.9241454],[-79.9486349,-1.9246374],[-79.9486625,-1.9249347],[-79.9487402,-1.9250602],[-79.9489378,-1.9252709],[-79.9494793,-1.9253689],[-79.9498435,-1.9256361],[-79.9502814,-1.9263038],[-79.9504184,-1.9266597],[-79.9504522,-1.9272674],[-79.9505752,-1.9280354],[-79.9505752,-1.9288404],[-79.9508122,-1.9297634],[-79.9504522,-1.9305314],[-79.9500102,-1.9311924],[-79.9494762,-1.9317254],[-79.9494082,-1.9327034],[-79.9496132,-1.9331364],[-79.9495152,-1.9338334],[-79.9494082,-1.9348184],[-79.9498502,-1.9353904],[-79.9498502,-1.9363204],[-79.9498892,-1.9373254],[-79.9494602,-1.9375054],[-79.9492102,-1.9380024],[-79.9496848,-1.9384373],[-79.950334,-1.9390941],[-79.950172,-1.939572],[-79.950261,-1.9402931],[-79.9508422,-1.9408993],[-79.9514046,-1.9416169],[-79.9516745,-1.9424295],[-79.9524784,-1.9429071],[-79.9531673,-1.9428999],[-79.9536164,-1.9428285],[-79.9542295,-1.942625],[-79.955132,-1.9425091],[-79.9558884,-1.9429619],[-79.9564718,-1.9434579],[-79.9569982,-1.9436433],[-79.9573962,-1.9433173],[-79.9579053,-1.9429194],[-79.9591774,-1.9426199],[-79.9597352,-1.9427138],[-79.9596302,-1.9440893],[-79.9597532,-1.9449303],[-79.9600742,-1.9456893],[-79.9605692,-1.9457559],[-79.9611009,-1.9454415],[-79.9613942,-1.9450133],[-79.9620342,-1.9450493],[-79.9626917,-1.9454645],[-79.9629512,-1.9470203],[-79.9635531,-1.9477223],[-79.9642252,-1.9489943],[-79.9648562,-1.9499453],[-79.9646282,-1.9504783],[-79.9640632,-1.9506403],[-79.9630712,-1.9509933],[-79.9626752,-1.9515353],[-79.9636423,-1.9528745],[-79.9639841,-1.9542662],[-79.9650252,-1.9556333],[-79.9658412,-1.9571173],[-79.9664866,-1.9578789],[-79.9668354,-1.9579536],[-79.9678425,-1.9581158],[-79.9681902,-1.9589113],[-79.9688082,-1.9601963],[-79.9702582,-1.9616433],[-79.9713262,-1.9619883],[-79.9715092,-1.9626763],[-79.9718612,-1.9640032],[-79.9725495,-1.9651249],[-79.9732304,-1.9657829],[-79.9749342,-1.9660973],[-79.9769492,-1.9665143],[-79.9784372,-1.9670843],[-79.9796662,-1.9673943],[-79.9810862,-1.9664713],[-79.9825192,-1.9661833],[-79.9837575,-1.9662615],[-79.9853811,-1.966426]]},"properties":{"name":"Río Pula","waterway":"river","osm_id":"way/42083034","source":"OpenStreetMap"}},{"type":"Feature","geometry":{"type":"LineString","coordinates":[[-79.994199,-1.8915619],[-79.9940627,-1.8924025],[-79.9940022,-1.8929734],[-79.9939792,-1.8940154],[-79.9943532,-1.8950544],[-79.9949092,-1.8972814],[-79.9972582,-1.8999044],[-79.9987012,-1.9006104],[-80.0009892,-1.9013634],[-80.0018672,-1.9017074],[-80.0031802,-1.9019604],[-80.0041322,-1.9023684],[-80.0050032,-1.9033094],[-80.0055142,-1.9046404],[-80.0056052,-1.9055544],[-80.0045382,-1.9071994],[-80.0031872,-1.9078154],[-80.0018672,-1.9079674],[-80.0006222,-1.9080754],[-79.9992892,-1.9077674],[-79.9979602,-1.9074144],[-79.9966342,-1.9068784],[-79.9952072,-1.9060894],[-79.9932612,-1.9048774],[-79.9919709,-1.9040342],[-79.9908952,-1.9037444],[-79.9899492,-1.9037904],[-79.9889282,-1.9042144],[-79.9883792,-1.9047744],[-79.9882102,-1.9057434],[-79.9882722,-1.9069564],[-79.9892702,-1.9091554],[-79.9901572,-1.9098144],[-79.9927282,-1.9112724],[-79.9941222,-1.9116074],[-79.9958552,-1.9123784],[-79.9972522,-1.9128774],[-79.9992212,-1.9137634],[-80.0018602,-1.9151034],[-80.0038662,-1.9159564],[-80.0061702,-1.9166264],[-80.0086562,-1.9177864],[-80.0095042,-1.9190444],[-80.0091462,-1.9208264],[-80.0076812,-1.9211864],[-80.0064372,-1.9209614],[-80.0051402,-1.9213924],[-80.0028902,-1.9218094],[-80.0018602,-1.9222784],[-80.0009142,-1.9229464],[-80.0000822,-1.9242664],[-79.9986242,-1.9264814],[-79.9981522,-1.9285254],[-79.9983212,-1.9293964],[-79.9989612,-1.9306614],[-80.0004632,-1.9315044],[-80.0011352,-1.9320654],[-80.0018602,-1.9329064],[-80.0028362,-1.9335124],[-80.0039342,-1.9346364],[-80.0055452,-1.9356414],[-80.0074602,-1.9367284],[-80.0089162,-1.9388094],[-80.0092222,-1.9402743],[-80.0086882,-1.9412063],[-80.0077652,-1.9418193],[-80.0051562,-1.9415823],[-80.0030892,-1.9418173],[-80.0018972,-1.9426673],[-80.0015932,-1.9437163],[-80.0015002,-1.9447283],[-80.0018512,-1.9463753],[-80.0024852,-1.9483133],[-80.0024852,-1.9500403],[-80.0021112,-1.9507353],[-80.0018972,-1.9515313],[-80.0015552,-1.9520373],[-80.0012042,-1.9530053],[-80.0007752,-1.9538653],[-80.0002352,-1.9545693],[-79.9999682,-1.9557723],[-79.9989972,-1.9567873],[-79.9986462,-1.9576463],[-79.9982202,-1.9585393],[-79.9977552,-1.9595533],[-79.9974432,-1.9609643],[-79.9972522,-1.9620403],[-79.9969992,-1.9627103],[-79.9971062,-1.9636403],[-79.9972362,-1.9647093],[-79.9978692,-1.9656143],[-79.9986562,-1.9660953],[-79.9991892,-1.9670703],[-79.9999752,-1.9677673],[-80.0008912,-1.9679863],[-80.0018512,-1.9680963],[-80.0036452,-1.9678063],[-80.0053612,-1.9676533],[-80.0069242,-1.9681253],[-80.0079412,-1.9693013]]},"properties":{"waterway":"river","osm_id":"way/42098481","source":"OpenStreetMap"}},{"type":"Feature","geometry":{"type":"LineString","coordinates":[[-80.0079412,-1.9693013],[-80.0079412,-1.9707123],[-80.0068422,-1.9725223],[-80.0054382,-1.9743293],[-80.0034852,-1.9759843],[-80.0018512,-1.9771233],[-80.0002492,-1.9782063],[-79.9991314,-1.9783061],[-79.9978172,-1.9783773],[-79.9970442,-1.9780873],[-79.9964592,-1.9773353],[-79.9957472,-1.9764303],[-79.9952142,-1.9754283],[-79.9941842,-1.9714643],[-79.9936512,-1.9696183],[-79.9929172,-1.9664613],[-79.9924152,-1.9645793],[-79.9913172,-1.9631413],[-79.9902872,-1.9622343],[-79.9891882,-1.9623343],[-79.9881492,-1.9627033],[-79.9871802,-1.9636083],[-79.9862122,-1.9655893],[-79.9853811,-1.966426]]},"properties":{"waterway":"river","osm_id":"way/42098486","source":"OpenStreetMap"}},{"type":"Feature","geometry":{"type":"LineString","coordinates":[[-79.9059532,-1.7934503],[-79.9064171,-1.7945296],[-79.907151,-1.7951023],[-79.9087069,-1.7957092],[-79.909711,-1.7960695],[-79.9101759,-1.7965186],[-79.9100952,-1.7981712],[-79.9098545,-1.7990061],[-79.9099681,-1.7998928],[-79.9102658,-1.8005308],[-79.9117362,-1.8021241],[-79.9135396,-1.8036658],[-79.9136229,-1.8044054],[-79.9133168,-1.8048993],[-79.9131282,-1.8056531],[-79.9132482,-1.8060814],[-79.9137967,-1.8064583],[-79.9144474,-1.8064652],[-79.9150139,-1.8065262],[-79.9156567,-1.8073572],[-79.9158797,-1.8081195],[-79.916112,-1.8087081],[-79.9162699,-1.8092807],[-79.9164282,-1.8100174],[-79.9167707,-1.810527],[-79.9172932,-1.8109467],[-79.9182706,-1.8112034],[-79.9187637,-1.8116359],[-79.9191942,-1.8122727],[-79.919646,-1.8127326],[-79.9201819,-1.813242],[-79.9205632,-1.8139831],[-79.9206659,-1.8156004],[-79.9207559,-1.8160816],[-79.9211079,-1.8164505],[-79.9221267,-1.8166344],[-79.9230352,-1.8164459],[-79.9236831,-1.8165538],[-79.9245883,-1.8167946],[-79.9248226,-1.8181463],[-79.9248939,-1.8192439],[-79.9245497,-1.822191],[-79.9250511,-1.8228655],[-79.9258261,-1.8232025],[-79.9266656,-1.823605],[-79.9269207,-1.8235676],[-79.9273208,-1.823373],[-79.9275273,-1.8230982],[-79.9282971,-1.8227175],[-79.92856,-1.8226103],[-79.9288335,-1.8225701],[-79.9290374,-1.8226076],[-79.929252,-1.822798],[-79.9295068,-1.8233877],[-79.9298206,-1.8239748],[-79.9305314,-1.8248702],[-79.930872,-1.8251276],[-79.9310249,-1.8251544],[-79.9311993,-1.8251142],[-79.9313441,-1.8249721],[-79.931446,-1.8246343],[-79.9315158,-1.8242429],[-79.9316499,-1.824007],[-79.9318188,-1.8238622],[-79.9319771,-1.8238167],[-79.9322641,-1.823814],[-79.9325162,-1.8239051],[-79.9327491,-1.8241986],[-79.9331701,-1.8249548],[-79.9335444,-1.8257884],[-79.9351166,-1.8272665],[-79.9353589,-1.8282723],[-79.9353819,-1.8290228],[-79.9356561,-1.8294888],[-79.9356972,-1.8301466],[-79.9356287,-1.8306948],[-79.9359166,-1.8315582],[-79.9362792,-1.8325512],[-79.9368902,-1.833381],[-79.937686,-1.8343436],[-79.9378637,-1.8349022],[-79.9379734,-1.8356971],[-79.9382477,-1.835889],[-79.9390155,-1.836355],[-79.939468,-1.8363687],[-79.9402222,-1.836958],[-79.9409404,-1.8376227],[-79.9411683,-1.8380407],[-79.9410312,-1.8385203],[-79.940277,-1.8392878],[-79.9397545,-1.8399973],[-79.9395092,-1.8410284],[-79.9394173,-1.8420501],[-79.9391115,-1.8425085],[-79.9383848,-1.8430567],[-79.9381517,-1.8434952],[-79.9383162,-1.8440983],[-79.9389912,-1.8450952],[-79.9396027,-1.8463937],[-79.9402359,-1.8468392],[-79.9410723,-1.847456],[-79.9414076,-1.8479856],[-79.94147,-1.8484153],[-79.9414151,-1.8490183],[-79.9407844,-1.849964],[-79.9403584,-1.8506485],[-79.9402633,-1.85117],[-79.9402908,-1.8517182],[-79.9406198,-1.8521704],[-79.9411272,-1.8524994],[-79.941662,-1.8525816],[-79.94272,-1.8533383],[-79.9440204,-1.8542947],[-79.9452949,-1.8553972],[-79.9456384,-1.856186],[-79.9460087,-1.857159],[-79.9462143,-1.8580498],[-79.9462141,-1.858787],[-79.9457063,-1.8602159],[-79.9455973,-1.8611334],[-79.9458167,-1.8615308],[-79.9459812,-1.8622298],[-79.9461796,-1.8625839],[-79.946324,-1.8640799],[-79.9468451,-1.8646966],[-79.9475265,-1.8650051],[-79.9478735,-1.865327],[-79.9479734,-1.8659387],[-79.9476267,-1.8666016],[-79.9471605,-1.8671087],[-79.9471331,-1.8675198],[-79.9475534,-1.8678884],[-79.9484357,-1.8684243],[-79.949039,-1.8692055],[-79.949327,-1.869877],[-79.9496611,-1.8708517],[-79.9500263,-1.8710419],[-79.950753,-1.8712886],[-79.951137,-1.8718231],[-79.9513127,-1.8725162],[-79.9513456,-1.87317]]},"properties":{"name":"Río Pula","waterway":"river","osm_id":"way/42098496","source":"OpenStreetMap"}},{"type":"Feature","geometry":{"type":"LineString","coordinates":[[-79.9962615,-1.8088215],[-79.9954192,-1.8105216],[-79.9955897,-1.8120752],[-79.9957321,-1.813707],[-79.996029,-1.8152806],[-79.9966104,-1.8179127],[-79.9972905,-1.819407],[-79.9981122,-1.8208952],[-79.9989197,-1.8225522],[-79.9997123,-1.8245579],[-80.0001669,-1.8258246],[-80.0005102,-1.8278835],[-80.0002635,-1.8293526],[-79.9994695,-1.8306823],[-79.9986295,-1.8314337]]},"properties":{"waterway":"river","osm_id":"way/42098499","source":"OpenStreetMap"}},{"type":"Feature","geometry":{"type":"LineString","coordinates":[[-79.9986295,-1.8314337],[-79.9979757,-1.8316736],[-79.9975062,-1.8317439],[-79.9951142,-1.8318027],[-79.9940407,-1.8320549],[-79.9930622,-1.8325303],[-79.9926119,-1.8331619],[-79.9923791,-1.8337767],[-79.9931249,-1.836315],[-79.9933004,-1.8376418],[-79.9931802,-1.8383976],[-79.9910942,-1.8404096],[-79.9906598,-1.8411242],[-79.9906504,-1.8418989],[-79.990998,-1.8424953],[-79.9922061,-1.8433358],[-79.9935271,-1.8438772],[-79.9958324,-1.8446742],[-80.0023365,-1.8458875],[-80.0050485,-1.846896],[-80.0075472,-1.8483248],[-80.0086963,-1.8492658],[-80.0094905,-1.8504788],[-80.009898,-1.8517643],[-80.0099323,-1.8530374],[-80.0094356,-1.8548593],[-80.0089324,-1.8557319],[-80.0083248,-1.8564597],[-80.0072248,-1.857454],[-80.00601,-1.8581338],[-80.0050914,-1.8584663],[-80.0041599,-1.8585471],[-80.0027311,-1.8583805],[-80.001333,-1.8580484],[-79.9991403,-1.8574015],[-79.9952161,-1.8556819],[-79.9927747,-1.8547132],[-79.9907193,-1.8540184],[-79.9893522,-1.8540269],[-79.9876257,-1.8543209],[-79.984285,-1.8556008],[-79.9816128,-1.8571829],[-79.9803646,-1.8584324],[-79.9798953,-1.8597973],[-79.9797844,-1.8610471],[-79.9802131,-1.8615853],[-79.9811842,-1.8624568],[-79.9839171,-1.8636103],[-79.9878636,-1.8661008],[-79.9942186,-1.8708713],[-79.9954947,-1.8715396],[-79.9966271,-1.8716422],[-79.9986517,-1.8707353],[-80.0013766,-1.8692692],[-80.0025487,-1.8689],[-80.0038282,-1.8691005],[-80.0052617,-1.8701145],[-80.0061532,-1.8708126],[-80.0064332,-1.8715357],[-80.0065613,-1.8723957],[-80.0065184,-1.8735216],[-80.0059482,-1.8756431],[-80.0057315,-1.8760765],[-80.0053339,-1.8768717],[-80.0040186,-1.8787867],[-80.0021541,-1.8803044],[-79.9979264,-1.8838456],[-79.9962642,-1.8861582],[-79.9952691,-1.8884496],[-79.994199,-1.8915619]]},"properties":{"name":"Río Daule","waterway":"river","osm_id":"way/42098500","source":"OpenStreetMap"}},{"type":"Feature","geometry":{"type":"LineString","coordinates":[[-79.8086573,-1.7273311],[-79.807714,-1.7272786],[-79.8066294,-1.7271453],[-79.8061806,-1.7273219],[-79.8059428,-1.7276386],[-79.8058999,-1.7279818],[-79.8061144,-1.729258],[-79.8060783,-1.7295569],[-79.8059213,-1.7298907],[-79.8055178,-1.7300787],[-79.8048592,-1.7301588],[-79.8030401,-1.7298226],[-79.8022735,-1.7299872],[-79.8016563,-1.7304167],[-79.8007791,-1.7320955],[-79.8000524,-1.7336437],[-79.7989788,-1.7341746],[-79.799021,-1.7348278],[-79.8003321,-1.735436],[-79.8016398,-1.736996],[-79.8024455,-1.7379269],[-79.802522,-1.7387038],[-79.8012441,-1.7398379],[-79.799851,-1.7396638],[-79.7995255,-1.7400393],[-79.799753,-1.7404865],[-79.8000746,-1.7406786],[-79.8006532,-1.7409096],[-79.8006398,-1.7420845],[-79.8010548,-1.7424896],[-79.8020123,-1.7431115],[-79.8025806,-1.745044],[-79.8021813,-1.7462742],[-79.8021933,-1.7470433],[-79.803129,-1.7484852],[-79.8031104,-1.7488934],[-79.8029158,-1.74922],[-79.8027563,-1.7495315],[-79.8027521,-1.7497958],[-79.8029702,-1.7501011],[-79.803679,-1.7508022],[-79.8037906,-1.7515811],[-79.8032412,-1.7528268],[-79.8044453,-1.7531125],[-79.8052326,-1.7536635],[-79.8055658,-1.754503],[-79.8053299,-1.7555519],[-79.8047575,-1.7567982],[-79.804324,-1.7581646],[-79.8045186,-1.7586354],[-79.8054814,-1.759417],[-79.8066466,-1.7603664],[-79.8072195,-1.7615689],[-79.8074188,-1.7628109],[-79.8072839,-1.7636493],[-79.8068048,-1.7645181],[-79.8085984,-1.7662097],[-79.8091811,-1.7666607]]},"properties":{"name":"Río Mastrantales","waterway":"river","osm_id":"way/42101745","source":"OpenStreetMap"}},{"type":"Feature","geometry":{"type":"LineString","coordinates":[[-79.9853811,-1.966426],[-79.9823939,-1.9692315],[-79.9812065,-1.9706167],[-79.9804745,-1.9729957],[-79.9806405,-1.9740717],[-79.9821355,-1.9751867],[-79.9836015,-1.9770597],[-79.9842055,-1.9794487],[-79.9842735,-1.9812217],[-79.9834035,-1.9822977],[-79.9817715,-1.9822947],[-79.9804355,-1.9818897],[-79.9784365,-1.9814517],[-79.9746675,-1.9815867],[-79.9734615,-1.9819557],[-79.9709975,-1.9828947],[-79.9691905,-1.9835277],[-79.9687255,-1.9849757],[-79.9679235,-1.9858777],[-79.9670525,-1.9876237],[-79.9665875,-1.9892697],[-79.9658565,-1.9934927],[-79.9656505,-1.9977547],[-79.9647115,-1.9998327],[-79.9640715,-2.0007377],[-79.9620955,-2.0020846],[-79.9598435,-2.0025356],[-79.9581665,-2.0036096],[-79.9576465,-2.0040466],[-79.95708,-2.0046624],[-79.9565958,-2.0057446],[-79.9564813,-2.0072367],[-79.9566203,-2.0107027],[-79.9566113,-2.0120227],[-79.9564673,-2.0136617],[-79.9563603,-2.0141307],[-79.9557953,-2.0150697],[-79.9538353,-2.0174127],[-79.9528053,-2.0184157],[-79.9510563,-2.0197257],[-79.9503183,-2.0201617],[-79.9495483,-2.0205217],[-79.9481803,-2.0209547],[-79.9477153,-2.0209907],[-79.9462744,-2.0206593],[-79.9445953,-2.0194433],[-79.9432826,-2.0181171],[-79.9419766,-2.0172641],[-79.9408626,-2.0167951],[-79.9399556,-2.0166311],[-79.9390326,-2.0167011],[-79.9383526,-2.0170091],[-79.9377056,-2.0174601],[-79.9372546,-2.0178501],[-79.9369281,-2.0185218],[-79.936809,-2.0194731],[-79.9368132,-2.0213526],[-79.93722,-2.0239918],[-79.9379681,-2.0301203],[-79.9377533,-2.0315894],[-79.9368103,-2.0329096]]},"properties":{"waterway":"river","osm_id":"way/42102600","source":"OpenStreetMap"}},{"type":"Feature","geometry":{"type":"LineString","coordinates":[[-79.8731087,-2.0638178],[-79.8734845,-2.0638108],[-79.8741848,-2.0640959],[-79.8746858,-2.064517],[-79.8751006,-2.0644006],[-79.875259,-2.0640228],[-79.8755837,-2.063602],[-79.8757532,-2.063283],[-79.8762447,-2.0629979],[-79.8766802,-2.0627281],[-79.8767143,-2.0624221],[-79.8771221,-2.0622183],[-79.8776988,-2.0624578],[-79.8782482,-2.0624129],[-79.8789409,-2.0618854],[-79.8804706,-2.0618161],[-79.8810054,-2.0620292],[-79.8814034,-2.0617966],[-79.8816363,-2.0612937],[-79.8819809,-2.0612031],[-79.8831337,-2.0605528]]},"properties":{"name":"Estero El Batán","waterway":"river","osm_id":"way/42104580","source":"OpenStreetMap"}},{"type":"Feature","geometry":{"type":"LineString","coordinates":[[-79.8859918,-1.8259264],[-79.8857539,-1.8261575],[-79.8856078,-1.8263911],[-79.885447,-1.826581],[-79.8853107,-1.8266345],[-79.8850477,-1.8266053],[-79.8840298,-1.8262062],[-79.8836548,-1.8260845],[-79.88346,-1.8261137],[-79.8827976,-1.8263425],[-79.8822862,-1.8263522],[-79.8818869,-1.8262938],[-79.8811028,-1.8262013],[-79.8805427,-1.8262402],[-79.8801141,-1.8263132],[-79.8793592,-1.8266881],[-79.8788722,-1.8269217],[-79.8786287,-1.8269461],[-79.8769289,-1.8264349],[-79.8757698,-1.8262792],[-79.875161,-1.8261526],[-79.874484,-1.8258897],[-79.8738412,-1.8256269],[-79.8735197,-1.8253397],[-79.8732129,-1.8250817],[-79.8729694,-1.8247117],[-79.8725505,-1.824186],[-79.8720343,-1.823743],[-79.871708,-1.8232319],[-79.8714937,-1.82312],[-79.8706463,-1.8229447],[-79.8700716,-1.8229399],[-79.868363,-1.8232145]]},"properties":{"name":"Río Jigual","waterway":"river","osm_id":"way/42105353","source":"OpenStreetMap"}},{"type":"Feature","geometry":{"type":"LineString","coordinates":[[-79.8897367,-1.8186372],[-79.8895634,-1.8194696],[-79.8894233,-1.8199149],[-79.8891874,-1.8201895],[-79.8889537,-1.8204329],[-79.8886127,-1.8207299],[-79.888301,-1.8208613],[-79.8879893,-1.8211388],[-79.8876289,-1.8215282],[-79.8873805,-1.8219614],[-79.8871322,-1.8230518],[-79.8870396,-1.8239816],[-79.8869812,-1.8243905],[-79.8866987,-1.8251206],[-79.8864698,-1.8254516],[-79.8859918,-1.8259264]]},"properties":{"name":"Río Jigual","waterway":"river","osm_id":"way/42105354","source":"OpenStreetMap"}},{"type":"Feature","geometry":{"type":"LineString","coordinates":[[-79.8357212,-1.9090735],[-79.8351369,-1.9091985],[-79.8347043,-1.9090152],[-79.8343199,-1.9086315],[-79.8333467,-1.9076589],[-79.8327811,-1.906694],[-79.8325451,-1.9064152],[-79.8322447,-1.90619],[-79.8318048,-1.9060506],[-79.8314078,-1.9062115],[-79.8309153,-1.9073628],[-79.830571,-1.9077984],[-79.8301418,-1.9081201],[-79.8296596,-1.9081373],[-79.8291982,-1.9080193],[-79.8286296,-1.9075368],[-79.8279807,-1.9073756],[-79.8274335,-1.9075793],[-79.8268005,-1.9079225],[-79.8252234,-1.9080726],[-79.8245368,-1.9083728],[-79.8235042,-1.9097298],[-79.8229785,-1.9098416],[-79.8225025,-1.9098841],[-79.8221214,-1.9102626]]},"properties":{"name":"Río Los Tintos","waterway":"river","osm_id":"way/42105357","source":"OpenStreetMap"}},{"type":"Feature","geometry":{"type":"LineString","coordinates":[[-79.7822958,-1.8694878],[-79.7823217,-1.8702019],[-79.7824374,-1.8713479],[-79.7825946,-1.8721101],[-79.7827221,-1.8730486],[-79.7824266,-1.8738991],[-79.7819694,-1.8742962],[-79.7811952,-1.8746442],[-79.780055,-1.8755014],[-79.7794864,-1.8762016],[-79.7793669,-1.8770064],[-79.7796687,-1.8776663],[-79.7802937,-1.8784093],[-79.7805751,-1.8787815]]},"properties":{"name":"Río Vinces","waterway":"river","osm_id":"way/42105358","source":"OpenStreetMap"}},{"type":"Feature","geometry":{"type":"LineString","coordinates":[[-79.8103049,-1.7880502],[-79.8098736,-1.7887395],[-79.8096776,-1.7892113],[-79.8092906,-1.7898603],[-79.8089986,-1.7908293],[-79.8085886,-1.7915063],[-79.8079399,-1.7920888],[-79.8072924,-1.792598],[-79.8067946,-1.7931153],[-79.8062218,-1.793602],[-79.8058858,-1.7940892],[-79.8058434,-1.7945994],[-79.8064338,-1.7958841],[-79.8068486,-1.7965277],[-79.807107,-1.7972654],[-79.807237,-1.7982778],[-79.8071076,-1.7989583],[-79.8069246,-1.7997453],[-79.8067946,-1.8008663],[-79.8067656,-1.8023323],[-79.8069476,-1.8035813],[-79.8069996,-1.8045493],[-79.8069476,-1.8054083],[-79.8068706,-1.8061673],[-79.8066036,-1.8066123],[-79.8060086,-1.8071273],[-79.8056966,-1.8077763],[-79.8056806,-1.8083283],[-79.8054136,-1.8090603],[-79.8049486,-1.8096573],[-79.8046366,-1.8103913],[-79.8042466,-1.8111953],[-79.8036516,-1.8117473],[-79.8033926,-1.8122623],[-79.8026731,-1.8129241],[-79.8026429,-1.813935]]},"properties":{"name":"Río Vinces","waterway":"river","osm_id":"way/42105362","source":"OpenStreetMap"}},{"type":"Feature","geometry":{"type":"LineString","coordinates":[[-79.8026429,-1.813935],[-79.8029032,-1.8145329],[-79.8037897,-1.8162729],[-79.8042887,-1.8178575],[-79.8042029,-1.8193545],[-79.8036705,-1.8209977],[-79.8034455,-1.8212251],[-79.8031832,-1.8214152],[-79.8027349,-1.8213775],[-79.8016913,-1.8209977],[-79.8014874,-1.8210007],[-79.8012835,-1.8210971],[-79.8010632,-1.8216118],[-79.8011442,-1.8230256],[-79.801396,-1.824383],[-79.801501,-1.8247952],[-79.801741,-1.8254711],[-79.8022383,-1.8259383],[-79.8028748,-1.8265845],[-79.8038893,-1.8268429],[-79.8051095,-1.8268545],[-79.8058607,-1.8268444],[-79.8063117,-1.8269338],[-79.8065449,-1.8271213],[-79.808361,-1.8292644],[-79.8100732,-1.8314704],[-79.8112241,-1.8325414],[-79.8120765,-1.8330762],[-79.8128407,-1.8336624],[-79.8133097,-1.8342605],[-79.8137319,-1.8366525],[-79.8136205,-1.8374927],[-79.8133296,-1.8383173],[-79.8125509,-1.8392529],[-79.8115915,-1.8406121],[-79.8106501,-1.8419704],[-79.8095171,-1.8427641],[-79.8060094,-1.843919],[-79.8042916,-1.8468161],[-79.8035664,-1.8491217],[-79.802637,-1.8516767],[-79.8009663,-1.8529748],[-79.7996107,-1.8538304],[-79.7972566,-1.855474],[-79.7967396,-1.85713],[-79.7962507,-1.8585891],[-79.7952036,-1.8599557],[-79.7938876,-1.8617035],[-79.7932361,-1.8631018],[-79.7922865,-1.864123],[-79.791921,-1.8650864],[-79.7916685,-1.8667054],[-79.7911585,-1.8675301],[-79.7900079,-1.8676857],[-79.788503,-1.8670898],[-79.7877146,-1.8669405],[-79.7870163,-1.8672804],[-79.7844101,-1.8683569],[-79.7830847,-1.8687177],[-79.7825328,-1.8690121],[-79.7822958,-1.8694878]]},"properties":{"name":"Río Vinces","waterway":"river","osm_id":"way/42105363","source":"OpenStreetMap"}},{"type":"Feature","geometry":{"type":"LineString","coordinates":[[-80.0150517,-1.7868966],[-80.0154647,-1.788037],[-80.0154028,-1.7889145],[-80.0158898,-1.7921015],[-80.0173254,-1.794215],[-80.0183378,-1.7950595],[-80.0194818,-1.7947885],[-80.0201388,-1.7924815],[-80.0209018,-1.7916585],[-80.0221078,-1.7901225],[-80.0235454,-1.7896467],[-80.0248529,-1.7898148],[-80.0261279,-1.7905999],[-80.0269066,-1.7913592],[-80.027699,-1.7931131],[-80.0280825,-1.7948019]]},"properties":{"name":"Río Daule","waterway":"river","osm_id":"way/42106033","source":"OpenStreetMap"}},{"type":"Feature","geometry":{"type":"LineString","coordinates":[[-80.0280825,-1.7948019],[-80.0280825,-1.7955004],[-80.0280381,-1.7962907]]},"properties":{"name":"Río Daule","waterway":"river","osm_id":"way/42106035","source":"OpenStreetMap"}},{"type":"Feature","geometry":{"type":"LineString","coordinates":[[-79.8882058,-1.7182716],[-79.8882019,-1.7191263],[-79.888219,-1.7197191],[-79.8884621,-1.7201934],[-79.8890169,-1.7206916],[-79.8898075,-1.7212881],[-79.8902549,-1.7218034],[-79.8907819,-1.7224834],[-79.8911455,-1.7228517],[-79.8914669,-1.7231992],[-79.8920544,-1.7234879],[-79.8926284,-1.7236928],[-79.8935905,-1.7241339],[-79.8940285,-1.7244835],[-79.8945467,-1.7252075],[-79.8951926,-1.7257196],[-79.8957027,-1.7259406],[-79.8964491,-1.7267613],[-79.8978156,-1.7287662],[-79.8977951,-1.7291852],[-79.8974285,-1.7299677],[-79.8967036,-1.7302986],[-79.8962446,-1.7304326],[-79.8955046,-1.7309026],[-79.8948746,-1.7312665],[-79.894527,-1.7317268],[-79.8942315,-1.7324905],[-79.8943081,-1.7333372],[-79.8945297,-1.7338286],[-79.8951765,-1.734697],[-79.8955824,-1.7353449],[-79.8956791,-1.7358065],[-79.8957005,-1.7363821],[-79.8955338,-1.7375159],[-79.895603,-1.7387706],[-79.8954351,-1.7396821],[-79.8954635,-1.7405949],[-79.8956293,-1.7410282],[-79.8961766,-1.7413711],[-79.8968779,-1.742206],[-79.8972555,-1.7430705],[-79.8973843,-1.7439935],[-79.8971403,-1.7459674],[-79.8968995,-1.7465462],[-79.896435,-1.7471229],[-79.8961301,-1.7476671],[-79.8960789,-1.7481844],[-79.8963054,-1.748615],[-79.8965572,-1.7489728],[-79.8968556,-1.7492386],[-79.8974506,-1.7496006],[-79.8981756,-1.7499266],[-79.8986123,-1.7502876],[-79.8989686,-1.7510136],[-79.8990916,-1.7528966],[-79.8989686,-1.7543866],[-79.8989543,-1.7555634],[-79.8988338,-1.7560448],[-79.8982582,-1.7565264],[-79.8970774,-1.7571456],[-79.8963066,-1.7576326],[-79.8960046,-1.7582358],[-79.8958073,-1.7589721],[-79.8958437,-1.7595895],[-79.8962219,-1.7600926],[-79.8965705,-1.7608316],[-79.8970689,-1.7615663],[-79.8975826,-1.7623814],[-79.8981616,-1.7629243],[-79.8980776,-1.7640543],[-79.8979983,-1.764659],[-79.8981379,-1.7655249],[-79.8982386,-1.7664243],[-79.8980016,-1.7670673],[-79.8981156,-1.7678263],[-79.898583,-1.7681601],[-79.8992253,-1.7689251],[-79.8993397,-1.7697788],[-79.8995157,-1.7712708],[-79.8993557,-1.7719118],[-79.8991562,-1.7727689],[-79.8988674,-1.7735617],[-79.8985575,-1.7741877],[-79.8987276,-1.7749366],[-79.8989622,-1.775421],[-79.8991915,-1.7754827],[-79.9002869,-1.7753357]]},"properties":{"name":"Río Pula","waterway":"river","osm_id":"way/42107331","source":"OpenStreetMap"}},{"type":"Feature","geometry":{"type":"LineString","coordinates":[[-79.9082774,-1.7830051],[-79.9082862,-1.7836388],[-79.9072089,-1.7842322],[-79.9063994,-1.7850391],[-79.9057992,-1.7855941],[-79.9054315,-1.7865254],[-79.9048778,-1.7876926],[-79.9046211,-1.7884552],[-79.9045795,-1.7893032],[-79.9048595,-1.789962],[-79.9051146,-1.7903619],[-79.9054087,-1.7910322],[-79.9058072,-1.791531],[-79.9059702,-1.7920897],[-79.9056795,-1.7928757],[-79.9059532,-1.7934503]]},"properties":{"name":"Río Pula","waterway":"river","osm_id":"way/42160041","source":"OpenStreetMap"}},{"type":"Feature","geometry":{"type":"LineString","coordinates":[[-79.7805751,-1.8787815],[-79.7809688,-1.8798079],[-79.7811367,-1.880621],[-79.7811467,-1.8814544],[-79.7806811,-1.8822039],[-79.7794693,-1.8827772],[-79.7788457,-1.8833061],[-79.7777642,-1.8843256],[-79.7768544,-1.8847573],[-79.7753964,-1.8849653],[-79.7745574,-1.8853163],[-79.773154,-1.8857733],[-79.7723081,-1.8863823],[-79.7717285,-1.8876826],[-79.7710755,-1.8886812],[-79.7703046,-1.8892603],[-79.7695974,-1.8898082],[-79.768837,-1.8902485],[-79.7686165,-1.8907132],[-79.7685709,-1.8912038],[-79.7691794,-1.8935388],[-79.7690219,-1.8944905],[-79.7683401,-1.8966757],[-79.7679114,-1.8989513],[-79.7677095,-1.9006664],[-79.7672791,-1.9014012],[-79.7669878,-1.9018746],[-79.7665983,-1.9024467],[-79.7654986,-1.9039956],[-79.7651387,-1.9045232],[-79.7645903,-1.9053756],[-79.764135,-1.9057432],[-79.7635413,-1.9059447],[-79.7633254,-1.9059852],[-79.7624499,-1.906212],[-79.7620563,-1.9067637],[-79.7616215,-1.9076943],[-79.7611867,-1.908059],[-79.7608229,-1.9081335],[-79.7601026,-1.9081291],[-79.7592308,-1.9078049],[-79.7587714,-1.9077752],[-79.757393,-1.9083362],[-79.7549909,-1.9097313],[-79.7544717,-1.9101583],[-79.7530054,-1.9106615],[-79.7516684,-1.9106342],[-79.7510646,-1.9107998],[-79.7500134,-1.9111042],[-79.7495545,-1.9116073],[-79.7484625,-1.9123745],[-79.7480412,-1.912924],[-79.7473578,-1.9134436],[-79.7464866,-1.9137068],[-79.7444516,-1.9141869],[-79.7435791,-1.9146247],[-79.7428281,-1.9151394],[-79.7421253,-1.9160454],[-79.7411368,-1.9172323],[-79.7406147,-1.9174787],[-79.7403244,-1.9174922],[-79.7397869,-1.9174184],[-79.7394066,-1.916936],[-79.7389796,-1.9166438],[-79.7385343,-1.9166838],[-79.7379962,-1.9169842],[-79.7372601,-1.9177104],[-79.7365417,-1.9182622],[-79.7360815,-1.9184125],[-79.7345422,-1.9185396],[-79.7340192,-1.9186313],[-79.7331903,-1.9190141],[-79.7322819,-1.9195391],[-79.7318584,-1.9203596],[-79.73204,-1.9211134],[-79.7330632,-1.9220286],[-79.7333518,-1.9227611],[-79.7332499,-1.9232485],[-79.7328095,-1.9237535],[-79.7321556,-1.9244612],[-79.731868,-1.9250081],[-79.7317017,-1.9257046],[-79.732552,-1.9273398],[-79.7324125,-1.9278722],[-79.7320112,-1.9281386],[-79.7311132,-1.9280931],[-79.7293897,-1.9281397],[-79.7286655,-1.9279783],[-79.7277358,-1.9274154],[-79.7268496,-1.9265554],[-79.7263561,-1.926082],[-79.7259564,-1.925645],[-79.7250761,-1.9251545],[-79.7242197,-1.9251851],[-79.723477,-1.9256486],[-79.7232426,-1.9258947],[-79.7228923,-1.9263854],[-79.7220585,-1.9280061],[-79.7202228,-1.9321429],[-79.7197446,-1.9326366],[-79.7192185,-1.932913],[-79.7156418,-1.9342957],[-79.7151492,-1.934836],[-79.7149304,-1.9353495],[-79.715266,-1.9357731],[-79.7166765,-1.9358886],[-79.7174605,-1.9365904],[-79.7177046,-1.9381942],[-79.7176424,-1.9403436],[-79.7171033,-1.9425242],[-79.7160888,-1.9444427],[-79.7147341,-1.9465576]]},"properties":{"name":"Río Vinces","waterway":"river","osm_id":"way/42189199","source":"OpenStreetMap"}},{"type":"Feature","geometry":{"type":"LineString","coordinates":[[-79.9348987,-1.8958666],[-79.9348948,-1.8960973],[-79.9349096,-1.8960973],[-79.9352028,-1.8960973],[-79.9355757,-1.8960811],[-79.9358759,-1.8960982],[-79.9361636,-1.8961945],[-79.9364365,-1.8963433],[-79.9366343,-1.8965435],[-79.9371158,-1.8970371],[-79.9376022,-1.8973126],[-79.9378454,-1.8980579],[-79.9379264,-1.8986736],[-79.9383804,-1.8989815],[-79.9388019,-1.8989491],[-79.9391748,-1.8987709],[-79.9397098,-1.8986088],[-79.9403745,-1.8987222],[-79.9408284,-1.8991921],[-79.9418822,-1.9002129],[-79.9424172,-1.900537],[-79.943017,-1.900618],[-79.9437466,-1.900456],[-79.944087,-1.9006018],[-79.9442167,-1.9009907],[-79.9442978,-1.9015092],[-79.9444923,-1.9017036],[-79.9448652,-1.9016388],[-79.9453192,-1.9016874],[-79.9455786,-1.9020763],[-79.9455948,-1.9025948],[-79.9455137,-1.9029675],[-79.9451074,-1.9034617],[-79.9446675,-1.9041802],[-79.9440345,-1.9048772],[-79.9439058,-1.9052739],[-79.9439809,-1.9058851],[-79.9440667,-1.9065928],[-79.9440238,-1.907011],[-79.9436805,-1.9077831],[-79.943423,-1.9086087],[-79.9432191,-1.9095095],[-79.9430904,-1.9102386]]},"properties":{"waterway":"river","osm_id":"way/45584871","source":"OpenStreetMap"}},{"type":"Feature","geometry":{"type":"LineString","coordinates":[[-79.9304516,-2.0888049],[-79.9299311,-2.0887234],[-79.9294977,-2.0886664]]},"properties":{"waterway":"stream","osm_id":"way/45894798","source":"OpenStreetMap"}},{"type":"Feature","geometry":{"type":"LineString","coordinates":[[-79.9326021,-2.0891208],[-79.9304516,-2.0888049]]},"properties":{"waterway":"stream","osm_id":"way/45894809","source":"OpenStreetMap"}},{"type":"Feature","geometry":{"type":"LineString","coordinates":[[-79.9356098,-2.0897977],[-79.9354204,-2.0896363]]},"properties":{"waterway":"stream","osm_id":"way/45894810","source":"OpenStreetMap"}},{"type":"Feature","geometry":{"type":"LineString","coordinates":[[-79.9354204,-2.0896363],[-79.9351872,-2.089564]]},"properties":{"waterway":"stream","osm_id":"way/45894811","source":"OpenStreetMap"}},{"type":"Feature","geometry":{"type":"LineString","coordinates":[[-79.9351872,-2.089564],[-79.9346129,-2.0893858],[-79.9333016,-2.0892164],[-79.9326021,-2.0891208]]},"properties":{"waterway":"stream","osm_id":"way/45894812","source":"OpenStreetMap"}},{"type":"Feature","geometry":{"type":"LineString","coordinates":[[-79.9294977,-2.0886664],[-79.9294311,-2.0889188]]},"properties":{"waterway":"stream","osm_id":"way/45894816","source":"OpenStreetMap"}},{"type":"Feature","geometry":{"type":"LineString","coordinates":[[-79.8380377,-2.059163],[-79.8388155,-2.0593733],[-79.8393645,-2.0596202],[-79.8398403,-2.059986],[-79.8400965,-2.0602969],[-79.8404534,-2.0605987],[-79.8404717,-2.0609553],[-79.8413592,-2.0614216],[-79.8417893,-2.06176],[-79.842018,-2.0620983],[-79.8422468,-2.0619794],[-79.8425213,-2.0620343],[-79.8431161,-2.0630036],[-79.8432259,-2.0633236],[-79.8431435,-2.0636254],[-79.8429422,-2.0639363],[-79.843171,-2.0643112],[-79.8431161,-2.0647959],[-79.8432808,-2.0652531],[-79.8435461,-2.0654817],[-79.8437932,-2.0657377],[-79.8441226,-2.0662132],[-79.844269,-2.0668808],[-79.8442781,-2.0671551],[-79.84415,-2.06753]]},"properties":{"waterway":"stream","osm_id":"way/47573889","source":"OpenStreetMap"}},{"type":"Feature","geometry":{"type":"LineString","coordinates":[[-79.8622752,-2.042676],[-79.8622252,-2.0436826],[-79.8622252,-2.0439577],[-79.862269,-2.0443015],[-79.8622314,-2.0445579],[-79.8621689,-2.0447517],[-79.8621564,-2.045008],[-79.8621814,-2.0453831],[-79.8622439,-2.0456582],[-79.8623628,-2.0458458],[-79.8627104,-2.0461729],[-79.8630135,-2.0464757],[-79.8631796,-2.0467492],[-79.8631894,-2.0469935],[-79.8630721,-2.0474917],[-79.8630037,-2.0477652],[-79.863033,-2.0481364],[-79.8631308,-2.0488984],[-79.8632285,-2.049338],[-79.8633751,-2.0496018],[-79.8636684,-2.049973],[-79.863903,-2.050393],[-79.863991,-2.0508815],[-79.863991,-2.0511746],[-79.8639323,-2.0525129],[-79.863903,-2.0530893],[-79.8640007,-2.0533433],[-79.8642834,-2.0535797],[-79.8648215,-2.0540048],[-79.8650154,-2.0542361],[-79.8653094,-2.0546988],[-79.8655096,-2.0551552],[-79.8656097,-2.0555866]]},"properties":{"name":"Estero El Batán","waterway":"river","osm_id":"way/47586054","source":"OpenStreetMap"}},{"type":"Feature","geometry":{"type":"LineString","coordinates":[[-79.8657098,-2.0560555],[-79.8666107,-2.0581249],[-79.8667358,-2.0582812],[-79.8680934,-2.059094],[-79.868181,-2.0592878],[-79.8682999,-2.0593941],[-79.8685251,-2.0594066],[-79.8688942,-2.0593066],[-79.8691006,-2.0594441],[-79.8694823,-2.0598192],[-79.86967,-2.0601131],[-79.8697701,-2.060632],[-79.8703831,-2.0609071],[-79.8705583,-2.0609008],[-79.8706459,-2.0607508],[-79.8708211,-2.0608196],[-79.8712903,-2.0612009],[-79.8718846,-2.0618074],[-79.8720848,-2.0617824]]},"properties":{"name":"Estero El Batán","waterway":"river","osm_id":"way/47586055","source":"OpenStreetMap"}},{"type":"Feature","geometry":{"type":"LineString","coordinates":[[-79.8724977,-2.0618637],[-79.8728168,-2.06202],[-79.8729356,-2.06222],[-79.8729669,-2.0624138],[-79.8730858,-2.0625764],[-79.8731358,-2.0629078],[-79.873017,-2.0630641],[-79.8729544,-2.0633954],[-79.8729982,-2.0636455],[-79.8731087,-2.0638178]]},"properties":{"name":"Estero El Batán","waterway":"river","osm_id":"way/47586057","source":"OpenStreetMap"}},{"type":"Feature","geometry":{"type":"LineString","coordinates":[[-79.8720848,-2.0617824],[-79.8724977,-2.0618637]]},"properties":{"name":"Estero El Batán","waterway":"river","osm_id":"way/47586058","source":"OpenStreetMap"}},{"type":"Feature","geometry":{"type":"LineString","coordinates":[[-79.8656097,-2.0555866],[-79.8657098,-2.0560555]]},"properties":{"name":"Estero El Batán","waterway":"river","osm_id":"way/47586059","source":"OpenStreetMap"}},{"type":"Feature","geometry":{"type":"LineString","coordinates":[[-79.8899548,-2.0304891],[-79.8896968,-2.0309996],[-79.8897182,-2.0312998],[-79.8898255,-2.0319002],[-79.8897247,-2.0323441],[-79.8897247,-2.0332662],[-79.8896389,-2.0340382],[-79.8894457,-2.0349603],[-79.889366,-2.0351608],[-79.8891343,-2.0357433],[-79.8889734,-2.0360007],[-79.8887803,-2.0362687],[-79.8886515,-2.0366762],[-79.8885013,-2.0369764],[-79.8883189,-2.0372659],[-79.8880593,-2.0375447],[-79.8880378,-2.0376733],[-79.8880829,-2.0377698],[-79.8880486,-2.0379306],[-79.8879209,-2.0379918],[-79.8878361,-2.0383703],[-79.8876859,-2.0385632],[-79.8876001,-2.0387562],[-79.8874928,-2.0389707],[-79.887407,-2.0391851],[-79.8874284,-2.0393996],[-79.8874284,-2.039614],[-79.887407,-2.039807],[-79.8872568,-2.0400643],[-79.8870723,-2.0403217],[-79.8870208,-2.040579],[-79.8868577,-2.0409682],[-79.886824,-2.0420195],[-79.886885,-2.0424103],[-79.8870072,-2.0427644],[-79.886995,-2.0433384],[-79.8870113,-2.0433625],[-79.8872516,-2.0437169],[-79.8873127,-2.0440344],[-79.8871661,-2.0442054],[-79.8868484,-2.0442542],[-79.8865185,-2.0441443],[-79.886323,-2.0439978],[-79.8859686,-2.0433872],[-79.885822,-2.0432773],[-79.8854921,-2.0433384],[-79.8852721,-2.0433994],[-79.8850644,-2.0435826],[-79.8846245,-2.0437902],[-79.8843435,-2.0438757],[-79.8839281,-2.0438268],[-79.8836837,-2.0439001],[-79.883537,-2.0439733],[-79.8834637,-2.0441443],[-79.8834149,-2.0444862],[-79.883476,-2.0448281],[-79.8839158,-2.0454387],[-79.8840869,-2.0457318],[-79.8840502,-2.0459638],[-79.8837203,-2.0465255],[-79.8832438,-2.046843],[-79.8829017,-2.047075],[-79.8828283,-2.0473436],[-79.8828772,-2.0477466],[-79.8830605,-2.0479908],[-79.8839281,-2.0485647],[-79.8842824,-2.0490166],[-79.8842457,-2.0492608],[-79.8840655,-2.0494491],[-79.8839769,-2.0495416],[-79.8836715,-2.05014],[-79.8832805,-2.0506895],[-79.8827795,-2.0508116],[-79.8825595,-2.0509459],[-79.8825473,-2.0511535],[-79.8828161,-2.0516175],[-79.8833022,-2.0521138],[-79.8836759,-2.0527568],[-79.8840487,-2.0530276],[-79.8843169,-2.0531053],[-79.8847058,-2.053049],[-79.8848786,-2.0531993]]},"properties":{"waterway":"river","osm_id":"way/47590166","source":"OpenStreetMap"}},{"type":"Feature","geometry":{"type":"LineString","coordinates":[[-79.9266656,-1.823605],[-79.9268317,-1.8238527],[-79.9268595,-1.8246495],[-79.9268729,-1.8254298],[-79.9267653,-1.8259948],[-79.9263749,-1.8265599],[-79.9260653,-1.8269097],[-79.9260788,-1.8273402],[-79.9264691,-1.8276899],[-79.9268595,-1.8281204],[-79.9271018,-1.8285509],[-79.9270883,-1.8290083],[-79.9269402,-1.8292101],[-79.9265634,-1.8294523],[-79.9262269,-1.8299232],[-79.9258096,-1.8302057],[-79.9254866,-1.8304344],[-79.9255,-1.8315241],[-79.9249347,-1.8323447],[-79.924679,-1.832977],[-79.9247059,-1.8336631],[-79.9243155,-1.8339725],[-79.9242348,-1.8342282],[-79.9245309,-1.8345779],[-79.9250828,-1.8350488],[-79.925177,-1.8354389],[-79.9250424,-1.836125],[-79.9247597,-1.8363806],[-79.9246386,-1.8366901],[-79.9247193,-1.8371206],[-79.9251501,-1.8372416],[-79.9254193,-1.8374434],[-79.9254866,-1.8378336],[-79.9253654,-1.8380892],[-79.9246655,-1.8386004],[-79.9241002,-1.8390713],[-79.9240329,-1.8397574],[-79.9236695,-1.8400937],[-79.9230368,-1.8402417],[-79.9228484,-1.8404569],[-79.9227407,-1.840995],[-79.9224446,-1.8411565],[-79.9223504,-1.8414928],[-79.9221216,-1.8416946],[-79.9220946,-1.8419906],[-79.9222486,-1.8423614],[-79.9221434,-1.8428028],[-79.9222065,-1.8432652],[-79.9227954,-1.8443163],[-79.9236787,-1.8449889],[-79.9241414,-1.8456195],[-79.9242466,-1.8464813],[-79.9254874,-1.8474273],[-79.9260552,-1.848205],[-79.9264128,-1.8489828],[-79.9269354,-1.8496595],[-79.9273978,-1.8503693],[-79.9274144,-1.850881],[-79.9272988,-1.8512277],[-79.9271171,-1.8514753],[-79.9267537,-1.8515743],[-79.9261922,-1.8515908],[-79.9258619,-1.851921],[-79.9257628,-1.8523997],[-79.9256637,-1.8526803],[-79.9258784,-1.853192],[-79.9260766,-1.8535552],[-79.9261592,-1.8539018],[-79.9260105,-1.8541494],[-79.9255976,-1.8542485],[-79.9255976,-1.8546446],[-79.9258784,-1.8551233],[-79.9264399,-1.8553049],[-79.926985,-1.8553709],[-79.9275465,-1.8552224],[-79.9278768,-1.8554205],[-79.9280254,-1.8558331],[-79.9279314,-1.8563017],[-79.9275747,-1.8567554],[-79.9276071,-1.8572415],[-79.927899,-1.8575656],[-79.9281421,-1.8579545],[-79.9286609,-1.8579869],[-79.9292932,-1.8582623],[-79.9296336,-1.8587647],[-79.9299741,-1.8600285],[-79.9305253,-1.8615031],[-79.9310603,-1.8623781],[-79.9313359,-1.8632206],[-79.9318547,-1.863804],[-79.9322924,-1.8643063],[-79.9325518,-1.8651327],[-79.9326167,-1.8657808],[-79.9324546,-1.8662507],[-79.9321952,-1.8665748],[-79.9317574,-1.8666072],[-79.9316764,-1.8669312],[-79.9317899,-1.8672715],[-79.9323411,-1.8676604],[-79.932714,-1.8680817],[-79.9327788,-1.8688433],[-79.9329409,-1.8695076],[-79.9333138,-1.869702],[-79.9337029,-1.8697993],[-79.9342055,-1.8699451],[-79.9346918,-1.8700423],[-79.9349512,-1.8703664],[-79.9349674,-1.8708039],[-79.9348377,-1.871128],[-79.934854,-1.8715654],[-79.9347243,-1.8718571],[-79.9348215,-1.8722136],[-79.9348215,-1.8727321],[-79.9347891,-1.8731696],[-79.9344,-1.8737853],[-79.9344,-1.8744173],[-79.9344486,-1.8748061],[-79.9348377,-1.8749358],[-79.9354057,-1.875517],[-79.9357227,-1.8757282],[-79.9359683,-1.8758649],[-79.9363235,-1.8760044],[-79.9368805,-1.875989],[-79.9372533,-1.8760052],[-79.9376911,-1.876151],[-79.9380153,-1.876232],[-79.9382747,-1.8764427],[-79.9384855,-1.8768478],[-79.9387773,-1.8772691],[-79.9387611,-1.8776579],[-79.9386476,-1.8780468],[-79.9386638,-1.8784357],[-79.9384855,-1.8788408],[-79.9384693,-1.8792135],[-79.9383071,-1.8795051],[-79.9380802,-1.8797158],[-79.9379667,-1.8802667],[-79.9377073,-1.8804935],[-79.9376281,-1.8811107],[-79.9375298,-1.8816128],[-79.9375387,-1.8820213],[-79.937544,-1.8824964],[-79.937513,-1.8829509],[-79.937529,-1.8835236],[-79.9376749,-1.8840259],[-79.9376679,-1.8848589],[-79.9375403,-1.8858822]]},"properties":{"name":"Río Jaboncillo","waterway":"river","osm_id":"way/65138526","source":"OpenStreetMap"}},{"type":"Feature","geometry":{"type":"LineString","coordinates":[[-79.8153743,-2.0133658],[-79.8145375,-2.0139233],[-79.8135933,-2.0144595],[-79.8133358,-2.0149098],[-79.8129925,-2.0152958],[-79.8117265,-2.0160249],[-79.8102888,-2.0176332],[-79.8098168,-2.0183409],[-79.8096473,-2.0188373],[-79.8091945,-2.0212359],[-79.8088941,-2.0218363],[-79.8087558,-2.0220384],[-79.8086347,-2.0221948],[-79.8083678,-2.0223323],[-79.8073062,-2.0223939],[-79.8054381,-2.0221692],[-79.8050932,-2.0222626],[-79.8045605,-2.0224627],[-79.8034139,-2.0225477],[-79.8030091,-2.0229793],[-79.8028618,-2.023316],[-79.8028358,-2.0238475],[-79.8029402,-2.0250593],[-79.8028216,-2.0256963],[-79.802328,-2.0265112],[-79.8015959,-2.0270028],[-79.8010793,-2.0269778],[-79.8005141,-2.0264886],[-79.7998604,-2.02486],[-79.7995621,-2.0246273],[-79.7992264,-2.0245943],[-79.7988069,-2.0249996],[-79.7987423,-2.025422],[-79.7994801,-2.0265878],[-79.7995043,-2.0270124],[-79.7992194,-2.0274839],[-79.7987903,-2.0276501],[-79.797991,-2.0273499],[-79.7971273,-2.0260418],[-79.7964997,-2.0257737],[-79.7960973,-2.0259399],[-79.7956735,-2.0266958],[-79.7959418,-2.0280683],[-79.7958452,-2.0285132],[-79.7950727,-2.0294621],[-79.7939638,-2.0303603]]},"properties":{"waterway":"river","osm_id":"way/126768481","source":"OpenStreetMap"}},{"type":"Feature","geometry":{"type":"LineString","coordinates":[[-79.9028563,-1.9816183],[-79.9024701,-1.9817577],[-79.9023735,-1.9817041],[-79.9022329,-1.9816312],[-79.9020731,-1.9817148],[-79.9017405,-1.9819829],[-79.9013956,-1.9821608],[-79.9004101,-1.9821759],[-79.9000346,-1.9821866],[-79.8990905,-1.9822938],[-79.8987471,-1.9824439],[-79.8984789,-1.9825297],[-79.8979961,-1.9826798],[-79.8977268,-1.9828642],[-79.8972129,-1.9832159],[-79.8969447,-1.9833768],[-79.8967409,-1.9833768],[-79.8965048,-1.9834089],[-79.8957216,-1.9833017],[-79.8950554,-1.9831216],[-79.8947887,-1.9830444],[-79.8944991,-1.9830122],[-79.8939948,-1.9829372],[-79.8937572,-1.9829393],[-79.893446,-1.98295],[-79.8931687,-1.9829479],[-79.8926736,-1.9829607],[-79.8924606,-1.9829264],[-79.8923533,-1.9828835],[-79.8922782,-1.983291],[-79.8922015,-1.9836684],[-79.8920727,-1.984033],[-79.8914612,-1.9847514],[-79.8912895,-1.9850516],[-79.8910964,-1.985384],[-79.8909033,-1.9857378],[-79.890678,-1.9861989],[-79.8905294,-1.9864755],[-79.8903148,-1.9866578],[-79.8901308,-1.9868315],[-79.8900466,-1.9869366],[-79.8897998,-1.9871296],[-79.8896496,-1.9872583],[-79.8894871,-1.9874963],[-79.8893369,-1.987625],[-79.8892511,-1.9877537],[-79.8891346,-1.9879445],[-79.8890043,-1.9881611],[-79.8889415,-1.9882876],[-79.8888342,-1.9884163],[-79.8887913,-1.9886522],[-79.8887484,-1.9887594],[-79.8887162,-1.9888774],[-79.8884678,-1.989287],[-79.8881996,-1.9896193],[-79.8880296,-1.9898316],[-79.8879223,-1.9900247],[-79.8878829,-1.9900863],[-79.8876739,-1.9904128],[-79.8874486,-1.9907988],[-79.8872786,-1.9911719],[-79.8871804,-1.9914421],[-79.8871804,-1.9918067],[-79.887182,-1.9921584],[-79.8871804,-1.9925358],[-79.8871391,-1.9928982],[-79.8871391,-1.9932735],[-79.8870425,-1.9935845],[-79.8867528,-1.9942171],[-79.886365,-1.9949591],[-79.8861949,-1.9953322],[-79.8859358,-1.9957954],[-79.8856049,-1.996383],[-79.8854439,-1.9967261],[-79.8852921,-1.9972429],[-79.8853045,-1.9976268],[-79.8854654,-1.9979377],[-79.8854547,-1.9982916],[-79.8854225,-1.998699],[-79.8855786,-1.999374],[-79.8857535,-1.999827],[-79.88585,-2.0001594],[-79.8860431,-2.0003417],[-79.8864508,-2.0006848],[-79.8867942,-2.0009528],[-79.887116,-2.0012531],[-79.8873322,-2.0014547],[-79.8875039,-2.0016905],[-79.8876632,-2.0018642],[-79.8881031,-2.0021323],[-79.8883407,-2.002291],[-79.8885859,-2.0024861],[-79.8888342,-2.0026984],[-79.8889737,-2.0027842],[-79.889176,-2.0028936],[-79.8892849,-2.0030952],[-79.8893814,-2.0032453],[-79.8895102,-2.0032453],[-79.8897446,-2.0032474],[-79.8899055,-2.0033332],[-79.8899071,-2.0034812],[-79.8898642,-2.0035991],[-79.8898427,-2.0036634],[-79.8898427,-2.0037385],[-79.8898427,-2.0038243],[-79.8898642,-2.0038993],[-79.8899699,-2.0040409],[-79.890045,-2.0041159],[-79.8901002,-2.0041996],[-79.8901753,-2.0042961],[-79.890229,-2.0043818],[-79.8902719,-2.0044998],[-79.890281,-2.0046413],[-79.8903041,-2.0047035],[-79.8903561,-2.0048236],[-79.8903792,-2.0049394],[-79.8904543,-2.0051002],[-79.8904758,-2.0051646],[-79.8905278,-2.0052847],[-79.8905509,-2.0053576],[-79.8905707,-2.0054884],[-79.8905723,-2.0056685],[-79.8906152,-2.0057757],[-79.8906689,-2.0059473],[-79.8907011,-2.0060331],[-79.8907762,-2.0062046],[-79.8907869,-2.0063118],[-79.8908389,-2.0064534],[-79.8909049,-2.0065585],[-79.8909585,-2.0067193],[-79.8910551,-2.0068265],[-79.8910953,-2.0069766],[-79.8910832,-2.0071013],[-79.8910658,-2.0072768],[-79.8910229,-2.0073626],[-79.8909813,-2.0074618],[-79.8909572,-2.0075704],[-79.8909894,-2.007679],[-79.8910444,-2.0078606],[-79.8910122,-2.0079738],[-79.8909519,-2.0080649],[-79.8909143,-2.0081427],[-79.8908794,-2.0082043],[-79.890862,-2.0082847],[-79.890862,-2.0083705],[-79.890858,-2.0084443],[-79.8908875,-2.0085823],[-79.8909063,-2.0087391],[-79.890862,-2.0089602],[-79.8908191,-2.0090889],[-79.8907869,-2.0092497],[-79.8907654,-2.009357],[-79.890744,-2.0095607],[-79.8907695,-2.0096961],[-79.890807,-2.0098126],[-79.8908429,-2.0099408],[-79.8908591,-2.0101941],[-79.8908794,-2.0103956],[-79.8908714,-2.0105203],[-79.8908553,-2.0106087],[-79.8908083,-2.0107294],[-79.8907102,-2.0108924],[-79.890626,-2.0110404],[-79.8906246,-2.0111355],[-79.8906287,-2.0112803],[-79.8906139,-2.0114732],[-79.8905723,-2.0117159],[-79.8905723,-2.0119089],[-79.8905401,-2.0121233],[-79.8904972,-2.0122627],[-79.8904328,-2.0124128],[-79.8904221,-2.0126058],[-79.8904114,-2.012831],[-79.8904221,-2.0130481],[-79.8904382,-2.0131915],[-79.8904476,-2.013355]]},"properties":{"waterway":"canal","osm_id":"way/126865999","source":"OpenStreetMap"}},{"type":"Feature","geometry":{"type":"LineString","coordinates":[[-79.8898723,-1.9870765],[-79.8892403,-1.9870031],[-79.888963,-1.9870009],[-79.8886626,-1.9870009],[-79.8882227,-1.9869902],[-79.8879437,-1.9870331],[-79.8877077,-1.9869473],[-79.8876326,-1.9868508],[-79.8873344,-1.9868054],[-79.8864694,-1.9865568],[-79.88585,-1.9864026],[-79.8852186,-1.9863254],[-79.884863,-1.9862847],[-79.8840384,-1.9862289],[-79.883833,-1.9861131],[-79.8835066,-1.9861417],[-79.8832445,-1.9861646],[-79.8822896,-1.9864327],[-79.8818712,-1.986572],[-79.881249,-1.9866257],[-79.8809056,-1.9866364],[-79.8805301,-1.9865828],[-79.880101,-1.9865292],[-79.8798311,-1.9865099],[-79.8791016,-1.9864026],[-79.8788779,-1.9864541],[-79.8786633,-1.9864755],[-79.8784165,-1.9864863],[-79.8780196,-1.9864863],[-79.877805,-1.9864863],[-79.8772042,-1.9861646],[-79.8769252,-1.9861003],[-79.8763872,-1.9858987],[-79.8762262,-1.9857915],[-79.876076,-1.9857807],[-79.8756056,-1.9858215],[-79.8752301,-1.9858429],[-79.8749082,-1.9858429],[-79.8739984,-1.9861608],[-79.873492,-1.9862933],[-79.8731809,-1.9862933],[-79.8727946,-1.9862504],[-79.8725355,-1.9861453],[-79.8723853,-1.9859737],[-79.8719578,-1.9859394],[-79.8711209,-1.9859394],[-79.8708849,-1.9865399],[-79.8703898,-1.9877965],[-79.8700802,-1.9885986]]},"properties":{"waterway":"canal","osm_id":"way/126866225","source":"OpenStreetMap"}},{"type":"Feature","geometry":{"type":"LineString","coordinates":[[-79.8898963,-2.0258042],[-79.8902719,-2.025697],[-79.8903899,-2.025193],[-79.8904972,-2.0247963],[-79.8906795,-2.0244746],[-79.8907546,-2.0243031],[-79.8908512,-2.0239493],[-79.89098,-2.0236169],[-79.8909585,-2.023381],[-79.8908619,-2.0233381],[-79.8907868,-2.0230593],[-79.8907546,-2.022802],[-79.8907117,-2.0222659],[-79.8906688,-2.0219228],[-79.890701,-2.0213652],[-79.890701,-2.0210114],[-79.890701,-2.0207648],[-79.8906366,-2.0204753],[-79.890347,-2.0202501],[-79.8903148,-2.0200678],[-79.8902933,-2.0198212],[-79.8903148,-2.0196389],[-79.8905079,-2.0194888],[-79.8907225,-2.0194352],[-79.8908405,-2.0192851],[-79.8909907,-2.019135],[-79.89098,-2.0189527],[-79.8907868,-2.0182987],[-79.890701,-2.0179556],[-79.8906259,-2.0176017],[-79.8905615,-2.0174838],[-79.8905937,-2.0171514],[-79.8906903,-2.016819],[-79.8908405,-2.0165402],[-79.8907868,-2.0163151],[-79.8907332,-2.016165],[-79.8905937,-2.0158111],[-79.8904972,-2.0155431],[-79.8904328,-2.0152643],[-79.8904006,-2.0149855],[-79.8904113,-2.0147496],[-79.8905226,-2.0144534],[-79.8905705,-2.0143678],[-79.8905678,-2.0142498],[-79.8905226,-2.0141157],[-79.8904837,-2.0139267],[-79.8904645,-2.0137794],[-79.8904509,-2.0136379],[-79.8904476,-2.013355]]},"properties":{"waterway":"canal","osm_id":"way/126866804","source":"OpenStreetMap"}},{"type":"Feature","geometry":{"type":"LineString","coordinates":[[-79.8674583,-2.0184131],[-79.86743,-2.0180204],[-79.8673657,-2.017688],[-79.8672544,-2.0174333],[-79.8672058,-2.0174022],[-79.8671146,-2.0173244],[-79.8671007,-2.0172591],[-79.8670176,-2.0165568]]},"properties":{"waterway":"drain","osm_id":"way/127213438","source":"OpenStreetMap"}},{"type":"Feature","geometry":{"type":"LineString","coordinates":[[-79.8873489,-1.9436573],[-79.8872349,-1.9438534],[-79.8870429,-1.9442742],[-79.8870204,-1.9445396],[-79.88672,-1.9449042],[-79.886485,-1.945443],[-79.8863133,-1.9458612],[-79.8861728,-1.9462445],[-79.8860237,-1.9466976],[-79.8858724,-1.9470809],[-79.8856793,-1.9475098],[-79.8855838,-1.9477162],[-79.8853156,-1.948499],[-79.8851214,-1.9489895],[-79.8850033,-1.9493541],[-79.8847673,-1.9499546],[-79.8845635,-1.9505121],[-79.8843714,-1.9510295],[-79.8842534,-1.9513297],[-79.8841129,-1.9517131],[-79.8840056,-1.9519382],[-79.883909,-1.9521527],[-79.8838017,-1.9525173],[-79.8832985,-1.9537852],[-79.882923,-1.9548146],[-79.8826323,-1.9557769],[-79.8822889,-1.9566026],[-79.8819027,-1.9574604],[-79.8817643,-1.9578169],[-79.8815605,-1.9583959],[-79.8813561,-1.9588007],[-79.8811844,-1.9593154],[-79.8809591,-1.9598301],[-79.880788,-1.9604332],[-79.8805836,-1.9609774],[-79.8804012,-1.9614921],[-79.8801974,-1.961921],[-79.8801008,-1.9621033],[-79.8798862,-1.9623606],[-79.8797473,-1.9628029],[-79.8796146,-1.9631985],[-79.8794463,-1.963658],[-79.8794369,-1.9636872],[-79.8792833,-1.9641661],[-79.879264,-1.9642263],[-79.8790172,-1.9648589],[-79.8788031,-1.9653656],[-79.878588,-1.9660706],[-79.8782774,-1.9667917],[-79.8780516,-1.9674216],[-79.8778692,-1.9680221],[-79.8776122,-1.9686038],[-79.877483,-1.9690193],[-79.8772147,-1.9696519],[-79.8768178,-1.9706813],[-79.8765501,-1.9715096],[-79.8762384,-1.9723218],[-79.8759815,-1.973],[-79.8757985,-1.9734155],[-79.8757553,-1.9735599]]},"properties":{"waterway":"canal","width":"4","osm_id":"way/127216411","source":"OpenStreetMap"}},{"type":"Feature","geometry":{"type":"LineString","coordinates":[[-79.9747154,-2.0245662],[-79.9744336,-2.0251439],[-79.9744265,-2.0255173],[-79.9745745,-2.0259753],[-79.9748634,-2.0265601],[-79.9749338,-2.0268701],[-79.9747999,-2.0278776],[-79.9747999,-2.0281946],[-79.9749127,-2.028406],[-79.9753002,-2.0287371],[-79.975427,-2.0290048],[-79.9753988,-2.0293008],[-79.9753002,-2.0295403],[-79.975279,-2.0297728],[-79.9754904,-2.030576],[-79.9754129,-2.0308578],[-79.975279,-2.0310551],[-79.9750254,-2.0311819],[-79.9747788,-2.0311748],[-79.9745463,-2.031196],[-79.9743209,-2.0313087],[-79.9741306,-2.0315271],[-79.9739968,-2.0321542],[-79.9737643,-2.0323937],[-79.9735106,-2.0324642],[-79.9732852,-2.032443],[-79.9730174,-2.032443],[-79.972799,-2.0325276],[-79.9723199,-2.032908],[-79.9720663,-2.0329574],[-79.9718197,-2.0329292],[-79.9715449,-2.0327883],[-79.9713124,-2.032746],[-79.9711011,-2.0328094],[-79.9707347,-2.0330489],[-79.970467,-2.0331264],[-79.9702274,-2.0331124],[-79.9699456,-2.0329221],[-79.9697131,-2.0325064],[-79.9694806,-2.0322528],[-79.9687902,-2.0317385],[-79.9685436,-2.0314919],[-79.9683181,-2.0314355],[-79.9678108,-2.0314567],[-79.9676206,-2.0315553],[-79.9668808,-2.0324924],[-79.9666554,-2.0326826],[-79.9659367,-2.0328446],[-79.9656126,-2.0329855],[-79.964577,-2.0338662],[-79.9642036,-2.0341269],[-79.9638654,-2.0342255],[-79.9632665,-2.0342467],[-79.963027,-2.0343664],[-79.962872,-2.0345496],[-79.9620265,-2.0372833],[-79.9618292,-2.0375792],[-79.9604554,-2.0387346],[-79.9602933,-2.0390587],[-79.9601172,-2.0399253],[-79.9601101,-2.0401931],[-79.9603285,-2.0407285],[-79.9603285,-2.0410456],[-79.9596522,-2.0425322],[-79.959476,-2.0428422],[-79.9592224,-2.0430183],[-79.9590744,-2.0431662],[-79.9589688,-2.0433987],[-79.9589265,-2.0436665],[-79.9599763,-2.0466326],[-79.9601524,-2.0468933],[-79.9605681,-2.0471751],[-79.9609485,-2.0473372],[-79.9614065,-2.0473513],[-79.9617447,-2.0474006],[-79.9619842,-2.0475485],[-79.9621181,-2.0478303],[-79.9621322,-2.0481263],[-79.9620406,-2.0483306],[-79.9618574,-2.0485208],[-79.9614629,-2.0486476],[-79.9612585,-2.0488238],[-79.9612297,-2.0488747],[-79.9611388,-2.0490351],[-79.9611247,-2.0493381],[-79.9611737,-2.0495607],[-79.9612163,-2.0497538],[-79.9611225,-2.0502497],[-79.9611354,-2.0504137],[-79.9611577,-2.0505123],[-79.9612059,-2.0506283],[-79.9613386,-2.0507869],[-79.9614331,-2.0508794],[-79.9615173,-2.051032],[-79.9615618,-2.0511636],[-79.961557,-2.0513065],[-79.9615102,-2.0514844],[-79.9611599,-2.0520365],[-79.9610683,-2.0523394],[-79.9611599,-2.0526142],[-79.9613572,-2.0529313],[-79.9613431,-2.053192],[-79.9612304,-2.0535654],[-79.9612304,-2.053819],[-79.9614135,-2.0540445],[-79.9615756,-2.0543263],[-79.9615826,-2.0546433],[-79.9608217,-2.0561017],[-79.9606456,-2.0565174],[-79.9606245,-2.0570811],[-79.960716,-2.0573699],[-79.9608992,-2.0575883],[-79.9618292,-2.0578772],[-79.962111,-2.0580674],[-79.962576,-2.0586522],[-79.9629283,-2.0590186],[-79.9630974,-2.0592792],[-79.9631326,-2.059864],[-79.9631749,-2.0603572],[-79.9633088,-2.060632],[-79.964267,-2.0613788],[-79.9646545,-2.0616888],[-79.9648447,-2.0619847],[-79.9649991,-2.0625045]]},"properties":{"name":"Canal De Agua Trasvase Daule – Chongón – San Vicente","waterway":"canal","osm_id":"way/139613427","source":"OpenStreetMap"}},{"type":"Feature","geometry":{"type":"LineString","coordinates":[[-79.9786425,-2.0901078],[-79.9788432,-2.0910419],[-79.9788861,-2.0913164],[-79.9788861,-2.0915394],[-79.9787917,-2.091771],[-79.9784227,-2.0923628],[-79.9783797,-2.0925858],[-79.9784055,-2.0928088],[-79.9784999,-2.0930404],[-79.978972,-2.0936923],[-79.9791866,-2.0939239],[-79.9794269,-2.0940869],[-79.9797959,-2.0942413],[-79.9799504,-2.0943356],[-79.9800964,-2.0945072],[-79.9802165,-2.0947387],[-79.9802509,-2.0949875],[-79.9802594,-2.0963084],[-79.9802852,-2.0972262],[-79.9804483,-2.0991904],[-79.9804483,-2.0994906],[-79.9803882,-2.0997565],[-79.979959,-2.1007171],[-79.9798093,-2.1009899],[-79.9797822,-2.1012475],[-79.9798416,-2.1014915],[-79.9799917,-2.1016883],[-79.9803295,-2.1019176],[-79.9817138,-2.1026224],[-79.9821025,-2.1028422],[-79.9824481,-2.1031531],[-79.9826713,-2.1035305],[-79.9827829,-2.1038564],[-79.983109,-2.1070129],[-79.9830918,-2.1073474],[-79.983006,-2.1076133],[-79.9828515,-2.1079478],[-79.9823022,-2.108531],[-79.981976,-2.108917],[-79.9816671,-2.1093287],[-79.9787145,-2.1152299],[-79.9784913,-2.1155729],[-79.9782424,-2.1158131],[-79.9763098,-2.1168441],[-79.9760931,-2.1170296],[-79.9759643,-2.1172627],[-79.9758824,-2.117594],[-79.9758113,-2.1186632],[-79.9757456,-2.118888],[-79.9755879,-2.1190809],[-79.9751693,-2.1193006],[-79.974964,-2.1194315],[-79.9747964,-2.1196281],[-79.9747247,-2.1198757],[-79.9747501,-2.1200947],[-79.9748006,-2.1202775],[-79.9749087,-2.1203801],[-79.9750581,-2.120522],[-79.9756656,-2.1211934],[-79.9761396,-2.1216027],[-79.9763542,-2.12183],[-79.9772621,-2.1223221],[-79.9774099,-2.1223575],[-79.9777789,-2.1226362],[-79.9783025,-2.1229665],[-79.9783622,-2.1230766],[-79.9791265,-2.1236784]]},"properties":{"name":"Canal De Agua Trasvase Daule – Chongón – San Vicente","waterway":"canal","osm_id":"way/139613432","source":"OpenStreetMap"}},{"type":"Feature","geometry":{"type":"LineString","coordinates":[[-79.931761,-2.0380589],[-79.9303702,-2.0397873],[-79.9301782,-2.0406983],[-79.9299872,-2.0416213],[-79.9298822,-2.0428163],[-79.9300032,-2.0440653],[-79.9302172,-2.0447963],[-79.9305222,-2.0452223],[-79.9311102,-2.0455393],[-79.932083,-2.046372],[-79.9331753,-2.0467962],[-79.9359383,-2.0471779],[-79.9370683,-2.0474849],[-79.9376173,-2.0477589],[-79.9384723,-2.0485199],[-79.9389533,-2.0491969],[-79.9391883,-2.0497759],[-79.9393173,-2.0516769],[-79.9392043,-2.0540199],[-79.9388533,-2.0567779],[-79.9387811,-2.060226],[-79.9382133,-2.0624446],[-79.9379203,-2.0635893]]},"properties":{"waterway":"river","osm_id":"way/150845701","source":"OpenStreetMap"}},{"type":"Feature","geometry":{"type":"LineString","coordinates":[[-79.8831337,-2.0605528],[-79.8847621,-2.0629683],[-79.8861353,-2.0648554],[-79.8876803,-2.0663993],[-79.8911135,-2.0684579],[-79.8930018,-2.0708596],[-79.8935168,-2.0753199],[-79.8927668,-2.081316],[-79.8924868,-2.0835542],[-79.8924729,-2.0835911],[-79.8905217,-2.0887525],[-79.8895686,-2.0912738],[-79.8876373,-2.0939056],[-79.8839037,-2.0989934],[-79.8780673,-2.1116878],[-79.8770895,-2.1138676],[-79.8758357,-2.1166626],[-79.8760073,-2.1224951],[-79.8767047,-2.1278377],[-79.8770373,-2.1303861],[-79.8760073,-2.138277],[-79.8748638,-2.1429238]]},"properties":{"name":"Daule","waterway":"river","osm_id":"way/150903839","source":"OpenStreetMap"}},{"type":"Feature","geometry":{"type":"LineString","coordinates":[[-79.8329523,-2.0624384],[-79.8339096,-2.0627804],[-79.8355825,-2.0641105],[-79.8357638,-2.0645152],[-79.8357882,-2.0649345],[-79.8359675,-2.0650817],[-79.8363886,-2.0650549],[-79.8365603,-2.0651112],[-79.8368231,-2.0654463],[-79.8371638,-2.0655669],[-79.8377136,-2.0660092],[-79.8383296,-2.0669126],[-79.8385849,-2.0669362],[-79.8390467,-2.0666391],[-79.8399394,-2.0670086],[-79.8403584,-2.0675048],[-79.8407119,-2.0674938],[-79.8409131,-2.0675715],[-79.8411116,-2.0678878],[-79.841353,-2.0679923],[-79.8416105,-2.068381],[-79.8426646,-2.0689975],[-79.8429086,-2.0689734],[-79.8431313,-2.0687027],[-79.8432922,-2.068633],[-79.8434585,-2.0686919],[-79.8435648,-2.0689539]]},"properties":{"waterway":"stream","osm_id":"way/169239807","source":"OpenStreetMap"}},{"type":"Feature","geometry":{"type":"LineString","coordinates":[[-79.977494,-2.0858643],[-79.9775377,-2.0858158],[-79.9775865,-2.0857773],[-79.9776424,-2.0857331],[-79.9776702,-2.0857175],[-79.9777733,-2.0856597],[-79.9778841,-2.0855953],[-79.9779642,-2.0855419],[-79.9779878,-2.085491],[-79.9779812,-2.0853695],[-79.9780051,-2.0852857],[-79.978025,-2.0852388],[-79.978061,-2.0852054],[-79.9781734,-2.085158],[-79.9782487,-2.085124],[-79.9783307,-2.0850718],[-79.9784028,-2.0850268],[-79.9785532,-2.0849736],[-79.9786472,-2.08494],[-79.9787106,-2.0848836],[-79.9787519,-2.0848124],[-79.9787939,-2.0847458],[-79.9788657,-2.08464],[-79.9789022,-2.0846071],[-79.9789468,-2.0845848],[-79.9790202,-2.0845891],[-79.9790658,-2.0846034],[-79.9791395,-2.0846322],[-79.9792387,-2.0846815],[-79.9793386,-2.0847476],[-79.9794358,-2.0847804],[-79.9795087,-2.0847591],[-79.9795693,-2.0847363],[-79.9796326,-2.0847282],[-79.9796931,-2.0847233],[-79.9797577,-2.0847305],[-79.9798112,-2.0847241],[-79.9798655,-2.0847036],[-79.9799056,-2.0846691],[-79.9799559,-2.0846433],[-79.9800105,-2.0846286],[-79.9800731,-2.0846268],[-79.9802108,-2.0846257],[-79.9804493,-2.084635],[-79.9805781,-2.084632],[-79.9806187,-2.0846222],[-79.9806566,-2.0846031],[-79.9807203,-2.0845177],[-79.9807729,-2.0843993],[-79.9808147,-2.0843054],[-79.9808532,-2.0842323],[-79.9808972,-2.0841938],[-79.9809601,-2.08417],[-79.9810676,-2.0841274],[-79.9811871,-2.0840888],[-79.9812448,-2.0840771],[-79.981299,-2.0840661],[-79.9813709,-2.0840425],[-79.9814519,-2.0840008],[-79.9815818,-2.0839197],[-79.9816907,-2.0838201],[-79.9817534,-2.0837351],[-79.9818167,-2.0836488],[-79.9818727,-2.0836173],[-79.9819287,-2.0835857],[-79.9820056,-2.0835662],[-79.9820348,-2.0835627],[-79.9820871,-2.0835613],[-79.9821257,-2.0835614],[-79.9821614,-2.0835557],[-79.9821982,-2.083538],[-79.9822303,-2.0834614],[-79.9822306,-2.083372],[-79.982226,-2.0832874],[-79.9822232,-2.0832057],[-79.9822374,-2.0831523],[-79.9822697,-2.0831048],[-79.9823158,-2.0830786],[-79.9823862,-2.0830725],[-79.9824477,-2.0830916],[-79.9825041,-2.0831325],[-79.9825397,-2.0831849],[-79.9825825,-2.0832002],[-79.982603,-2.0831909],[-79.9826422,-2.0831489],[-79.9826712,-2.0831059],[-79.9826803,-2.0830681],[-79.9826824,-2.0830182],[-79.9826796,-2.0829071],[-79.9827207,-2.0827802],[-79.9827294,-2.0827292],[-79.9827431,-2.0827018],[-79.9827663,-2.0825773],[-79.9827654,-2.0825193],[-79.9827207,-2.0824348],[-79.9827127,-2.0824158],[-79.9827319,-2.0823872],[-79.9827917,-2.0823555],[-79.9828823,-2.0823051],[-79.9829243,-2.0822631],[-79.9829813,-2.0822528],[-79.9830158,-2.0822902],[-79.9830448,-2.0822948],[-79.9830569,-2.0822146],[-79.9830663,-2.0821754],[-79.9830738,-2.0821063],[-79.9830937,-2.0819604],[-79.9830922,-2.0819038],[-79.9830894,-2.0816683],[-79.983066,-2.0814653],[-79.9831248,-2.0813832],[-79.9831559,-2.0814051],[-79.9832069,-2.0814044],[-79.9832904,-2.0814264],[-79.9834922,-2.0814759],[-79.9835438,-2.0814794],[-79.9835906,-2.0814617],[-79.9836012,-2.0813698],[-79.983592,-2.0813436],[-79.9835368,-2.0813259],[-79.983507,-2.0812941],[-79.9834483,-2.0812665],[-79.9834242,-2.0812545],[-79.9833966,-2.0812092],[-79.9833817,-2.0811859],[-79.9833796,-2.0811463],[-79.9834065,-2.0811463],[-79.9834263,-2.0811463],[-79.9834419,-2.0811335],[-79.9833867,-2.0810656],[-79.9833485,-2.0810628],[-79.9832649,-2.0809864],[-79.9832664,-2.0809241],[-79.9833117,-2.0808548],[-79.9833485,-2.0808477],[-79.983415,-2.0808308],[-79.9834133,-2.0808132],[-79.983488,-2.0807479],[-79.9835179,-2.0806769],[-79.9835646,-2.0805817],[-79.9835814,-2.0804921],[-79.9835945,-2.0803764],[-79.983602,-2.0803148],[-79.9836164,-2.0802352],[-79.9836489,-2.080163],[-79.9837211,-2.0800682],[-79.9837891,-2.0800258],[-79.9838443,-2.0799098],[-79.9838514,-2.0798744],[-79.9837891,-2.0797414],[-79.9837792,-2.0797103],[-79.9837353,-2.0796509],[-79.9837353,-2.0795872],[-79.9837537,-2.0795434],[-79.9838103,-2.0795207],[-79.9838528,-2.0795236],[-79.9840014,-2.0795193],[-79.9841034,-2.0795052],[-79.9842251,-2.0794599],[-79.9842888,-2.0794373],[-79.9844021,-2.0793283],[-79.9843794,-2.0792986],[-79.9844021,-2.0792548],[-79.9844134,-2.0792265],[-79.9844658,-2.0791953],[-79.9844998,-2.0791359],[-79.9846286,-2.0790199],[-79.9846541,-2.0790227],[-79.9846824,-2.0790227],[-79.9847079,-2.078993],[-79.9847107,-2.0788912],[-79.9847164,-2.0787554],[-79.9847532,-2.0786705],[-79.9847461,-2.0786238],[-79.9847319,-2.0784597],[-79.9847744,-2.0784512],[-79.9848678,-2.0784781],[-79.9849726,-2.0784837],[-79.9850929,-2.0784809],[-79.9852656,-2.0784965],[-79.9853533,-2.0783785],[-79.9853761,-2.0783479],[-79.9853619,-2.0782319],[-79.985318,-2.0781895],[-79.9853378,-2.0781329],[-79.9853393,-2.0780848],[-79.985369,-2.0780437],[-79.9854001,-2.077932],[-79.9854284,-2.0778641],[-79.9854582,-2.0778372],[-79.9854737,-2.077782],[-79.9855049,-2.0777679],[-79.9855445,-2.0777113],[-79.9855898,-2.0776801],[-79.9856111,-2.0776306],[-79.9856606,-2.0775953],[-79.985679,-2.0775656],[-79.9857229,-2.0775175],[-79.9857937,-2.0774552],[-79.9858163,-2.0774283],[-79.9858305,-2.0773887],[-79.9857498,-2.0773548],[-79.9857073,-2.077301],[-79.9857045,-2.0772387],[-79.9856918,-2.077209],[-79.9856833,-2.0771185],[-79.9856889,-2.0770746],[-79.9856493,-2.0770124],[-79.9856634,-2.0769261],[-79.9856663,-2.0768497],[-79.9856748,-2.07682],[-79.985679,-2.0767761],[-79.9856521,-2.076728],[-79.9856677,-2.0766927]]},"properties":{"waterway":"stream","osm_id":"way/170997289","source":"OpenStreetMap"}},{"type":"Feature","geometry":{"type":"LineString","coordinates":[[-79.8217247,-2.0139507],[-79.821258,-2.0142831],[-79.820904,-2.0143045],[-79.8208235,-2.014519],[-79.8208557,-2.0149961],[-79.8205767,-2.0151355],[-79.8203782,-2.0150819],[-79.8200832,-2.0145351],[-79.8198633,-2.0144064],[-79.8196433,-2.0144332],[-79.8191015,-2.0151998],[-79.818903,-2.0152427],[-79.8183246,-2.0151138],[-79.8181574,-2.0150765],[-79.8173634,-2.014578],[-79.8168592,-2.0144493],[-79.8162745,-2.0141164],[-79.8153743,-2.0133658]]},"properties":{"waterway":"river","osm_id":"way/177807205","source":"OpenStreetMap"}},{"type":"Feature","geometry":{"type":"LineString","coordinates":[[-79.8196058,-1.9981729],[-79.8197989,-1.9985214],[-79.8196755,-1.9987894],[-79.8196433,-1.9991272],[-79.8193215,-2.0000064],[-79.8193376,-2.0003656],[-79.8196219,-2.0010465],[-79.8191498,-2.0016952],[-79.8189459,-2.00236],[-79.8189835,-2.0028693],[-79.819241,-2.0039308],[-79.8182164,-2.0053944],[-79.8172454,-2.0068526],[-79.8166983,-2.0078337],[-79.8164998,-2.0080749],[-79.8159633,-2.0090346],[-79.8159633,-2.0093616],[-79.8154591,-2.0113345],[-79.8152713,-2.0116401],[-79.8150943,-2.0125461],[-79.8153743,-2.0133658]]},"properties":{"waterway":"river","osm_id":"way/177807206","source":"OpenStreetMap"}},{"type":"Feature","geometry":{"type":"LineString","coordinates":[[-79.8299417,-2.02927],[-79.8266868,-2.0267047],[-79.8264561,-2.0266886],[-79.8189299,-2.0206574],[-79.8183666,-2.0204805],[-79.8178784,-2.0201106],[-79.8173098,-2.0203626],[-79.8166178,-2.020325],[-79.8163442,-2.0205127],[-79.8158882,-2.0204912],[-79.8150836,-2.02025],[-79.8147242,-2.0202875],[-79.814413,-2.0205448],[-79.8132972,-2.0207861],[-79.8123531,-2.0208343],[-79.8111675,-2.0207968],[-79.8102985,-2.0211185],[-79.8091945,-2.0212359]]},"properties":{"waterway":"river","osm_id":"way/177807207","source":"OpenStreetMap"}},{"type":"Feature","geometry":{"type":"LineString","coordinates":[[-80.0065933,-1.9876973],[-80.0065582,-1.9874174],[-80.0067167,-1.9871129],[-80.0067113,-1.9869574],[-80.006604,-1.9868073],[-80.0063465,-1.986743],[-80.0060408,-1.9865446],[-80.0059496,-1.9863248],[-80.0060783,-1.9855742],[-80.0060086,-1.9853598],[-80.0056706,-1.98514],[-80.0053327,-1.9848934],[-80.0049411,-1.9842822],[-80.0039433,-1.983419],[-80.0037716,-1.9830545],[-80.0035785,-1.982958],[-80.0034015,-1.982974],[-80.003262,-1.9832153],[-80.0031279,-1.9833279],[-80.0029294,-1.9833547],[-80.0028114,-1.9832046],[-80.002806,-1.9830116],[-80.0031064,-1.982765],[-80.0031279,-1.9826202],[-80.0030099,-1.9824701],[-80.0026075,-1.9823897],[-80.002232,-1.9821377],[-80.0021838,-1.9819501],[-80.0022774,-1.981756],[-80.0028406,-1.9816005],[-80.0029509,-1.9814086],[-80.0029133,-1.9812102],[-80.0027202,-1.9810815],[-80.0024788,-1.9810869],[-80.0019745,-1.9815426],[-80.0017063,-1.9815801],[-80.0011967,-1.9814783],[-80.0010036,-1.9813282],[-80.0009392,-1.9810976],[-80.0009768,-1.9808242],[-80.0011484,-1.9806098],[-80.0014351,-1.9805497],[-80.0020067,-1.9806687],[-80.0022749,-1.9806044],[-80.0024383,-1.9804425],[-80.0024681,-1.9802827],[-80.0023608,-1.9797841],[-80.0024573,-1.9793713],[-80.0026665,-1.9791569],[-80.0032459,-1.9789478],[-80.0033693,-1.9787494],[-80.0033586,-1.9785564],[-80.0027577,-1.9780203],[-80.0026456,-1.9778238]]},"properties":{"name":"Estero Nato","waterway":"river","osm_id":"way/178696745","source":"OpenStreetMap"}},{"type":"Feature","geometry":{"type":"LineString","coordinates":[[-80.0160884,-1.966762],[-80.0154339,-1.9669336],[-80.0152086,-1.9668746],[-80.0150423,-1.9666923],[-80.0147097,-1.9665315],[-80.013787,-1.9664028],[-80.0134598,-1.96651],[-80.0130628,-1.9668907],[-80.012344,-1.9674107],[-80.0117271,-1.9676359],[-80.0112604,-1.9679576],[-80.0107669,-1.9686277],[-80.0102841,-1.9686599],[-80.0101231,-1.9685312],[-80.0100748,-1.9683328],[-80.0101875,-1.9678021],[-80.0100212,-1.9674214],[-80.0097369,-1.9672874],[-80.0092648,-1.967341],[-80.0089867,-1.9674927],[-80.0088732,-1.9678932],[-80.0086356,-1.9681224],[-80.0079412,-1.9693013]]},"properties":{"name":"Estero Petrillo","waterway":"river","osm_id":"way/178697501","source":"OpenStreetMap"}},{"type":"Feature","geometry":{"type":"LineString","coordinates":[[-79.8106099,-1.9247368],[-79.8100801,-1.9259647],[-79.8100975,-1.9269532],[-79.810323,-1.9280284],[-79.8101495,-1.9286343],[-79.8095688,-1.9287114],[-79.8087846,-1.9290091],[-79.8084121,-1.929404],[-79.8081311,-1.9302796],[-79.8081278,-1.9312778],[-79.8084837,-1.9325895],[-79.8084586,-1.9331718],[-79.8082679,-1.9335147],[-79.8077202,-1.9339596],[-79.8072154,-1.9344594],[-79.806974,-1.9350174],[-79.8071742,-1.9357933],[-79.8078645,-1.9370187],[-79.8079619,-1.9383238],[-79.80801,-1.9397017],[-79.8077184,-1.9403884],[-79.8071535,-1.9408949],[-79.8056342,-1.9419564],[-79.8052738,-1.9424901],[-79.8051376,-1.9432809],[-79.8052677,-1.9440192],[-79.8053815,-1.9450319],[-79.8051376,-1.9460857],[-79.8047772,-1.9473713],[-79.8049339,-1.9482887],[-79.805282,-1.9490854],[-79.8057609,-1.9509747],[-79.806372,-1.9528032],[-79.8063257,-1.9535361],[-79.8054723,-1.9547766],[-79.8042221,-1.9569252],[-79.8038165,-1.9582775],[-79.8033164,-1.9589412],[-79.8017971,-1.9596327],[-79.8012517,-1.9600807],[-79.801115,-1.9608756],[-79.8012614,-1.9622622],[-79.8009938,-1.9631874],[-79.8002291,-1.9642782],[-79.7997732,-1.9653761],[-79.7969067,-1.9686232],[-79.7961474,-1.9702692],[-79.7960843,-1.9711669],[-79.796289,-1.9724325],[-79.7959528,-1.9730442],[-79.7948794,-1.9741673],[-79.7946442,-1.9752128],[-79.7941907,-1.9773097],[-79.7938218,-1.9799363],[-79.7937732,-1.9802822],[-79.7933753,-1.9808731],[-79.7926385,-1.9811361],[-79.7915415,-1.9811275],[-79.7904504,-1.9805281],[-79.7886827,-1.9794664],[-79.7878245,-1.9789509],[-79.7868316,-1.978715],[-79.7845147,-1.9785306],[-79.7808272,-1.9776224],[-79.7770364,-1.9775597],[-79.7746198,-1.977107],[-79.7705302,-1.9769949],[-79.7638134,-1.9772315],[-79.7617647,-1.9770943],[-79.7606022,-1.9773227],[-79.7602411,-1.9776229],[-79.7595334,-1.9780381],[-79.7585843,-1.9790002],[-79.7561393,-1.9817641],[-79.7550343,-1.983684],[-79.7538139,-1.9846043],[-79.7528173,-1.9849033],[-79.7514719,-1.9851026],[-79.7507102,-1.9847796],[-79.7498276,-1.9840396],[-79.7485154,-1.9816644],[-79.7470205,-1.9813488],[-79.7432652,-1.9826995]]},"properties":{"name":"Río Los Tintos","waterway":"river","osm_id":"way/199108991","source":"OpenStreetMap"}},{"type":"Feature","geometry":{"type":"LineString","coordinates":[[-80.0793972,-1.9273021],[-80.0785096,-1.9260199],[-80.0779317,-1.9260475],[-80.0775368,-1.9263688],[-80.0770338,-1.9261165],[-80.0765832,-1.9264165],[-80.0761774,-1.9262888],[-80.0760225,-1.9260931],[-80.075793,-1.9260109],[-80.0756703,-1.9256267],[-80.0754127,-1.9257016],[-80.074905,-1.9258897],[-80.074314,-1.9255707],[-80.0740807,-1.9249924],[-80.0736377,-1.9248],[-80.0734504,-1.9246264],[-80.0732997,-1.9246946],[-80.0729095,-1.9245757],[-80.0726854,-1.9245179],[-80.0725346,-1.9245295],[-80.0722429,-1.9245714],[-80.0718814,-1.9247259],[-80.0714981,-1.9247143],[-80.0708884,-1.9241778],[-80.0699079,-1.9244252],[-80.0692954,-1.9250965],[-80.0688361,-1.9257509],[-80.0682903,-1.9261872],[-80.0676917,-1.926196],[-80.067238,-1.9257763],[-80.0671052,-1.9253338],[-80.0667094,-1.9243654],[-80.0664967,-1.9243499],[-80.0660545,-1.9241254],[-80.065822,-1.9242821],[-80.0657018,-1.9247472],[-80.0655454,-1.9247481],[-80.0654823,-1.9250506],[-80.0652961,-1.925033],[-80.0648594,-1.9247839],[-80.0646895,-1.9249182],[-80.0645653,-1.9252787],[-80.0644013,-1.9258433],[-80.0642056,-1.9259749],[-80.0637173,-1.9259077],[-80.0627959,-1.9252635],[-80.0627433,-1.9251097],[-80.0625566,-1.9248562],[-80.0622969,-1.9248308],[-80.0616991,-1.9246562],[-80.0614592,-1.9246502],[-80.061392,-1.9249208],[-80.0614446,-1.9252502],[-80.0612193,-1.9252654],[-80.0607157,-1.9250774],[-80.0604761,-1.925069],[-80.0602581,-1.9249672],[-80.0599919,-1.9251637],[-80.0594819,-1.9250519],[-80.0590672,-1.9246652],[-80.0586287,-1.9247097],[-80.0579233,-1.9251593],[-80.0577036,-1.9251546],[-80.057428,-1.9249611],[-80.0563991,-1.9246924],[-80.0559711,-1.9247501],[-80.0552505,-1.9254311],[-80.0550196,-1.9254388],[-80.054552,-1.9251542],[-80.0542165,-1.9252634],[-80.0534025,-1.9249663],[-80.0529191,-1.9246833],[-80.0524389,-1.924684],[-80.052263,-1.9248166],[-80.0525848,-1.925261],[-80.0525714,-1.9259812],[-80.0519106,-1.9263699],[-80.0512263,-1.9264943],[-80.0509859,-1.926315],[-80.0507054,-1.9262383],[-80.0503453,-1.9264454],[-80.0500659,-1.9266136],[-80.0497745,-1.9267942],[-80.0494529,-1.9267059],[-80.0491719,-1.9269858],[-80.0492788,-1.9274502],[-80.0492172,-1.9277031],[-80.0494184,-1.927972],[-80.0494104,-1.9281841],[-80.0494382,-1.9283778],[-80.0491624,-1.9287081],[-80.0489809,-1.9286729],[-80.0485303,-1.928872],[-80.0480919,-1.9287766],[-80.0477377,-1.9290605],[-80.0474093,-1.9291701],[-80.0472501,-1.9289975],[-80.0469739,-1.9290581],[-80.0467415,-1.9293145],[-80.0460962,-1.929133],[-80.0456743,-1.9291815],[-80.045456,-1.9295223],[-80.0452618,-1.9301861],[-80.0450809,-1.9304182],[-80.0448246,-1.9304705],[-80.0446739,-1.930309],[-80.0443246,-1.9302152],[-80.0436662,-1.9304118],[-80.043281,-1.9308364],[-80.0429532,-1.9313802],[-80.0427429,-1.9315355],[-80.0424646,-1.9314505],[-80.0420372,-1.9311286],[-80.0416406,-1.9311909],[-80.0414957,-1.9315058],[-80.0414897,-1.9317672],[-80.0414971,-1.9318624],[-80.0414756,-1.9319321],[-80.0414246,-1.9319723],[-80.0413267,-1.9319924],[-80.0412168,-1.9319723],[-80.0409713,-1.9318845],[-80.0401988,-1.931778],[-80.0393295,-1.9318763],[-80.0387595,-1.9320596],[-80.0384986,-1.9324294],[-80.0380741,-1.9326471],[-80.0377449,-1.9326838],[-80.0376768,-1.9325929],[-80.0372241,-1.9325058],[-80.0369709,-1.9325498],[-80.0368187,-1.9326131],[-80.0367271,-1.9325632],[-80.0368235,-1.9323853],[-80.0367241,-1.9323981],[-80.0365173,-1.9324751],[-80.0361589,-1.9321724],[-80.0353301,-1.9319795],[-80.0350717,-1.9320473],[-80.035089,-1.9322599],[-80.0352106,-1.9325483],[-80.0351379,-1.9327785],[-80.0349772,-1.9329582],[-80.0347035,-1.9328959],[-80.0345211,-1.9323449],[-80.0347273,-1.9317328],[-80.0346353,-1.9314539],[-80.034506,-1.9313713],[-80.0343359,-1.9313951],[-80.0342026,-1.9316891],[-80.0341494,-1.9318937],[-80.0339174,-1.9319708],[-80.033718,-1.93176],[-80.033498,-1.9318497],[-80.0333276,-1.9321838],[-80.0331811,-1.9321816],[-80.0329554,-1.9320519],[-80.0326501,-1.9320574],[-80.0325874,-1.9322778],[-80.0326435,-1.9325328],[-80.0324136,-1.932691],[-80.0321374,-1.9327012],[-80.031748,-1.932544],[-80.0313776,-1.9323254],[-80.03106,-1.9322331],[-80.0308535,-1.9323116],[-80.0304527,-1.9326943],[-80.0302866,-1.9327935],[-80.0300634,-1.932801],[-80.0298656,-1.9326953],[-80.0295944,-1.9321647],[-80.0294253,-1.9320604],[-80.0291367,-1.9321209],[-80.028769,-1.9324823],[-80.0282949,-1.9326647],[-80.0279908,-1.9331692],[-80.0277647,-1.9331923],[-80.0275771,-1.9330243],[-80.0276669,-1.9326765],[-80.0276238,-1.9324761],[-80.0272361,-1.9324192],[-80.0271117,-1.9322028],[-80.027125,-1.9318857],[-80.026919,-1.9317426],[-80.0264674,-1.9317986],[-80.0263487,-1.9317017],[-80.0262688,-1.9313875],[-80.02628,-1.9312397],[-80.0262144,-1.9310576],[-80.0260792,-1.9309637],[-80.0257356,-1.9308651],[-80.0252455,-1.9309275],[-80.0249604,-1.930741],[-80.024954,-1.930271],[-80.0247989,-1.9300252],[-80.0245458,-1.9299349],[-80.0243404,-1.9297977],[-80.0240483,-1.9296751],[-80.0236987,-1.9293647],[-80.0235876,-1.9293031],[-80.0234683,-1.9292661],[-80.0233367,-1.9292332],[-80.0232256,-1.9291756],[-80.023168,-1.9290441],[-80.0230529,-1.9289125],[-80.0230446,-1.9288015],[-80.0229418,-1.9287152],[-80.022514,-1.928226],[-80.0224318,-1.9281027],[-80.0224318,-1.9279464],[-80.0224893,-1.9277861],[-80.0225922,-1.9274819],[-80.0226004,-1.9272065],[-80.0225716,-1.9270914],[-80.0224482,-1.9269393],[-80.0223207,-1.9268241],[-80.0222055,-1.926709],[-80.0221644,-1.9265898],[-80.0220575,-1.9263719],[-80.0218434,-1.9261798],[-80.021475,-1.9259323],[-80.0211428,-1.9253045],[-80.020563,-1.9248759],[-80.0201039,-1.9247914],[-80.0197166,-1.9246213]]},"properties":{"waterway":"river","osm_id":"way/232634476","source":"OpenStreetMap"}},{"type":"Feature","geometry":{"type":"LineString","coordinates":[[-80.1102657,-1.896292],[-80.1101271,-1.8961743],[-80.1098352,-1.8959493],[-80.1098019,-1.8957993],[-80.1096684,-1.8957993],[-80.109585,-1.8958868],[-80.1095558,-1.8961076],[-80.1094975,-1.8961618],[-80.1092598,-1.896116],[-80.1087136,-1.8960493],[-80.1085676,-1.8959576],[-80.1084926,-1.8959493],[-80.1083758,-1.896016],[-80.1077129,-1.8958743],[-80.1076628,-1.8959451],[-80.1076878,-1.896116],[-80.107667,-1.8963118],[-80.1074752,-1.8964119],[-80.1071708,-1.8963619],[-80.1070332,-1.8963535],[-80.1068789,-1.8964369],[-80.1067538,-1.8963952],[-80.1067163,-1.8964369],[-80.1067497,-1.8966661],[-80.1066371,-1.8969036],[-80.1065495,-1.8969703],[-80.1064036,-1.8969578],[-80.1062034,-1.8970536],[-80.1061117,-1.8970578],[-80.1060825,-1.8969745],[-80.1060367,-1.8968911],[-80.1059449,-1.8968494],[-80.1058198,-1.8968953],[-80.1056989,-1.896962],[-80.105553,-1.8969495],[-80.1054279,-1.8968744],[-80.1053195,-1.8969578],[-80.1053195,-1.897087],[-80.1052152,-1.8971412],[-80.1050359,-1.8971036],[-80.1049984,-1.8970036],[-80.1050276,-1.8968744],[-80.1048733,-1.8967286],[-80.1047649,-1.8967578],[-80.104619,-1.8968911],[-80.1045343,-1.8968405],[-80.1045022,-1.8967578],[-80.1045106,-1.8965744],[-80.1044647,-1.8965077],[-80.1043563,-1.8965244],[-80.104177,-1.8966702],[-80.1038017,-1.8967161],[-80.1035557,-1.8968453],[-80.1034056,-1.8968369],[-80.1033723,-1.8967161],[-80.1034807,-1.8966077],[-80.1034682,-1.8965411],[-80.1031179,-1.8964035],[-80.1028302,-1.8962285],[-80.1027093,-1.8961868],[-80.10258,-1.8962368],[-80.1025383,-1.8963577],[-80.1024799,-1.8965077],[-80.102384,-1.8965619],[-80.1021881,-1.8965577],[-80.1016418,-1.8965369],[-80.1012541,-1.8966911],[-80.1009163,-1.8967536],[-80.1004743,-1.8968744],[-80.1000782,-1.8969536],[-80.0996738,-1.8969995],[-80.0993527,-1.8970995],[-80.0991984,-1.8970411],[-80.0989107,-1.8971412],[-80.0987356,-1.8972828],[-80.0985813,-1.8972953],[-80.0984437,-1.8971995],[-80.0982477,-1.8971412],[-80.0981393,-1.8970328],[-80.0980434,-1.8967328],[-80.0979392,-1.8966869],[-80.0977265,-1.8967911],[-80.0975556,-1.8967911],[-80.0974055,-1.8967494],[-80.0972846,-1.8967869],[-80.0971887,-1.8969161],[-80.0971136,-1.8969411],[-80.0969176,-1.8967911],[-80.0965549,-1.8969161],[-80.0964465,-1.8970078],[-80.0963839,-1.8972203],[-80.0962547,-1.8972203],[-80.0961963,-1.8972578],[-80.0961754,-1.8974162],[-80.095846,-1.8977329],[-80.0958377,-1.8978913],[-80.095746,-1.897933],[-80.0956167,-1.8978579],[-80.0955667,-1.897958],[-80.0955667,-1.8980746],[-80.0954791,-1.8981497],[-80.0952331,-1.8981705],[-80.0950038,-1.8982288],[-80.0948745,-1.8982788],[-80.0948703,-1.8984164],[-80.094837,-1.8985956],[-80.0947202,-1.8986956],[-80.0947327,-1.8988789],[-80.0945993,-1.8989165],[-80.0944617,-1.8988748],[-80.0943366,-1.898904],[-80.0941073,-1.899029],[-80.0938613,-1.899054],[-80.0938462,-1.8991771],[-80.0933792,-1.8995522],[-80.0929456,-1.9001023],[-80.0927454,-1.9006941],[-80.091827,-1.9019782],[-80.0916853,-1.9021824],[-80.091752,-1.9024033],[-80.0917186,-1.902545],[-80.0916144,-1.9026075],[-80.0914393,-1.9027075],[-80.0914101,-1.9028159],[-80.0915477,-1.9029701],[-80.0914851,-1.9031242],[-80.0912099,-1.9032326],[-80.0908847,-1.903416],[-80.0906762,-1.9037702],[-80.0904135,-1.9039494],[-80.0902426,-1.9042369],[-80.0900508,-1.9044411],[-80.0897631,-1.9046412],[-80.0893669,-1.9050329],[-80.0890626,-1.905408],[-80.0886748,-1.9054246],[-80.088041,-1.9052579],[-80.0877241,-1.9051496],[-80.0873071,-1.9051746],[-80.0867567,-1.9051996],[-80.0863439,-1.9052829],[-80.0861355,-1.9053829],[-80.0856685,-1.9054205],[-80.0853432,-1.9054621],[-80.0851723,-1.9053788],[-80.085239,-1.9051746],[-80.0851556,-1.9049412],[-80.0850263,-1.904837],[-80.0847595,-1.9048412],[-80.0842966,-1.9047578],[-80.0838964,-1.9048787],[-80.083175,-1.9049704],[-80.0829415,-1.9051329],[-80.0827497,-1.9053246],[-80.0824495,-1.9054871],[-80.082266,-1.9056747],[-80.0822452,-1.9058289],[-80.0820951,-1.9060539],[-80.0819199,-1.9061872],[-80.0817823,-1.9062206],[-80.0816698,-1.9061497],[-80.0814237,-1.9060956],[-80.0810526,-1.9060872],[-80.0807274,-1.9061039],[-80.0804939,-1.9062414],[-80.0803146,-1.9062789],[-80.0801061,-1.9061706],[-80.0799727,-1.9062373],[-80.0798393,-1.9063456],[-80.0795808,-1.9063123],[-80.0794932,-1.9064248],[-80.0794473,-1.9066415],[-80.0791054,-1.9071166],[-80.0790345,-1.9073291],[-80.079168,-1.9076542],[-80.0793097,-1.9078792],[-80.0792805,-1.9081084],[-80.0790971,-1.9082959],[-80.0785592,-1.9085543],[-80.0781756,-1.9087293],[-80.0779754,-1.9091002],[-80.0777545,-1.9094128],[-80.0775335,-1.9096461],[-80.0772791,-1.9097837],[-80.0769664,-1.9097503],[-80.0766787,-1.9096295],[-80.0766036,-1.9095128],[-80.0764077,-1.9094211],[-80.0762409,-1.9094294],[-80.0760783,-1.9095461],[-80.0758197,-1.9096086],[-80.0754236,-1.9096253],[-80.0750609,-1.9095795],[-80.0748565,-1.9095878],[-80.0746397,-1.9095003],[-80.0744813,-1.9093503],[-80.0743395,-1.9093211],[-80.0741852,-1.9093836],[-80.074056,-1.9093878],[-80.0739684,-1.9093211],[-80.0737933,-1.9092752],[-80.0737099,-1.9092752],[-80.073589,-1.9093586],[-80.0735306,-1.9092961],[-80.0734931,-1.9092377],[-80.0733471,-1.9091961],[-80.0730719,-1.9091836],[-80.0729552,-1.9092169],[-80.0728551,-1.9093753],[-80.0727092,-1.9095128],[-80.0725299,-1.9095295],[-80.0722255,-1.9094544],[-80.0720212,-1.9094169],[-80.0716376,-1.9093128],[-80.0715584,-1.9092627],[-80.0714124,-1.9089544],[-80.0712123,-1.9088585],[-80.0710371,-1.908671],[-80.0707661,-1.9084668],[-80.0705201,-1.9081167],[-80.0702699,-1.9079542],[-80.0699447,-1.9078667],[-80.069853,-1.9079042],[-80.0697237,-1.9078709],[-80.0696862,-1.9078],[-80.0695444,-1.9077958],[-80.0694819,-1.9079375],[-80.069461,-1.9080709],[-80.0689648,-1.9083334],[-80.0687313,-1.9085501],[-80.0687063,-1.9088002],[-80.0685312,-1.908971],[-80.0682977,-1.9090294],[-80.06811,-1.9089627],[-80.0679349,-1.9087627],[-80.0676305,-1.9081334],[-80.0674304,-1.9078834],[-80.0670927,-1.9077792],[-80.0667049,-1.9078083],[-80.0663838,-1.907675],[-80.0661336,-1.9075],[-80.0659001,-1.9073791],[-80.0652372,-1.9072999],[-80.0648786,-1.9073333],[-80.0644699,-1.9073833],[-80.0642656,-1.9072624],[-80.0640029,-1.9069957],[-80.0636527,-1.9065915],[-80.0634734,-1.9065498],[-80.0631732,-1.9065998],[-80.0625936,-1.9067248],[-80.062235,-1.9067207],[-80.0618597,-1.9065123],[-80.0616471,-1.906429],[-80.0614553,-1.9064623],[-80.0613427,-1.9065415],[-80.0613594,-1.906679],[-80.0612218,-1.9067873],[-80.061005,-1.9068415],[-80.060759,-1.9067123],[-80.0605755,-1.906754],[-80.0605463,-1.9068123],[-80.0605755,-1.9069332],[-80.0607339,-1.9070416],[-80.0609132,-1.9071249],[-80.0609716,-1.9072041],[-80.0609883,-1.9072916],[-80.0609077,-1.9073669]]},"properties":{"waterway":"stream","osm_id":"way/241553548","source":"OpenStreetMap"}},{"type":"Feature","geometry":{"type":"LineString","coordinates":[[-80.0609077,-1.9073669],[-80.0607373,-1.9074114]]},"properties":{"name":"Río Bijagual","waterway":"stream","osm_id":"way/241553554","source":"OpenStreetMap"}},{"type":"Feature","geometry":{"type":"LineString","coordinates":[[-80.1537014,-2.0436205],[-80.1535245,-2.043373],[-80.1529938,-2.0433848],[-80.1520267,-2.0427601],[-80.1514724,-2.0421473],[-80.1510832,-2.0412869],[-80.1504464,-2.0411926],[-80.1499982,-2.0412987],[-80.1496326,-2.0415815],[-80.1487717,-2.0420765],[-80.1483235,-2.0424419],[-80.1480051,-2.0424301],[-80.1478636,-2.0421708],[-80.1479343,-2.0417583],[-80.1485004,-2.0409687],[-80.1486066,-2.0406151],[-80.1484533,-2.0402026],[-80.1485358,-2.0398608],[-80.1484297,-2.0392479],[-80.1479815,-2.0383875],[-80.1475216,-2.0370557],[-80.1464248,-2.0360421],[-80.1463186,-2.0353467],[-80.1458115,-2.035052],[-80.145328,-2.0350049],[-80.1447737,-2.0352053],[-80.144184,-2.0357474],[-80.1435825,-2.0361246],[-80.1428985,-2.0363839],[-80.142415,-2.0363721],[-80.1422263,-2.0360656],[-80.1421319,-2.0355117],[-80.1411413,-2.0339441],[-80.1409054,-2.0332959],[-80.1410469,-2.0330248],[-80.1413535,-2.0328598],[-80.1417663,-2.0328598],[-80.1421437,-2.0330602],[-80.1428867,-2.0338381],[-80.1436769,-2.0341445],[-80.1443137,-2.034227],[-80.1450685,-2.0340502],[-80.1455756,-2.0335316],[-80.1455992,-2.0328362],[-80.1455992,-2.032188],[-80.1461181,-2.0312687],[-80.1465899,-2.0308326],[-80.1471914,-2.0306322],[-80.1480877,-2.0305733],[-80.1494321,-2.0299369],[-80.1495972,-2.0295715],[-80.1494557,-2.0291825],[-80.1480523,-2.0282396],[-80.1478518,-2.0276385],[-80.1481348,-2.026955],[-80.1488425,-2.0266132],[-80.1494911,-2.0266367],[-80.1504464,-2.0271789],[-80.151154,-2.0272496],[-80.1515314,-2.0269196],[-80.1516965,-2.0264599],[-80.1516139,-2.0260828],[-80.151154,-2.0256938],[-80.1502813,-2.0252342],[-80.1494675,-2.0250809],[-80.1488542,-2.0246802],[-80.1484061,-2.0239966],[-80.1478872,-2.0224998],[-80.1477928,-2.0219812],[-80.1480051,-2.0218397],[-80.1485712,-2.0218515],[-80.1500572,-2.0220637],[-80.150753,-2.0220165],[-80.1514488,-2.0216983],[-80.1519088,-2.0211561],[-80.1521329,-2.0208026],[-80.1525102,-2.0207554],[-80.1531943,-2.0207436],[-80.1534773,-2.0206493],[-80.153784,-2.0203193],[-80.1537604,-2.0199657],[-80.1534773,-2.01973],[-80.1529584,-2.0195179],[-80.1527461,-2.0189875],[-80.1527933,-2.0187518],[-80.1530174,-2.0185278],[-80.1531471,-2.0182921],[-80.1530763,-2.0180328],[-80.1528641,-2.0177146],[-80.1528641,-2.0173374],[-80.1529938,-2.0171842],[-80.1538901,-2.0168777],[-80.1544916,-2.0165713],[-80.1545741,-2.0163002],[-80.1544208,-2.0160409],[-80.1536188,-2.015652],[-80.1530174,-2.0152277],[-80.1522862,-2.0144498],[-80.1518852,-2.0142376],[-80.1514488,-2.0142023],[-80.150812,-2.0144616],[-80.1504936,-2.0144144],[-80.1503049,-2.0140962],[-80.1502105,-2.0136129],[-80.1503638,-2.0130472],[-80.1505171,-2.012399],[-80.1504582,-2.0116328],[-80.1498331,-2.0108785],[-80.1496916,-2.0099356],[-80.1495029,-2.0096174],[-80.1487481,-2.0092402],[-80.1475334,-2.0090752],[-80.1463658,-2.0087452],[-80.1461181,-2.0084034],[-80.146012,-2.0081205],[-80.1461535,-2.0078259],[-80.146696,-2.007213],[-80.1479108,-2.0067769],[-80.1484061,-2.0063997],[-80.1486538,-2.0054215],[-80.1489604,-2.0045611],[-80.1487953,-2.0037242],[-80.1481113,-2.0017205],[-80.1475216,-2.0009544],[-80.1474508,-1.9999997],[-80.1477221,-1.9994458],[-80.1477457,-1.9987386],[-80.1475216,-1.9982789],[-80.1467432,-1.9977014],[-80.1464602,-1.9972299],[-80.1465073,-1.9966288],[-80.1468493,-1.9958509],[-80.1469319,-1.9953088],[-80.1465781,-1.9947902],[-80.1452926,-1.9937058],[-80.1445024,-1.993199],[-80.1440307,-1.992975],[-80.1435825,-1.9927747],[-80.1433584,-1.9915135],[-80.1431462,-1.9909242],[-80.1425565,-1.9905588],[-80.1412002,-1.9902524],[-80.140528,-1.9900756],[-80.1401624,-1.9893684],[-80.1399973,-1.9884726],[-80.1402567,-1.9881662],[-80.1406459,-1.9879422],[-80.1413889,-1.9879069],[-80.1417899,-1.9878951],[-80.1420376,-1.9875886],[-80.1420494,-1.9873411],[-80.1417899,-1.9870818],[-80.1411766,-1.9867518],[-80.140929,-1.9863628],[-80.1410351,-1.9859739],[-80.1414007,-1.9856557],[-80.1416366,-1.9853021],[-80.1418489,-1.9849956],[-80.1418135,-1.9844063],[-80.1414951,-1.9825676],[-80.1413771,-1.9813182],[-80.1409526,-1.9803164],[-80.1402685,-1.9791613],[-80.1398676,-1.9786545],[-80.1397024,-1.9779001],[-80.139726,-1.9775583],[-80.1399383,-1.9774876],[-80.1404454,-1.9774405],[-80.1410115,-1.9769808],[-80.1413889,-1.9766036],[-80.1415658,-1.9760379],[-80.1414361,-1.9755546],[-80.1411059,-1.9752482],[-80.1407992,-1.9742935],[-80.1408936,-1.9738456],[-80.1412474,-1.973492],[-80.1414361,-1.9733034],[-80.1412002,-1.9729026],[-80.1401624,-1.9722308],[-80.139726,-1.9721955],[-80.1378037,-1.9729734],[-80.1372022,-1.9732327],[-80.1365418,-1.9731619],[-80.1357044,-1.9728673],[-80.1350086,-1.9729498],[-80.134242,-1.9731266],[-80.133617,-1.9730912],[-80.1332396,-1.9729144],[-80.1325673,-1.9727141],[-80.1321428,-1.9727258],[-80.1317536,-1.9729852],[-80.1313762,-1.9731855],[-80.1309162,-1.9730912],[-80.1308455,-1.9727966],[-80.1310224,-1.9724901],[-80.1314823,-1.9721601],[-80.1321074,-1.9713586],[-80.1322489,-1.9710286],[-80.1322135,-1.9704864],[-80.1320248,-1.9702153],[-80.131789,-1.9697085],[-80.1318479,-1.9693667],[-80.1323315,-1.9688952],[-80.1324376,-1.9685534],[-80.1326853,-1.9682234],[-80.1326381,-1.9677165],[-80.1319423,-1.9666322],[-80.131671,-1.9659486],[-80.1318597,-1.9644988],[-80.1318715,-1.9640273],[-80.1316239,-1.9636384],[-80.1312818,-1.9632848],[-80.130987,-1.963108],[-80.1303737,-1.9630844],[-80.1299963,-1.9629901],[-80.1294538,-1.9624951],[-80.1292651,-1.9620354],[-80.1292534,-1.9614225],[-80.1297723,-1.9594188],[-80.1303266,-1.9571321],[-80.1308573,-1.9554466],[-80.1310106,-1.9542444],[-80.1309398,-1.9537376],[-80.1305389,-1.9531129],[-80.1299256,-1.9513802],[-80.1293595,-1.9504844],[-80.128817,-1.9489168],[-80.1288052,-1.9481625],[-80.129218,-1.9475967],[-80.1295246,-1.947137],[-80.12956,-1.9466891],[-80.1292651,-1.9461705],[-80.1289703,-1.9461234],[-80.1288524,-1.9458994],[-80.1282273,-1.9431177],[-80.1277438,-1.9419744],[-80.1277556,-1.9413615],[-80.1280622,-1.9404186],[-80.1280504,-1.9399235],[-80.1277674,-1.9393342],[-80.127732,-1.938957],[-80.128015,-1.9383794],[-80.1279797,-1.9371772],[-80.1276848,-1.9361046],[-80.1276494,-1.9351616],[-80.1277202,-1.9347845],[-80.128074,-1.9343366],[-80.1283453,-1.9337354],[-80.1284986,-1.9330282],[-80.1283688,-1.9323446],[-80.1275551,-1.9312602],[-80.1275079,-1.9309773],[-80.1277084,-1.9305766],[-80.1278381,-1.9298104],[-80.128074,-1.928561],[-80.1280622,-1.9281956],[-80.1278617,-1.9278891],[-80.1275669,-1.9277359],[-80.1265998,-1.9276416],[-80.1263403,-1.927512],[-80.1260691,-1.926569],[-80.1259394,-1.9262743],[-80.1253143,-1.9260622],[-80.1249133,-1.9260975],[-80.1245006,-1.9265572],[-80.1240878,-1.9268873],[-80.1235571,-1.9270641],[-80.1231089,-1.9270287],[-80.1226843,-1.9266751],[-80.1224013,-1.9265926],[-80.1219885,-1.9267694],[-80.1217527,-1.9268048],[-80.1213281,-1.9265101],[-80.1206676,-1.9255907],[-80.1203964,-1.925355],[-80.1200308,-1.9252135],[-80.1193704,-1.9252842],[-80.1186981,-1.9258147],[-80.1183207,-1.9258972],[-80.1181202,-1.9256378],[-80.1175777,-1.9253785],[-80.1173301,-1.925355],[-80.1169763,-1.925461],[-80.1164456,-1.9255671],[-80.1159148,-1.9260858],[-80.1154549,-1.9262036],[-80.1152426,-1.926015],[-80.1143109,-1.924636],[-80.1139217,-1.9241998],[-80.1133203,-1.9239523],[-80.1130136,-1.9239759],[-80.1126716,-1.9241527],[-80.1124475,-1.9241291],[-80.1120112,-1.9238934],[-80.1114926,-1.9227152],[-80.111129,-1.9224615],[-80.1105115,-1.9220808],[-80.1102172,-1.9219712],[-80.1095304,-1.921977],[-80.1088148,-1.9219827],[-80.1085436,-1.9218558],[-80.1083358,-1.9216886],[-80.1080357,-1.9210541],[-80.107776,-1.9204312],[-80.1074355,-1.9202062],[-80.10702,-1.9201428],[-80.106541,-1.9200678],[-80.1063332,-1.9198429],[-80.1062409,-1.9196295],[-80.1064833,-1.9189835],[-80.106414,-1.9187239],[-80.1062467,-1.9186143],[-80.1059812,-1.9185393],[-80.1055426,-1.9186143],[-80.1050925,-1.91892],[-80.1048212,-1.9191219],[-80.1046654,-1.9194391],[-80.1045096,-1.9196352],[-80.1042787,-1.9196756],[-80.1041114,-1.9196179],[-80.1039613,-1.9194449],[-80.1039267,-1.9190354],[-80.1038055,-1.91892],[-80.1033496,-1.9186086],[-80.1031188,-1.9181875],[-80.1029225,-1.9180895],[-80.1026109,-1.9181529],[-80.1022877,-1.9183663],[-80.1022127,-1.9185739],[-80.1023224,-1.9187931],[-80.1024897,-1.9188623],[-80.1024493,-1.9190296],[-80.1022012,-1.9193757],[-80.1021146,-1.9197044],[-80.1019761,-1.9199063],[-80.1016241,-1.9200505],[-80.1012893,-1.9201716],[-80.1010758,-1.9203216],[-80.1008046,-1.9206504],[-80.100718,-1.9208984],[-80.1007238,-1.9211868],[-80.1006026,-1.9214521],[-80.1004756,-1.921504],[-80.1002852,-1.9213886],[-80.1000947,-1.9211522],[-80.0998235,-1.9209907],[-80.0995984,-1.92076],[-80.0994888,-1.9206042],[-80.0994945,-1.9203389],[-80.0994541,-1.9200505],[-80.0992695,-1.9199005],[-80.0992291,-1.9195372],[-80.0993156,-1.9193699],[-80.0992983,-1.9192488],[-80.0991425,-1.9191738],[-80.0988309,-1.9192315],[-80.0986404,-1.9192834],[-80.0984442,-1.9191565],[-80.0983749,-1.9189546],[-80.098196,-1.9188508],[-80.0980056,-1.9188796],[-80.0978555,-1.9189143],[-80.0977055,-1.9188854],[-80.0976536,-1.918822],[-80.0975612,-1.9184932],[-80.0973939,-1.9183836],[-80.0971746,-1.9184067],[-80.0970591,-1.9184932],[-80.0970534,-1.9187181],[-80.0970649,-1.9189143],[-80.0969437,-1.9190757],[-80.0967475,-1.9191853],[-80.0967129,-1.9193468],[-80.0968052,-1.9194218],[-80.096938,-1.9194795],[-80.0969726,-1.9196006],[-80.0969495,-1.9197564],[-80.0968514,-1.9197967],[-80.0966552,-1.9198083],[-80.0960377,-1.9195256],[-80.0955875,-1.9190527],[-80.0952932,-1.9188566],[-80.0951662,-1.918499],[-80.0951893,-1.9181414],[-80.0951489,-1.9178703],[-80.0950393,-1.9177895],[-80.0949527,-1.9177895],[-80.0947853,-1.9179049],[-80.0946872,-1.9179395],[-80.0944679,-1.9178126],[-80.0943929,-1.9175127],[-80.0943467,-1.9169532],[-80.0942775,-1.9165494],[-80.0940928,-1.9161745],[-80.093585,-1.9155631],[-80.0935446,-1.9153151],[-80.0936888,-1.9149633],[-80.0939139,-1.9147845],[-80.0938908,-1.9146172],[-80.0937639,-1.9144961],[-80.0933483,-1.9143346],[-80.0930194,-1.914075],[-80.0928347,-1.914052],[-80.0927135,-1.9141096],[-80.0925981,-1.9143],[-80.0924827,-1.9143634],[-80.0923269,-1.9143807],[-80.0919748,-1.9140462],[-80.091871,-1.9138386],[-80.0919229,-1.9136194],[-80.0920903,-1.9134809],[-80.0921133,-1.9132906],[-80.0920037,-1.9131868],[-80.0917382,-1.9131522],[-80.0915189,-1.9129157],[-80.0913689,-1.9125466],[-80.0913054,-1.9119236],[-80.091542,-1.9112546],[-80.0914843,-1.9111334],[-80.0913516,-1.9110469],[-80.0911207,-1.9110815],[-80.0908783,-1.9112373],[-80.0906821,-1.9113007],[-80.0905436,-1.911168],[-80.0904686,-1.9106201],[-80.0905263,-1.9102625],[-80.0907398,-1.9097549],[-80.0907225,-1.9096165],[-80.0906013,-1.9095473],[-80.0898799,-1.9095819],[-80.0895106,-1.909628],[-80.0894009,-1.9097145],[-80.0893894,-1.9098126],[-80.089476,-1.909928],[-80.0894298,-1.9100548],[-80.0892682,-1.9101298],[-80.088945,-1.9100952],[-80.0886334,-1.9099164],[-80.0883391,-1.9095992],[-80.0881255,-1.9092762],[-80.0880967,-1.9091551],[-80.0882352,-1.9090282],[-80.0884949,-1.908959],[-80.0886161,-1.9088321],[-80.0887026,-1.9086013],[-80.0886045,-1.9082495],[-80.0882987,-1.9081053],[-80.0880851,-1.9080649],[-80.0879697,-1.9082841],[-80.0879178,-1.9084283],[-80.0877908,-1.9083995],[-80.0876061,-1.9081053],[-80.0869713,-1.9074305],[-80.0867289,-1.9073843],[-80.0866366,-1.9074881],[-80.0866366,-1.9076208],[-80.0865327,-1.9077765],[-80.0861807,-1.9081399],[-80.0860076,-1.9083879],[-80.085719,-1.9084918],[-80.0855574,-1.908411],[-80.085367,-1.9081111],[-80.0851823,-1.9079496],[-80.0846167,-1.9077765],[-80.084155,-1.907592],[-80.0839704,-1.9072805],[-80.0840108,-1.9071651],[-80.0842358,-1.9069517],[-80.0842532,-1.9067499],[-80.0840339,-1.9064038],[-80.0837511,-1.9064096],[-80.0836587,-1.9065191],[-80.083601,-1.9068652],[-80.0835029,-1.9070613],[-80.0832605,-1.907194],[-80.083078,-1.9073763],[-80.0830461,-1.9076437],[-80.0830061,-1.9078313],[-80.0829023,-1.9079391],[-80.0826507,-1.9079391],[-80.0823152,-1.9078792],[-80.0821355,-1.9079071],[-80.0818959,-1.9080029],[-80.0816523,-1.9082863],[-80.0812249,-1.9086096],[-80.0810252,-1.9086935],[-80.0807856,-1.9086376],[-80.0804621,-1.9088252],[-80.0802065,-1.9090128],[-80.0799988,-1.9090487],[-80.0798551,-1.9090647],[-80.0796314,-1.9090766],[-80.0795715,-1.9091605],[-80.0795675,-1.9092603],[-80.0796114,-1.9094878],[-80.0795316,-1.9097792],[-80.0794397,-1.9099348],[-80.0793439,-1.9100067],[-80.079232,-1.9100147],[-80.0791322,-1.9099149],[-80.0789405,-1.9097792],[-80.0787807,-1.9097991],[-80.0786729,-1.909871],[-80.078645,-1.9099907],[-80.0785691,-1.9101464],[-80.0783135,-1.9103779],[-80.0780858,-1.9104657],[-80.077954,-1.9104338],[-80.0777783,-1.9104258],[-80.0775587,-1.9105575],[-80.0774908,-1.9107172],[-80.0775427,-1.910817],[-80.0778023,-1.9109487],[-80.0778222,-1.9110844],[-80.0777064,-1.9111722],[-80.0769716,-1.9113119],[-80.076704,-1.9114596],[-80.0764404,-1.9116192],[-80.0763286,-1.9118108],[-80.0763086,-1.9119705],[-80.0762287,-1.9120783],[-80.0761129,-1.9120942],[-80.0760091,-1.9119745],[-80.0759412,-1.911739],[-80.0758733,-1.9116272],[-80.0756097,-1.9114356],[-80.0754739,-1.9114157],[-80.0753781,-1.9115035],[-80.0753701,-1.9117949],[-80.0752742,-1.9119026],[-80.0751424,-1.9119026],[-80.0746552,-1.9116512],[-80.074176,-1.9116791],[-80.0739004,-1.9115714],[-80.0733053,-1.9115793],[-80.0730537,-1.9116272],[-80.0726384,-1.9116272],[-80.0724027,-1.9115953],[-80.072223,-1.9113877],[-80.0721312,-1.9113079],[-80.0721991,-1.9112041],[-80.0724946,-1.9109726],[-80.0725066,-1.9108249],[-80.0724267,-1.9107172],[-80.0723229,-1.9106972],[-80.0721751,-1.9107371],[-80.0718716,-1.9109646],[-80.07158,-1.9111043],[-80.0713084,-1.9110844],[-80.0711846,-1.9111562],[-80.0710688,-1.9113199],[-80.0710848,-1.9115115],[-80.0710009,-1.9115993],[-80.0708731,-1.9116272],[-80.0707933,-1.9115674],[-80.0706335,-1.9111403],[-80.0704937,-1.9111123],[-80.070322,-1.9111403],[-80.0700504,-1.9113239],[-80.0697549,-1.9115235],[-80.0694753,-1.9116033],[-80.0693275,-1.9115554],[-80.0692077,-1.9113518],[-80.0691598,-1.9111363],[-80.0690719,-1.9110006],[-80.0689641,-1.9109646],[-80.0688084,-1.9110325],[-80.0686326,-1.9110046],[-80.0684689,-1.9109008],[-80.068417,-1.9107611],[-80.0685088,-1.9104617],[-80.068425,-1.9101983],[-80.0682932,-1.9100546],[-80.0680895,-1.9100386],[-80.0679737,-1.9101105],[-80.0678938,-1.9104218],[-80.06779,-1.9105455],[-80.0676901,-1.9105455],[-80.0675184,-1.9103899],[-80.0673227,-1.9102821],[-80.0670751,-1.9101863],[-80.0668794,-1.9101184],[-80.0668355,-1.9099947],[-80.0669393,-1.909847],[-80.0669193,-1.9097233],[-80.0668355,-1.9096434],[-80.0666477,-1.9096714],[-80.0661246,-1.9099109],[-80.0659289,-1.9098949],[-80.065853,-1.9097951],[-80.0659209,-1.9094638],[-80.065833,-1.9092523],[-80.0656972,-1.9092124],[-80.0654656,-1.9093361],[-80.0652659,-1.9094119],[-80.0650622,-1.909376],[-80.0646069,-1.9090966],[-80.0643993,-1.9090806],[-80.0642326,-1.9091264],[-80.0641331,-1.9093557],[-80.0639424,-1.9095214],[-80.0637572,-1.9095601],[-80.0634338,-1.9095573],[-80.0631879,-1.9094772],[-80.063011,-1.909364],[-80.0629308,-1.9091679],[-80.0628645,-1.9090988],[-80.0625411,-1.9090463],[-80.0624416,-1.9089496],[-80.0623117,-1.9086265],[-80.0622454,-1.9085685],[-80.0621155,-1.9085767],[-80.0618833,-1.9087259],[-80.0617424,-1.908759],[-80.0616346,-1.9087149],[-80.0615379,-1.9085574],[-80.0613776,-1.9081182],[-80.0609796,-1.9074359],[-80.0609077,-1.9073669]]},"properties":{"name":"Río Bijagual","waterway":"stream","osm_id":"way/241553555","source":"OpenStreetMap"}},{"type":"Feature","geometry":{"type":"LineString","coordinates":[[-80.131034,-1.8252857],[-80.130172,-1.8258531],[-80.1294017,-1.826623],[-80.1291735,-1.8280916],[-80.1290593,-1.8295317],[-80.1292733,-1.8300449],[-80.1298154,-1.8303158],[-80.1299723,-1.8305867],[-80.1299438,-1.8309432],[-80.1288279,-1.8328569],[-80.1283538,-1.833482],[-80.127799,-1.8338247],[-80.1269416,-1.8342179],[-80.1265281,-1.8346212],[-80.1262658,-1.8351253],[-80.1260136,-1.8370106],[-80.1258522,-1.837303],[-80.125479,-1.8374441],[-80.1249948,-1.8374945],[-80.1245006,-1.8374542],[-80.1242182,-1.8372021],[-80.1240568,-1.835831],[-80.1238348,-1.8356193],[-80.1230178,-1.8353572],[-80.1227051,-1.8353975],[-80.1225538,-1.8356294],[-80.1224731,-1.8361133],[-80.1230582,-1.8385329],[-80.1230925,-1.8388723],[-80.1231381,-1.8393763],[-80.123063,-1.8399339],[-80.1228645,-1.8400626],[-80.1223147,-1.8400223],[-80.121907,-1.8398561],[-80.1216549,-1.839824],[-80.1214457,-1.8398803],[-80.1211318,-1.8402958],[-80.1209494,-1.8406738],[-80.1206276,-1.8409258],[-80.1203145,-1.8409425],[-80.1198202,-1.840882],[-80.1195075,-1.8407106],[-80.1185089,-1.8400755],[-80.1181962,-1.840015],[-80.1179844,-1.8400956],[-80.1173691,-1.8415877],[-80.1171875,-1.8419607],[-80.1168647,-1.8421019],[-80.1164108,-1.8421624],[-80.1160376,-1.8419204],[-80.1156644,-1.8406199],[-80.115271,-1.8401662],[-80.1144641,-1.8393798],[-80.114232,-1.8392891],[-80.1139294,-1.8393697],[-80.1126181,-1.8400351],[-80.1112665,-1.8405594],[-80.1104494,-1.8405291],[-80.1094307,-1.8405392],[-80.1090574,-1.8405997],[-80.1088254,-1.8407509],[-80.1087447,-1.8410231],[-80.108775,-1.8412248],[-80.1091381,-1.841497],[-80.1093197,-1.8417994],[-80.1092188,-1.8420515],[-80.1089566,-1.8421321],[-80.1085632,-1.8421725],[-80.107847,-1.8420011],[-80.107151,-1.8413357],[-80.1064651,-1.8405695],[-80.1051153,-1.8401613],[-80.104362,-1.840151],[-80.1040318,-1.8402438],[-80.1038874,-1.8404295],[-80.103939,-1.8409761],[-80.1042589,-1.8418321],[-80.104424,-1.8430388],[-80.1042898,-1.8433586],[-80.1040215,-1.8434617],[-80.1035159,-1.8433173],[-80.103196,-1.842977],[-80.1025872,-1.8427191],[-80.1018442,-1.8427604],[-80.1011631,-1.8428945],[-80.1006472,-1.8430388],[-80.099832,-1.8430698],[-80.0987691,-1.8426985],[-80.0982119,-1.8427501],[-80.0976134,-1.8430801],[-80.0968807,-1.8437711],[-80.0958591,-1.8440187],[-80.0951987,-1.8439361],[-80.0946002,-1.8436267],[-80.0941152,-1.8434927],[-80.0938366,-1.8437711],[-80.093269,-1.8441837],[-80.0929904,-1.8440805],[-80.0927118,-1.8438227],[-80.0923712,-1.8433276],[-80.0919998,-1.8430182],[-80.0916695,-1.842977],[-80.0911846,-1.8431214],[-80.0910298,-1.8434101],[-80.0912981,-1.8439155],[-80.0921236,-1.8449469],[-80.092103,-1.8453388],[-80.0917108,-1.8456276],[-80.0909782,-1.8459576],[-80.0902558,-1.846494],[-80.0896986,-1.846659],[-80.0889969,-1.8467002],[-80.0886564,-1.8468653],[-80.0883778,-1.8472984],[-80.0880785,-1.8478657],[-80.0879856,-1.8485258],[-80.0886976,-1.850145],[-80.0888731,-1.8507432],[-80.0886048,-1.8510526],[-80.0882952,-1.8510629],[-80.0881396,-1.8510049]]},"properties":{"name":"Río Pedro Carbo","waterway":"river","osm_id":"way/241826891","source":"OpenStreetMap"}},{"type":"Feature","geometry":{"type":"LineString","coordinates":[[-80.0881396,-1.8510049],[-80.0874387,-1.8507432],[-80.086056,-1.8494953],[-80.08457,-1.8487217],[-80.0841572,-1.8481751],[-80.0841056,-1.846824],[-80.0838477,-1.8464424],[-80.0834452,-1.8462774],[-80.0827332,-1.8464527],[-80.0822998,-1.846494],[-80.0818148,-1.8462155],[-80.0809686,-1.8459061],[-80.0799161,-1.8456792],[-80.0793692,-1.8458236],[-80.0780896,-1.8464733],[-80.0774085,-1.8470922],[-80.0774085,-1.8475047],[-80.0778523,-1.8477316],[-80.0788119,-1.8481648],[-80.0790596,-1.8485876],[-80.0790286,-1.8490827],[-80.0786159,-1.8495571],[-80.0780999,-1.8496809],[-80.0775014,-1.8495468],[-80.0765005,-1.8488352],[-80.0760052,-1.8485773],[-80.0752622,-1.8486908],[-80.0745914,-1.8490518],[-80.0744263,-1.8495571],[-80.0744573,-1.8500419],[-80.0747669,-1.8501141],[-80.0753138,-1.8501553],[-80.0757162,-1.8504235],[-80.0760877,-1.8509907],[-80.0760155,-1.8516921],[-80.075644,-1.8523418],[-80.0747978,-1.8530535],[-80.0741477,-1.853466],[-80.0738381,-1.8539714],[-80.0735595,-1.8549925],[-80.0737143,-1.8555185],[-80.0739207,-1.8557866],[-80.0745295,-1.8559104],[-80.0747978,-1.8562817],[-80.0748597,-1.856818],[-80.0747875,-1.8572512],[-80.0744366,-1.857705],[-80.0739413,-1.8579628],[-80.0716195,-1.8577565],[-80.0707218,-1.8571171],[-80.0693102,-1.8568378],[-80.06886,-1.8568732],[-80.0680925,-1.8569335],[-80.066171,-1.8572512],[-80.0659337,-1.8576328],[-80.065975,-1.8580659],[-80.0665529,-1.8586641],[-80.0670688,-1.8586641],[-80.0674919,-1.8583547],[-80.0678221,-1.8579628],[-80.0682761,-1.8578597],[-80.0688334,-1.8579112],[-80.0691945,-1.8582206],[-80.0694525,-1.8588292],[-80.0695041,-1.8595408],[-80.06866,-1.8622801],[-80.0680372,-1.8630925],[-80.067636,-1.8633035],[-80.0671504,-1.8632402],[-80.0667809,-1.8626494],[-80.0654402,-1.8611617],[-80.0645324,-1.8598217],[-80.0639834,-1.8594102],[-80.0636562,-1.8593785],[-80.06335,-1.8594524],[-80.0631072,-1.8599905],[-80.0623155,-1.8616681],[-80.0619671,-1.8618686],[-80.059613,-1.8624805],[-80.0590218,-1.8626916],[-80.0585362,-1.8630397],[-80.058114,-1.8637256],[-80.0579556,-1.8641476],[-80.056805,-1.864844],[-80.0552742,-1.8653399],[-80.0543664,-1.8655825],[-80.0536063,-1.865477],[-80.0532896,-1.8651394],[-80.0532368,-1.8647701],[-80.0535852,-1.8639788],[-80.0536169,-1.8634407],[-80.0533846,-1.8631136],[-80.0529307,-1.8629131],[-80.0523501,-1.8629026],[-80.0518328,-1.8629764],[-80.0515794,-1.8628393],[-80.05121,-1.8623012],[-80.0507455,-1.8621007],[-80.0497637,-1.8621218],[-80.0486236,-1.8618897],[-80.047758,-1.8616576],[-80.0470296,-1.8616365],[-80.0462906,-1.8618369],[-80.0456044,-1.8623012],[-80.0446754,-1.862586],[-80.0441898,-1.8629131],[-80.0439259,-1.8633035],[-80.043757,-1.8640421],[-80.0435881,-1.8641898],[-80.0431342,-1.864327],[-80.0425641,-1.8644747],[-80.0422157,-1.8648651],[-80.0420046,-1.8655509],[-80.0419202,-1.866606],[-80.041709,-1.8667959],[-80.0406745,-1.8670491],[-80.0403578,-1.8674184],[-80.0402839,-1.8679671],[-80.0401994,-1.8684735],[-80.0398933,-1.8688006],[-80.0388165,-1.8697818],[-80.0381726,-1.8701722],[-80.037592,-1.8703094],[-80.0366102,-1.8704149],[-80.0361035,-1.8706892],[-80.0359557,-1.8710057],[-80.0359874,-1.8713223],[-80.0363357,-1.8715966],[-80.0363568,-1.8719448],[-80.0361457,-1.8722402],[-80.0347522,-1.8724196],[-80.0336227,-1.8730104],[-80.0314269,-1.8743504],[-80.0294845,-1.8755426],[-80.0281305,-1.8769214],[-80.0261275,-1.8789611],[-80.0242168,-1.8806915],[-80.0236256,-1.8811241],[-80.023235,-1.8811135],[-80.0226861,-1.8807126],[-80.0214087,-1.8803539],[-80.0191707,-1.8799846],[-80.0158982,-1.8795309],[-80.0145575,-1.8792882],[-80.0128895,-1.8791616],[-80.0113588,-1.8787396],[-80.010885,-1.8784864],[-80.0105559,-1.8781859],[-80.0093953,-1.8769459],[-80.0085889,-1.8766191],[-80.0081017,-1.876391],[-80.0076824,-1.876307],[-80.007543,-1.8762748],[-80.0073847,-1.8762051],[-80.0070984,-1.8760145],[-80.0068997,-1.8759623],[-80.0057315,-1.8760765]]},"properties":{"name":"Río Magro","waterway":"river","osm_id":"way/241859827","source":"OpenStreetMap"}},{"type":"Feature","geometry":{"type":"LineString","coordinates":[[-79.868363,-1.8232145],[-79.8676422,-1.8236721],[-79.8670286,-1.823896],[-79.8649538,-1.8239545],[-79.8636973,-1.8241686],[-79.8630447,-1.8244023],[-79.8625382,-1.8247138],[-79.8621972,-1.8250643],[-79.8616128,-1.8267875],[-79.8616615,-1.8273327],[-79.8619148,-1.8278487],[-79.8623628,-1.8285205],[-79.8629278,-1.8289975],[-79.8647395,-1.829825],[-79.8657428,-1.8304189],[-79.8663954,-1.830857],[-79.8671844,-1.8318403],[-79.8677396,-1.8324439],[-79.8686747,-1.8329988],[-79.8693858,-1.8335051],[-79.8696877,-1.8339237],[-79.8708566,-1.8359195],[-79.8710904,-1.8365815],[-79.8710612,-1.8371072],[-79.8708761,-1.8375843],[-79.8704183,-1.8381197],[-79.8703404,-1.8383339],[-79.8703696,-1.8385286],[-79.8708274,-1.8391322],[-79.8710514,-1.8397358],[-79.8710319,-1.8413325],[-79.8711878,-1.8417219],[-79.871217,-1.841975],[-79.8710319,-1.8421989],[-79.8705254,-1.8425105],[-79.8702624,-1.8427831],[-79.8696488,-1.8438637],[-79.8694637,-1.8440292],[-79.8689377,-1.8441071],[-79.8686163,-1.8443505],[-79.8681585,-1.8451001],[-79.8678565,-1.8454214],[-79.8673305,-1.8457232],[-79.8665708,-1.8459374],[-79.8663565,-1.8461321],[-79.8663078,-1.8463657],[-79.8663954,-1.8465604],[-79.8667461,-1.8468525],[-79.8667656,-1.8471251],[-79.8665415,-1.8482252],[-79.8663078,-1.8485368],[-79.8659961,-1.8487704],[-79.8654506,-1.848858],[-79.8646129,-1.8492182],[-79.8642428,-1.8494714],[-79.8634927,-1.8506299],[-79.863259,-1.8508635],[-79.8623044,-1.8512432],[-79.8610868,-1.851915],[-79.8606582,-1.852246],[-79.8604634,-1.852577],[-79.8604634,-1.8529761],[-79.8607069,-1.8536966],[-79.8609017,-1.8542028],[-79.861379,-1.8547675],[-79.8615349,-1.855079],[-79.8615251,-1.8553711],[-79.8613108,-1.8558676],[-79.8610673,-1.856403],[-79.8610967,-1.8575879],[-79.8609113,-1.8583769],[-79.8609618,-1.8597453]]},"properties":{"name":"Río Bapado","waterway":"river","osm_id":"way/242393884","source":"OpenStreetMap"}},{"type":"Feature","geometry":{"type":"LineString","coordinates":[[-79.9059532,-1.7934503],[-79.9054347,-1.7944062],[-79.9049216,-1.7948916],[-79.9044808,-1.7953941],[-79.9042156,-1.7960206],[-79.9040606,-1.796117],[-79.9038781,-1.7961239],[-79.9036267,-1.7960585],[-79.9034373,-1.7960585],[-79.9032961,-1.7961239],[-79.9031343,-1.7962616],[-79.9026969,-1.797542],[-79.902504,-1.7985161],[-79.9025591,-1.7986917],[-79.9028346,-1.7989051],[-79.903086,-1.7991426],[-79.903179,-1.7993732],[-79.9033305,-1.800072],[-79.903668,-1.800726],[-79.9039401,-1.8013077],[-79.9040641,-1.802034],[-79.9040159,-1.8022405],[-79.9038402,-1.8024229],[-79.9035854,-1.8025572],[-79.9030344,-1.8026845],[-79.9028587,-1.8028153],[-79.9025901,-1.8037688],[-79.9025385,-1.8043367],[-79.9023835,-1.804681],[-79.9021734,-1.804915],[-79.9019771,-1.8050665],[-79.9017361,-1.8051284],[-79.901402,-1.8051491],[-79.9010301,-1.8052523],[-79.9005032,-1.8054933],[-79.8999487,-1.8060027],[-79.8992186,-1.8065982],[-79.8988708,-1.8067944],[-79.8985505,-1.8070594],[-79.8982268,-1.8071317],[-79.8974589,-1.8071971],[-79.8973452,-1.8072591],[-79.8967529,-1.8082814],[-79.8965841,-1.8084948],[-79.8962432,-1.808722],[-79.8960882,-1.8088838],[-79.8960193,-1.809104],[-79.896133,-1.8095481],[-79.8961605,-1.8098751],[-79.8962329,-1.8101711],[-79.8961502,-1.8108216],[-79.8961778,-1.8109834],[-79.8963982,-1.8113001],[-79.8964533,-1.8114894],[-79.8964154,-1.8117372],[-79.8957128,-1.8131244],[-79.8956164,-1.8133791],[-79.8955682,-1.813923],[-79.8955923,-1.8145666],[-79.8956509,-1.8148627],[-79.8955889,-1.8149935],[-79.8953857,-1.815138],[-79.895031,-1.8153067],[-79.8942113,-1.8155545],[-79.8937568,-1.8156027],[-79.8932677,-1.8155924],[-79.8920004,-1.8153583],[-79.8915286,-1.8152172],[-79.8909845,-1.8152069],[-79.890802,-1.8152585],[-79.8906263,-1.8153962],[-79.8905228,-1.8156409],[-79.89044,-1.816634],[-79.8903474,-1.8171305],[-79.8900718,-1.817902],[-79.8897367,-1.8186372]]},"properties":{"name":"Río Jigual","waterway":"river","osm_id":"way/242393893","source":"OpenStreetMap"}},{"type":"Feature","geometry":{"type":"LineString","coordinates":[[-79.8609618,-1.8597453],[-79.8614216,-1.8611902],[-79.861415,-1.8621966],[-79.8613087,-1.8630291],[-79.861243,-1.8638857],[-79.8613555,-1.8650898],[-79.8615966,-1.8663912],[-79.8617146,-1.8676014],[-79.8616426,-1.8687802],[-79.8612386,-1.8694022],[-79.8609744,-1.8699873],[-79.8608215,-1.8706546],[-79.8608572,-1.8710354],[-79.8612793,-1.8717504],[-79.8620916,-1.8722796],[-79.8625179,-1.8732517],[-79.8623771,-1.8741762],[-79.8619375,-1.8747455],[-79.8614547,-1.8754854],[-79.8605535,-1.8772118],[-79.8598132,-1.8787774],[-79.8594269,-1.8792171],[-79.8584721,-1.8796782],[-79.8577211,-1.8802465],[-79.8574528,-1.880729],[-79.8572812,-1.881351],[-79.857249,-1.8826699],[-79.8572597,-1.8833991],[-79.8571524,-1.8844285],[-79.8570559,-1.885415],[-79.8570988,-1.885919],[-79.8573992,-1.8867661],[-79.8577103,-1.8877419],[-79.857764,-1.8881494],[-79.8577532,-1.8889857],[-79.8575387,-1.8899937],[-79.8569378,-1.8909159],[-79.8566267,-1.8914091],[-79.855189,-1.8929211],[-79.8545882,-1.893543],[-79.8542036,-1.8940831],[-79.8537156,-1.8947621],[-79.853569,-1.8952801],[-79.8532806,-1.8964711],[-79.8530206,-1.8971761],[-79.8520286,-1.8987121],[-79.8516776,-1.8990741],[-79.8512408,-1.8992047],[-79.8505649,-1.899387],[-79.8478934,-1.8995157],[-79.8471102,-1.8999232],[-79.8467133,-1.9002985],[-79.8458013,-1.9019927],[-79.8455653,-1.9023251],[-79.8451254,-1.9025181],[-79.8436126,-1.9026468],[-79.843044,-1.9028184],[-79.842411,-1.9032902],[-79.8419389,-1.903376],[-79.8414669,-1.9031937],[-79.8405656,-1.902368],[-79.8402116,-1.9021857],[-79.8398575,-1.9022179],[-79.8396537,-1.9025396],[-79.8393496,-1.9037081],[-79.8388756,-1.9043571],[-79.8383586,-1.9049721],[-79.8374543,-1.906818],[-79.8371646,-1.9073756],[-79.8367797,-1.9080083],[-79.8357212,-1.9090735]]},"properties":{"name":"Río Los Tintos","waterway":"river","osm_id":"way/242393905","source":"OpenStreetMap"}},{"type":"Feature","geometry":{"type":"LineString","coordinates":[[-79.8533876,-1.8178619],[-79.8539386,-1.817917],[-79.8544345,-1.8177655],[-79.8557982,-1.8171184],[-79.8568865,-1.8165952],[-79.8574237,-1.8165539],[-79.8581125,-1.8166365],[-79.8588839,-1.8171184],[-79.8605231,-1.8182336],[-79.8616261,-1.8193125],[-79.8617548,-1.8194384],[-79.8620028,-1.8196931],[-79.8622507,-1.8197619],[-79.8626158,-1.8199547],[-79.8639451,-1.8207532],[-79.8644066,-1.8209322],[-79.8647716,-1.8209735],[-79.8650471,-1.8209047],[-79.8653502,-1.821008],[-79.8658599,-1.8210217],[-79.8667208,-1.8211319],[-79.8673131,-1.8212971],[-79.8678159,-1.8215174],[-79.8681879,-1.8218272],[-79.8684565,-1.8221989],[-79.8685942,-1.8225225],[-79.868608,-1.822729],[-79.868363,-1.8232145]]},"properties":{"name":"Río Bapado","waterway":"river","osm_id":"way/242395631","source":"OpenStreetMap"}},{"type":"Feature","geometry":{"type":"LineString","coordinates":[[-79.8364016,-1.9102881],[-79.8363056,-1.9107519],[-79.8363209,-1.9109656],[-79.8364176,-1.9112073],[-79.8365474,-1.9113828],[-79.8368656,-1.9116601],[-79.8372017,-1.9121181],[-79.8374664,-1.9124768],[-79.8376522,-1.9127388],[-79.837833,-1.9129118],[-79.8380595,-1.9131103],[-79.8382402,-1.9131612],[-79.8384082,-1.9133113],[-79.8385635,-1.9134665],[-79.8385992,-1.9136674],[-79.8385152,-1.9139066],[-79.838449,-1.9142679],[-79.8384668,-1.9144714],[-79.8385686,-1.9146571],[-79.8391108,-1.9151354],[-79.8393043,-1.9154102],[-79.839429,-1.9157028],[-79.8396175,-1.9167142],[-79.8396391,-1.9173043],[-79.8397111,-1.9175777],[-79.8400135,-1.9180527],[-79.8400567,-1.9184053],[-79.8399271,-1.918909],[-79.8396319,-1.9193479],[-79.8396679,-1.919643],[-79.8399055,-1.9201755],[-79.8402511,-1.920377],[-79.8404671,-1.920377],[-79.8411367,-1.9202906],[-79.8413959,-1.920377],[-79.8416263,-1.9205137],[-79.8417919,-1.9207224],[-79.8418783,-1.9210965],[-79.8416407,-1.9230898],[-79.8415111,-1.9236799],[-79.8412951,-1.9241764],[-79.8409783,-1.9245146],[-79.8407695,-1.9247377],[-79.8406039,-1.9250111],[-79.8405823,-1.9252845],[-79.8409999,-1.925925],[-79.8410647,-1.9262056],[-79.8409423,-1.9264503],[-79.8400999,-1.9268604],[-79.8398767,-1.9270547],[-79.8395383,-1.9281413],[-79.8389767,-1.9291775],[-79.8388831,-1.92971],[-79.8389767,-1.9299187],[-79.8392431,-1.930077],[-79.8397759,-1.9301058],[-79.8400135,-1.9301993],[-79.8401431,-1.9303936],[-79.8400783,-1.9306455],[-79.8395959,-1.9310053],[-79.8391711,-1.9312571],[-79.8389479,-1.9314586],[-79.8384799,-1.9325668],[-79.8383791,-1.9329769],[-79.8385663,-1.9335814],[-79.8386671,-1.9342074],[-79.8385933,-1.934597],[-79.8383872,-1.9350532],[-79.8381372,-1.9354887],[-79.8378665,-1.935706],[-79.8375246,-1.9358343],[-79.8371263,-1.9360639],[-79.8369535,-1.9363806],[-79.8370039,-1.9368843],[-79.8369823,-1.9372872],[-79.8364135,-1.9382299],[-79.8362983,-1.9385897],[-79.8364783,-1.9395683],[-79.8366871,-1.9403383],[-79.8368887,-1.9406405],[-79.8371839,-1.9409139],[-79.8372415,-1.9411586],[-79.8371263,-1.941835],[-79.8370471,-1.9422955],[-79.8369175,-1.942569],[-79.8365224,-1.9426621],[-79.8360003,-1.942734],[-79.8355144,-1.942975],[-79.8350888,-1.9434612],[-79.8347792,-1.9436268],[-79.8342464,-1.9437131],[-79.833764,-1.9437851],[-79.8335984,-1.9440081],[-79.8336272,-1.9442528],[-79.8338504,-1.9445262],[-79.8340736,-1.9450012],[-79.8340592,-1.9454545],[-79.8338792,-1.9461813],[-79.8339584,-1.9467497],[-79.8337136,-1.9480018],[-79.8335048,-1.9482033],[-79.8329,-1.9483832],[-79.8327776,-1.9485631],[-79.8328856,-1.9488221],[-79.83344,-1.9492395],[-79.833512,-1.9494194],[-79.8335048,-1.9496496],[-79.8335552,-1.9499519],[-79.8339041,-1.9508265],[-79.8341484,-1.9512437],[-79.8343826,-1.9513556],[-79.8347186,-1.9513149],[-79.8350547,-1.9513047],[-79.8352583,-1.9514777],[-79.8352889,-1.9518136],[-79.8344498,-1.9537635],[-79.8342012,-1.9548341],[-79.8338979,-1.9558705],[-79.833619,-1.9564336],[-79.8337412,-1.9570646],[-79.8340161,-1.9581025],[-79.8340772,-1.9586215],[-79.8343521,-1.9589472],[-79.8343012,-1.9592219],[-79.8340568,-1.9595374],[-79.8338939,-1.9599343],[-79.8338939,-1.9601989],[-79.8340975,-1.9604431],[-79.8347186,-1.960728],[-79.8348714,-1.9609723],[-79.8347899,-1.9612877],[-79.8343826,-1.9615218],[-79.8340772,-1.9618983],[-79.8339346,-1.9627938],[-79.8336088,-1.9633739],[-79.8332422,-1.9635672],[-79.8321324,-1.9635469],[-79.8316436,-1.963669],[-79.8310225,-1.9643508],[-79.8302283,-1.9657958],[-79.8297829,-1.9660534],[-79.8291821,-1.9662315],[-79.828729,-1.9663892],[-79.8283828,-1.9668014],[-79.8280366,-1.9681904],[-79.827889,-1.96903],[-79.8280366,-1.9696609],[-79.8287697,-1.9702562],[-79.8291261,-1.970648],[-79.8294163,-1.9714061],[-79.829348,-1.9731087],[-79.8289628,-1.9747601],[-79.8286208,-1.9754833],[-79.8283868,-1.9768109],[-79.8282572,-1.9774261],[-79.8279548,-1.978178],[-79.827278,-1.9792034],[-79.8268424,-1.9795344],[-79.826378,-1.9797719],[-79.8247617,-1.9800309],[-79.8241713,-1.9800885],[-79.8229077,-1.9806677],[-79.8221949,-1.9808728],[-79.8214677,-1.9812002],[-79.8207801,-1.9814341],[-79.8194913,-1.9816068],[-79.8192465,-1.9817255],[-79.8190629,-1.9821248],[-79.8185445,-1.983438],[-79.8183861,-1.9836215],[-79.8176985,-1.9839094],[-79.8167198,-1.98402],[-79.8162986,-1.9841423],[-79.8160034,-1.9843366],[-79.8154562,-1.98529],[-79.8151142,-1.9858801],[-79.8148514,-1.9862147],[-79.8142682,-1.9864845],[-79.8139298,-1.9864917],[-79.8135662,-1.9865241],[-79.8130514,-1.9864593],[-79.8127736,-1.986361],[-79.812574,-1.9862407]]},"properties":{"name":"Río Seco","waterway":"river","osm_id":"way/242395632","source":"OpenStreetMap"}},{"type":"Feature","geometry":{"type":"LineString","coordinates":[[-79.8364125,-1.9101743],[-79.8364016,-1.9102881]]},"properties":{"name":"Río Seco","waterway":"river","osm_id":"way/242395635","source":"OpenStreetMap"}},{"type":"Feature","geometry":{"type":"LineString","coordinates":[[-79.812574,-1.9862407],[-79.8124811,-1.9861606]]},"properties":{"name":"Río Seco","waterway":"river","osm_id":"way/242395636","source":"OpenStreetMap"}},{"type":"Feature","geometry":{"type":"LineString","coordinates":[[-79.8357212,-1.9090735],[-79.8359161,-1.9093449]]},"properties":{"name":"Río Seco","waterway":"river","osm_id":"way/242395637","source":"OpenStreetMap"}},{"type":"Feature","geometry":{"type":"LineString","coordinates":[[-79.8359161,-1.9093449],[-79.8360307,-1.9094111],[-79.8362445,-1.9096197],[-79.836326,-1.9097215],[-79.8364125,-1.9101743]]},"properties":{"name":"Río Seco","waterway":"river","osm_id":"way/242395638","source":"OpenStreetMap"}},{"type":"Feature","geometry":{"type":"LineString","coordinates":[[-79.8124811,-1.9861606],[-79.8123962,-1.9860708],[-79.812173,-1.9854915],[-79.8118454,-1.9850058],[-79.8116906,-1.9848835],[-79.811543,-1.9848655],[-79.8114098,-1.9849375],[-79.8112118,-1.9852109],[-79.8110714,-1.98529],[-79.810751,-1.985308],[-79.8105854,-1.9853872],[-79.810445,-1.9857254],[-79.8104018,-1.9864989],[-79.8103226,-1.9866824],[-79.8100742,-1.9868767],[-79.8099554,-1.9869163],[-79.8097898,-1.9868731],[-79.8094442,-1.9868263],[-79.8079466,-1.9871681],[-79.8075146,-1.9872868],[-79.8070178,-1.9873732],[-79.8067514,-1.9873264],[-79.8064959,-1.9872041],[-79.8061683,-1.9868623],[-79.8059271,-1.9864269],[-79.8056715,-1.9859125],[-79.8054375,-1.9856354],[-79.8049983,-1.9854052],[-79.8045411,-1.9852972],[-79.8038931,-1.985308],[-79.8032451,-1.9855599],[-79.8030795,-1.9855815],[-79.8029355,-1.9855635],[-79.8026223,-1.9852505],[-79.8023991,-1.9849051],[-79.8022227,-1.9844913],[-79.8021903,-1.9842683],[-79.8022407,-1.9840596],[-79.8024207,-1.9838725],[-79.8024718,-1.9837887],[-79.8023548,-1.9836309],[-79.802202,-1.9834834],[-79.8018915,-1.9833409],[-79.8016776,-1.9830153],[-79.8015554,-1.9828474],[-79.8012754,-1.9827405],[-79.8010412,-1.9827558],[-79.8007103,-1.9828677],[-79.8004914,-1.9828779],[-79.8001859,-1.9827711],[-79.8000179,-1.9826286],[-79.7998703,-1.9821758],[-79.7996208,-1.9819926],[-79.7991932,-1.9818094],[-79.7989488,-1.9818196],[-79.7985975,-1.9819824],[-79.7983277,-1.9822572],[-79.7981597,-1.9822826],[-79.7980018,-1.9822266],[-79.7978593,-1.9820638],[-79.7975996,-1.9818603],[-79.7972229,-1.9815092],[-79.7969632,-1.9813311],[-79.7967189,-1.9813108],[-79.7964338,-1.9814329],[-79.7960265,-1.9813973],[-79.7958279,-1.9812853],[-79.7957821,-1.9808325],[-79.7955428,-1.9801914],[-79.7952984,-1.9799675],[-79.7947944,-1.9797437],[-79.7944788,-1.9796521],[-79.7941643,-1.979725],[-79.7938218,-1.9799363]]},"properties":{"name":"Río Seco","waterway":"river","osm_id":"way/242395639","source":"OpenStreetMap"}},{"type":"Feature","geometry":{"type":"LineString","coordinates":[[-80.0726572,-1.8533291],[-80.075317,-1.854011]]},"properties":{"waterway":"canal","osm_id":"way/265740519","source":"OpenStreetMap"}},{"type":"Feature","geometry":{"type":"LineString","coordinates":[[-80.058438,-1.8524282],[-80.0585869,-1.8525838]]},"properties":{"waterway":"canal","osm_id":"way/265740520","source":"OpenStreetMap"}},{"type":"Feature","geometry":{"type":"LineString","coordinates":[[-80.075317,-1.854011],[-80.0777544,-1.8546138],[-80.0778829,-1.8546089],[-80.0804746,-1.8539635]]},"properties":{"waterway":"canal","osm_id":"way/265740524","source":"OpenStreetMap"}},{"type":"Feature","geometry":{"type":"LineString","coordinates":[[-80.0532175,-1.8500381],[-80.0572075,-1.8515662],[-80.0576825,-1.8517411],[-80.0578969,-1.8518625],[-80.058438,-1.8524282]]},"properties":{"waterway":"canal","osm_id":"way/265740525","source":"OpenStreetMap"}},{"type":"Feature","geometry":{"type":"LineString","coordinates":[[-80.058956,-1.8524181],[-80.0590075,-1.8523698],[-80.0609685,-1.8506882],[-80.0612043,-1.8505775],[-80.0614151,-1.850549],[-80.0616044,-1.8505597],[-80.0726572,-1.8533291]]},"properties":{"waterway":"canal","osm_id":"way/265740526","source":"OpenStreetMap"}},{"type":"Feature","geometry":{"type":"LineString","coordinates":[[-80.0285364,-1.7926707],[-80.0285958,-1.792644],[-80.0291698,-1.7924586],[-80.0294775,-1.7924811],[-80.029782,-1.7926284],[-80.0299967,-1.7928655],[-80.0302435,-1.7934998],[-80.0304326,-1.7937785],[-80.0307339,-1.7939964],[-80.0336186,-1.7956783]]},"properties":{"waterway":"canal","osm_id":"way/265744499","source":"OpenStreetMap"}},{"type":"Feature","geometry":{"type":"LineString","coordinates":[[-80.0336186,-1.7956783],[-80.033893,-1.7957721],[-80.0341379,-1.7959827]]},"properties":{"waterway":"canal","osm_id":"way/265744500","source":"OpenStreetMap"}},{"type":"Feature","geometry":{"type":"LineString","coordinates":[[-80.0341379,-1.7959827],[-80.0356539,-1.7968893],[-80.0358655,-1.796963],[-80.0361347,-1.796963],[-80.0394682,-1.7967515],[-80.0465425,-1.7961083],[-80.0471586,-1.7959335],[-80.0541219,-1.7939572],[-80.0553248,-1.7936158],[-80.0556581,-1.7936158],[-80.0559402,-1.7937183],[-80.0561902,-1.7939362],[-80.0563387,-1.7941736],[-80.0578633,-1.7991069],[-80.0594852,-1.8045339],[-80.0603249,-1.807321],[-80.0605878,-1.8077695],[-80.0621861,-1.8101659],[-80.0622929,-1.810326],[-80.0634661,-1.8121393],[-80.0636648,-1.812607],[-80.0651841,-1.8168358],[-80.0679149,-1.8204494],[-80.0681906,-1.8208403],[-80.0682354,-1.821135],[-80.0681393,-1.8215515],[-80.0651328,-1.830182],[-80.0639597,-1.8320465],[-80.0634853,-1.8379218],[-80.0633827,-1.8381717],[-80.0631904,-1.8383832],[-80.0628699,-1.8386074],[-80.0569466,-1.8418622],[-80.0567607,-1.8420929],[-80.054626,-1.8463729],[-80.0532175,-1.8500381],[-80.0508054,-1.8564256],[-80.0505554,-1.8566819],[-80.0501772,-1.8568741],[-80.0487941,-1.8575362],[-80.0486515,-1.8576045]]},"properties":{"waterway":"canal","osm_id":"way/265744501","source":"OpenStreetMap"}},{"type":"Feature","geometry":{"type":"LineString","coordinates":[[-80.0727479,-1.8335256],[-80.0730108,-1.8332538],[-80.0729791,-1.8331723],[-80.072859,-1.8331134],[-80.0727761,-1.8330804],[-80.0726254,-1.8330708],[-80.072385,-1.8332854],[-80.0720998,-1.8333687],[-80.0719074,-1.8334616],[-80.0717248,-1.8336763],[-80.071401,-1.8341055],[-80.0711126,-1.8343362],[-80.0708241,-1.8346213],[-80.0705548,-1.8346982],[-80.0703209,-1.8345829],[-80.0701125,-1.8342433],[-80.0699875,-1.8340415],[-80.069651,-1.8338493],[-80.0686477,-1.8336474],[-80.0682439,-1.8334008],[-80.0680291,-1.8330548],[-80.0676637,-1.832728],[-80.0674426,-1.8326703],[-80.06709,-1.8324237],[-80.0668523,-1.8322459],[-80.0655702,-1.8320409],[-80.0649932,-1.8318743],[-80.0648009,-1.8317077],[-80.0647881,-1.8313617],[-80.0652625,-1.8307466],[-80.0654932,-1.8303238],[-80.0665702,-1.8276968],[-80.0670959,-1.8257746],[-80.0686472,-1.8213793],[-80.0687498,-1.8208667],[-80.0687113,-1.8203926],[-80.0681728,-1.8196109],[-80.0676856,-1.8185729],[-80.0664548,-1.8163432],[-80.0664035,-1.8159332],[-80.0666087,-1.815113],[-80.0666984,-1.8124092],[-80.0668733,-1.8114073],[-80.0669005,-1.8095045],[-80.066692,-1.8086165],[-80.0661702,-1.8069556],[-80.0661702,-1.8064464],[-80.0657553,-1.8051741],[-80.0656237,-1.8047705],[-80.0650679,-1.8024374],[-80.064892,-1.8018583],[-80.0647548,-1.8014989],[-80.0645844,-1.8013711],[-80.0641301,-1.8011867],[-80.0634675,-1.801111],[-80.0626583,-1.8010968],[-80.0619721,-1.8011299],[-80.0615603,-1.8010306],[-80.0612148,-1.8006569],[-80.0602021,-1.7995689],[-80.0599749,-1.7992662],[-80.0599323,-1.798902],[-80.0597809,-1.7978188],[-80.0595395,-1.7973316],[-80.0590947,-1.7965558],[-80.0586924,-1.7960733],[-80.0583138,-1.7954017],[-80.0578548,-1.7948151],[-80.0577223,-1.7943705],[-80.0576134,-1.7937272],[-80.0573342,-1.7921567],[-80.0571719,-1.7916993],[-80.0571446,-1.791255],[-80.0574592,-1.7902058],[-80.0575344,-1.7897034],[-80.0573532,-1.7888216],[-80.0572095,-1.7885448],[-80.0570488,-1.7883227],[-80.0568642,-1.7880048],[-80.0562932,-1.7874717],[-80.0559547,-1.7874136],[-80.0555307,-1.7874477],[-80.0553495,-1.7875229],[-80.0552571,-1.7878134],[-80.0550588,-1.7880287],[-80.0547237,-1.7880698],[-80.0543955,-1.787998],[-80.0541595,-1.7878544],[-80.0539544,-1.7877895],[-80.0534723,-1.7878066],[-80.0530859,-1.7877417],[-80.0525696,-1.7874136],[-80.0521764,-1.7872834]]},"properties":{"name":"Estero Loco","waterway":"river","osm_id":"way/265744502","source":"OpenStreetMap"}},{"type":"Feature","geometry":{"type":"LineString","coordinates":[[-80.0584817,-1.9077167],[-80.0583497,-1.9077146],[-80.0580738,-1.9076696],[-80.0576838,-1.9074238],[-80.0572669,-1.9073908],[-80.056931,-1.9073129],[-80.056802,-1.9072439],[-80.056787,-1.907124],[-80.056913,-1.9070311],[-80.0572309,-1.9069951],[-80.0573809,-1.9069022],[-80.0573419,-1.9067133],[-80.0571649,-1.9065964],[-80.05691,-1.9065874],[-80.0567,-1.9066534],[-80.0564961,-1.9068782],[-80.0563431,-1.9069742],[-80.0562351,-1.9069322],[-80.0561811,-1.9068482],[-80.0560912,-1.9066354],[-80.0561422,-1.9064376],[-80.0564481,-1.9061498],[-80.0565651,-1.9059759],[-80.0565501,-1.905856],[-80.0563881,-1.90579],[-80.0559832,-1.905814],[-80.0553923,-1.9059819],[-80.0551853,-1.9059819],[-80.0550234,-1.905895],[-80.0547984,-1.905889],[-80.0546784,-1.9059159],[-80.0545735,-1.9061228],[-80.0543845,-1.9062067],[-80.0541056,-1.9062037],[-80.0539286,-1.9062367],[-80.0537456,-1.9062277],[-80.0535597,-1.9059819],[-80.0534157,-1.9055352],[-80.0532657,-1.9053314],[-80.0531397,-1.9052984],[-80.0528848,-1.9055862],[-80.0528668,-1.905814],[-80.0527618,-1.9059609],[-80.0524229,-1.9061318],[-80.0521589,-1.9061588],[-80.052078,-1.9062097],[-80.052081,-1.9063986],[-80.0522129,-1.9066144],[-80.0524889,-1.9067373],[-80.0526089,-1.9068003],[-80.0525969,-1.9070521],[-80.0523299,-1.907232],[-80.052114,-1.9073009],[-80.051829,-1.9072859],[-80.051721,-1.907178],[-80.051652,-1.9070221],[-80.0513221,-1.9064406],[-80.0511511,-1.9061798],[-80.0508992,-1.9060299],[-80.0506892,-1.9061198],[-80.0505333,-1.9061678],[-80.0503563,-1.9061108],[-80.0501913,-1.9060089],[-80.0501223,-1.905898],[-80.0501913,-1.9056551],[-80.0501883,-1.9054573],[-80.0499364,-1.9051335],[-80.0496454,-1.9048038],[-80.0491175,-1.9046149],[-80.0489016,-1.904543],[-80.0487036,-1.9042072],[-80.0486196,-1.9040753],[-80.0484697,-1.9040124],[-80.0481847,-1.9040214],[-80.0479928,-1.9039884],[-80.0478068,-1.9040723],[-80.0475969,-1.9041203],[-80.0474229,-1.9040573],[-80.0472519,-1.9038475],[-80.047051,-1.9037576],[-80.046805,-1.9037816],[-80.046652,-1.9038715],[-80.046619,-1.9040603],[-80.046607,-1.9043062],[-80.046664,-1.904498],[-80.046754,-1.9046029],[-80.0472489,-1.904558],[-80.0474739,-1.9046119],[-80.0475849,-1.9047918],[-80.0476118,-1.9049866],[-80.0475669,-1.9051006],[-80.0475549,-1.9052954],[-80.0475159,-1.9053824],[-80.0472279,-1.9056491],[-80.0471769,-1.905862],[-80.0472699,-1.9061558],[-80.0472459,-1.9064465],[-80.047075,-1.9066774],[-80.046757,-1.9070221],[-80.0463131,-1.9073669],[-80.0460192,-1.9074088],[-80.0458152,-1.9073669],[-80.0457642,-1.9072739],[-80.0458302,-1.907121],[-80.0461421,-1.9067163],[-80.0462411,-1.9065485],[-80.0462291,-1.9063596],[-80.0461181,-1.9062757],[-80.0458602,-1.9062817],[-80.0455903,-1.9063656],[-80.0452603,-1.9065635],[-80.0451523,-1.9067553],[-80.0449904,-1.9069052],[-80.0448164,-1.9072439],[-80.0447954,-1.9074268],[-80.0448974,-1.9075527],[-80.0450504,-1.9077056],[-80.0450774,-1.9079544],[-80.0449844,-1.9081583],[-80.0448404,-1.9082332],[-80.0446304,-1.9081852],[-80.0444865,-1.9079784],[-80.0443305,-1.9078765],[-80.0441085,-1.9078735],[-80.0438686,-1.9079724],[-80.0437396,-1.9080953],[-80.0436556,-1.9083141],[-80.0434877,-1.9084041],[-80.0433077,-1.9083921],[-80.0432297,-1.9084371],[-80.0431187,-1.9084251],[-80.0427918,-1.9081583],[-80.0426448,-1.9081403],[-80.0425279,-1.9082182],[-80.0424619,-1.908506],[-80.0422819,-1.9087578],[-80.042006,-1.9091295],[-80.041811,-1.9091775],[-80.041655,-1.9091445],[-80.0415171,-1.9089047],[-80.0414481,-1.9088118],[-80.0413461,-1.9087728],[-80.0411301,-1.9088088],[-80.0408722,-1.9087728],[-80.0403293,-1.9083651],[-80.0399964,-1.9080294],[-80.0398644,-1.9077656],[-80.0396394,-1.907238],[-80.0395644,-1.9067044],[-80.0394685,-1.9064525],[-80.0393095,-1.9064016],[-80.0390965,-1.9064136],[-80.0388446,-1.9063656],[-80.0387126,-1.9064525],[-80.0384127,-1.9067853],[-80.0382957,-1.9070461],[-80.0383107,-1.9072739],[-80.0386676,-1.9078315],[-80.0390605,-1.9081673],[-80.0390276,-1.9083621],[-80.0389646,-1.908491],[-80.0388116,-1.908542],[-80.0382087,-1.9082632],[-80.0380527,-1.9082662],[-80.0379388,-1.9083591],[-80.0379508,-1.908479],[-80.0382687,-1.9089467],[-80.0383377,-1.9091775],[-80.0382447,-1.9093244],[-80.0380647,-1.9095192],[-80.0378398,-1.9095942],[-80.0375638,-1.9095342],[-80.0373389,-1.9093783],[-80.037036,-1.9089647],[-80.036832,-1.9086589],[-80.036673,-1.9085869],[-80.0365051,-1.9086139],[-80.0364451,-1.9086769],[-80.0363581,-1.9089796],[-80.0360941,-1.9093064],[-80.0357342,-1.9096331],[-80.0355782,-1.9096781],[-80.0352993,-1.9096781],[-80.0350054,-1.9096961],[-80.0343605,-1.9100678],[-80.0340995,-1.9102027],[-80.0338836,-1.9102417],[-80.0336286,-1.9101038],[-80.0334607,-1.909861],[-80.0334367,-1.9095522],[-80.0333857,-1.9093663],[-80.0332447,-1.9092554],[-80.0330977,-1.9092374],[-80.0330078,-1.9092854],[-80.0328218,-1.9102687],[-80.0327558,-1.910425],[-80.0324588,-1.9105013],[-80.032111,-1.9104843],[-80.0318056,-1.9103487],[-80.0316359,-1.9100773],[-80.0313305,-1.910001],[-80.0310336,-1.9100434],[-80.0304228,-1.9104504],[-80.0303973,-1.9105691],[-80.0304737,-1.9107048],[-80.0304991,-1.9109422],[-80.0306688,-1.9114509],[-80.0308894,-1.9117646],[-80.031093,-1.9118749],[-80.0313644,-1.9118918],[-80.0315935,-1.9119851],[-80.0317208,-1.9122055],[-80.0316868,-1.9123412],[-80.0311948,-1.9124345],[-80.0308469,-1.9123581],[-80.0301258,-1.9121377],[-80.0297526,-1.9121038],[-80.0288448,-1.912621],[-80.0286073,-1.9126464],[-80.0281916,-1.9122564],[-80.0276062,-1.9122055],[-80.0271905,-1.9122394],[-80.0267663,-1.9124514],[-80.0265203,-1.9128923],[-80.0264524,-1.913418],[-80.025918,-1.914622],[-80.0260198,-1.9152494],[-80.0258077,-1.9162245],[-80.0256295,-1.9166739],[-80.0252732,-1.91703],[-80.0248575,-1.9172589],[-80.0244164,-1.9172589],[-80.0235426,-1.9176405],[-80.0231947,-1.9179457],[-80.0224305,-1.9188451],[-80.0218599,-1.919218],[-80.0207074,-1.9198929],[-80.0205503,-1.9200875],[-80.019945,-1.9210108],[-80.019906,-1.9211135],[-80.0199936,-1.9218439],[-80.0199121,-1.9224747],[-80.0199181,-1.923027],[-80.0200027,-1.9235311],[-80.0200631,-1.9240472],[-80.0199664,-1.924346],[-80.0197166,-1.9246213],[-80.0191334,-1.9248194],[-80.0189806,-1.9250287],[-80.0188617,-1.9256455],[-80.0185389,-1.925985],[-80.0179048,-1.9264943],[-80.0174179,-1.9267037],[-80.0170612,-1.9267772],[-80.0167385,-1.926681],[-80.0163535,-1.9262736],[-80.0155269,-1.92577],[-80.0152325,-1.9254022],[-80.0151193,-1.9249778],[-80.0151816,-1.9245308],[-80.015023,-1.9240385],[-80.014706,-1.9234331],[-80.0145022,-1.9229181],[-80.0143153,-1.9227484],[-80.0140436,-1.922754],[-80.0138114,-1.9228672],[-80.0136133,-1.922805],[-80.0132132,-1.92254],[-80.0131335,-1.9224352],[-80.0130833,-1.9222297],[-80.0131701,-1.9217093],[-80.0134593,-1.9211716],[-80.0134362,-1.9208479],[-80.0132684,-1.9207264],[-80.0129213,-1.9208132],[-80.0123778,-1.9211613],[-80.0121694,-1.9212318],[-80.0119494,-1.9211832],[-80.0118415,-1.9210315],[-80.0117477,-1.9207818],[-80.0116602,-1.9207264],[-80.0111858,-1.9207207],[-80.0105957,-1.9206108],[-80.0103598,-1.9205498],[-80.0091462,-1.9208264]]},"properties":{"name":"Río Bajagual","waterway":"river","osm_id":"way/265751615","source":"OpenStreetMap"}},{"type":"Feature","geometry":{"type":"LineString","coordinates":[[-79.9233752,-2.0866472],[-79.9201775,-2.0849658]]},"properties":{"waterway":"canal","osm_id":"way/266830004","source":"OpenStreetMap"}},{"type":"Feature","geometry":{"type":"LineString","coordinates":[[-79.9238153,-2.0868786],[-79.9235955,-2.086763],[-79.9233752,-2.0866472]]},"properties":{"waterway":"canal","osm_id":"way/266830005","source":"OpenStreetMap"}},{"type":"Feature","geometry":{"type":"LineString","coordinates":[[-79.9131213,-2.0920366],[-79.9123101,-2.0916371]]},"properties":{"waterway":"canal","osm_id":"way/266830006","source":"OpenStreetMap"}},{"type":"Feature","geometry":{"type":"LineString","coordinates":[[-79.9197524,-2.0851563],[-79.9175189,-2.093804]]},"properties":{"waterway":"canal","osm_id":"way/266830007","source":"OpenStreetMap"}},{"type":"Feature","geometry":{"type":"LineString","coordinates":[[-79.9171423,-2.0939483],[-79.9146495,-2.092782],[-79.9131213,-2.0920366]]},"properties":{"waterway":"canal","osm_id":"way/266830008","source":"OpenStreetMap"}},{"type":"Feature","geometry":{"type":"LineString","coordinates":[[-79.9201775,-2.0849658],[-79.9199277,-2.0848344],[-79.9197524,-2.0851563]]},"properties":{"waterway":"canal","osm_id":"way/266830009","source":"OpenStreetMap"}},{"type":"Feature","geometry":{"type":"LineString","coordinates":[[-79.9123101,-2.0916371],[-79.9121346,-2.0915448],[-79.9119633,-2.091433],[-79.9118431,-2.0913437],[-79.911733,-2.0912209],[-79.9116422,-2.09112],[-79.9115733,-2.0910248],[-79.911528,-2.0909412],[-79.9113917,-2.0905464],[-79.9111807,-2.089635],[-79.9108252,-2.0891092],[-79.909905,-2.0883865],[-79.9096687,-2.0884668],[-79.9089928,-2.0888328],[-79.9087801,-2.0887675],[-79.9085259,-2.0886147],[-79.9083267,-2.0884824],[-79.9080208,-2.0879797],[-79.9080361,-2.0876891],[-79.9080437,-2.0874367],[-79.9079981,-2.0872072],[-79.9079017,-2.0871411],[-79.9039495,-2.0851192],[-79.9004619,-2.08335],[-79.9002885,-2.0833372],[-79.900087,-2.08335],[-79.8997736,-2.0834238],[-79.8993962,-2.0834035],[-79.8984896,-2.0832353],[-79.8972216,-2.0829573],[-79.896351,-2.0826839],[-79.8949263,-2.0823006],[-79.894279,-2.0822226],[-79.8924729,-2.0835911]]},"properties":{"waterway":"canal","osm_id":"way/266830010","source":"OpenStreetMap"}},{"type":"Feature","geometry":{"type":"LineString","coordinates":[[-80.0390837,-1.8844331],[-80.0385231,-1.8851094],[-80.0380708,-1.8854946],[-80.0376059,-1.8856829],[-80.0373881,-1.8856955],[-80.0368436,-1.8853606],[-80.0364667,-1.8850006],[-80.0356541,-1.8842011],[-80.0354196,-1.8837029],[-80.0353945,-1.8827904],[-80.0353819,-1.8825141],[-80.0350301,-1.8821164],[-80.0347201,-1.8816099],[-80.0343935,-1.8810364],[-80.0340584,-1.8808271],[-80.0338197,-1.8808899],[-80.0334972,-1.8810783],[-80.0332249,-1.8814718],[-80.0330574,-1.8819615],[-80.0330071,-1.8825769],[-80.0328312,-1.8829955],[-80.0326972,-1.8833806],[-80.0327391,-1.8839667],[-80.0329108,-1.884448],[-80.0333213,-1.8851178],[-80.0338867,-1.8854443],[-80.0347369,-1.8858253],[-80.0349379,-1.8860973],[-80.0351515,-1.8866792],[-80.0351599,-1.8869722],[-80.0350426,-1.8871187],[-80.0346699,-1.8872401],[-80.0343809,-1.8876252],[-80.034205,-1.8878011],[-80.0338322,-1.8880145],[-80.0332961,-1.8881904],[-80.03307,-1.8881736],[-80.032714,-1.8879769],[-80.0322072,-1.8877801],[-80.0320313,-1.8878094],[-80.0318177,-1.888002],[-80.0314658,-1.8881359],[-80.031114,-1.8881234],[-80.0309423,-1.8879643],[-80.0308795,-1.8876713],[-80.030913,-1.8874452],[-80.0309968,-1.8872318],[-80.0312941,-1.8870936],[-80.0318428,-1.886989],[-80.0324501,-1.8866625],[-80.0330281,-1.8862732],[-80.0331328,-1.8860722],[-80.033137,-1.8859006],[-80.0330448,-1.8857876],[-80.0328145,-1.8856829],[-80.0323956,-1.8856997],[-80.0320815,-1.8856201],[-80.0317213,-1.8853773],[-80.0315999,-1.8851639],[-80.0317088,-1.8848541],[-80.031826,-1.8846155],[-80.0317842,-1.8845611],[-80.0316795,-1.8845108],[-80.0313653,-1.8843057],[-80.0309339,-1.8836192],[-80.0301926,-1.8830708],[-80.029824,-1.8829453],[-80.0296021,-1.8829704],[-80.0294597,-1.883075],[-80.0293424,-1.8833681],[-80.0293424,-1.8836318],[-80.0293759,-1.8840713],[-80.0292167,-1.8847955],[-80.0287309,-1.886495],[-80.0285089,-1.8873657],[-80.028132,-1.8889438],[-80.0277885,-1.8895299],[-80.0274074,-1.8902206],[-80.0273153,-1.8907187],[-80.0274283,-1.8910661],[-80.0278639,-1.8914345],[-80.0280985,-1.8918238],[-80.0282786,-1.8925187],[-80.0285299,-1.893088],[-80.029468,-1.8941805],[-80.0296104,-1.894574],[-80.0295518,-1.8950889],[-80.0292712,-1.8955242],[-80.0290325,-1.8956959],[-80.028756,-1.895721],[-80.0280566,-1.8953694],[-80.0277215,-1.895114],[-80.0273194,-1.8950428],[-80.027131,-1.8949256],[-80.0266409,-1.8941261],[-80.0263729,-1.8932889],[-80.0263352,-1.8924601],[-80.0262137,-1.8918657],[-80.0261006,-1.8912085],[-80.0262179,-1.8901787],[-80.0264818,-1.8896094],[-80.0272399,-1.8887429],[-80.027265,-1.8885755],[-80.027131,-1.8882448],[-80.0268922,-1.8880522],[-80.02662,-1.8880229],[-80.0261593,-1.888069],[-80.0255981,-1.8879811],[-80.0246683,-1.8879559],[-80.024107,-1.8879811],[-80.0239562,-1.8881192],[-80.0235751,-1.888881],[-80.0231521,-1.8892829],[-80.0228254,-1.8896471],[-80.0224736,-1.8905303],[-80.0224108,-1.8909992],[-80.0225322,-1.8914638],[-80.0225155,-1.8920959],[-80.0224317,-1.8924057],[-80.0222013,-1.8925857],[-80.0217029,-1.8926736],[-80.0210203,-1.892728],[-80.0203292,-1.8925605],[-80.0199648,-1.892368],[-80.0198894,-1.8920875],[-80.0199732,-1.8918531],[-80.020112,-1.891673]]},"properties":{"name":"Estero Magro","waterway":"river","osm_id":"way/274564824","source":"OpenStreetMap"}},{"type":"Feature","geometry":{"type":"LineString","coordinates":[[-80.0498774,-1.7871474],[-80.05,-1.7866659],[-80.0501316,-1.7865865],[-80.0504941,-1.7865284],[-80.050583,-1.7863644],[-80.0505693,-1.7860944],[-80.0503573,-1.7859201],[-80.0501556,-1.7853732],[-80.0499777,-1.7852673],[-80.0498102,-1.7852946],[-80.0495059,-1.7854484],[-80.0493999,-1.7854382],[-80.04927,-1.7852605],[-80.0490751,-1.7847854],[-80.0490374,-1.7844949],[-80.048928,-1.7843992],[-80.0488711,-1.7842758],[-80.0486449,-1.7840583],[-80.0485065,-1.783999],[-80.0483078,-1.7840387],[-80.0479718,-1.7841103],[-80.047789,-1.7841844],[-80.0472998,-1.7841992],[-80.0464228,-1.7842214],[-80.0460572,-1.7842807],[-80.0458694,-1.784456],[-80.0457237,-1.784577],[-80.0453185,-1.7846165],[-80.0449825,-1.7845252],[-80.0447651,-1.7844437],[-80.0446416,-1.7844659],[-80.0445452,-1.7845819],[-80.0444785,-1.7847894],[-80.0443031,-1.7849474],[-80.0440017,-1.7850017],[-80.0437176,-1.7849202],[-80.0434409,-1.7847573],[-80.0432581,-1.7844289],[-80.0431321,-1.784214],[-80.0429789,-1.7840832],[-80.0427443,-1.7840264],[-80.0422329,-1.784056],[-80.0418598,-1.7842683],[-80.041803,-1.7844289],[-80.0418623,-1.784656],[-80.0416943,-1.7849202],[-80.0414077,-1.7850437],[-80.0412891,-1.7852314],[-80.0412891,-1.7853277],[-80.0413756,-1.7854465],[-80.0416385,-1.7858694],[-80.0416898,-1.7861],[-80.0415615,-1.7863435],[-80.0414333,-1.7866639],[-80.0413628,-1.7870355],[-80.0418564,-1.7883234],[-80.0420039,-1.7890346],[-80.0418628,-1.7899765],[-80.0416769,-1.7908094],[-80.041459,-1.7911554],[-80.0412218,-1.7912707],[-80.0410423,-1.7912515],[-80.0405872,-1.7907069],[-80.0399525,-1.7905531],[-80.039273,-1.79063],[-80.0387666,-1.7908286],[-80.0386768,-1.7910401],[-80.0385807,-1.791149],[-80.0383627,-1.7911362],[-80.038055,-1.7907902],[-80.0377666,-1.7907197],[-80.0372986,-1.7907453],[-80.0371063,-1.7908543],[-80.0370486,-1.7911106],[-80.0372858,-1.7915334],[-80.0372601,-1.7918218],[-80.0371704,-1.7920973],[-80.0367922,-1.7922703],[-80.0362216,-1.7922062],[-80.0359396,-1.7923344],[-80.0357921,-1.7925971],[-80.0355614,-1.7927188],[-80.0350224,-1.7927158]]},"properties":{"name":"Estero Loco","waterway":"river","osm_id":"way/274652110","source":"OpenStreetMap"}},{"type":"Feature","geometry":{"type":"LineString","coordinates":[[-80.0521764,-1.7872834],[-80.0518207,-1.7872017],[-80.0516395,-1.7872359],[-80.0514754,-1.7873999],[-80.051236,-1.7878647],[-80.0511711,-1.7881313],[-80.0510719,-1.7883158],[-80.0509352,-1.7883637],[-80.0506172,-1.7882953],[-80.050347,-1.7881415],[-80.0501966,-1.7879946],[-80.0500461,-1.7879741],[-80.0498615,-1.7876938],[-80.0497794,-1.7875605],[-80.0497555,-1.7874272],[-80.0498774,-1.7871474]]},"properties":{"name":"Estero Loco","waterway":"river","osm_id":"way/274652111","source":"OpenStreetMap"}},{"type":"Feature","geometry":{"type":"LineString","coordinates":[[-80.0607373,-1.9074114],[-80.0605374,-1.9074497],[-80.0603743,-1.9074497],[-80.0601062,-1.9072951],[-80.0599376,-1.9073116],[-80.0597967,-1.9073696],[-80.0595092,-1.9075906],[-80.0594153,-1.9078088],[-80.0593904,-1.9080243],[-80.0591665,-1.9081431],[-80.0590007,-1.9081375],[-80.0587989,-1.9080602],[-80.0584817,-1.9077167]]},"properties":{"name":"Río Bijagual","waterway":"stream","osm_id":"way/274652115","source":"OpenStreetMap"}},{"type":"Feature","geometry":{"type":"LineString","coordinates":[[-80.0504671,-1.7874868],[-80.0502259,-1.7874743],[-80.0500704,-1.7873591],[-80.0499739,-1.7872492],[-80.0498774,-1.7871474]]},"properties":{"name":"Estero Grande de Colorado","waterway":"stream","osm_id":"way/279667478","source":"OpenStreetMap"}},{"type":"Feature","geometry":{"type":"LineString","coordinates":[[-80.0339331,-1.7945257],[-80.0340613,-1.7949806],[-80.0340549,-1.7954163],[-80.033893,-1.7957721],[-80.0336647,-1.7962822],[-80.0330677,-1.797127],[-80.0328049,-1.7979728],[-80.0324331,-1.7985879],[-80.0318882,-1.7989915],[-80.0314458,-1.7990748],[-80.0305868,-1.7987929],[-80.0300163,-1.7986199],[-80.0296766,-1.7983829],[-80.0296253,-1.7981458],[-80.0297663,-1.7978511],[-80.0299009,-1.7974666],[-80.0298496,-1.7973128],[-80.0292727,-1.7969733],[-80.0290035,-1.7969861],[-80.0287535,-1.7969925],[-80.0283587,-1.7966697],[-80.0280381,-1.7962907]]},"properties":{"name":"Estero Loco","waterway":"river","osm_id":"way/279667479","source":"OpenStreetMap"}},{"type":"Feature","geometry":{"type":"LineString","coordinates":[[-80.0350224,-1.7927158],[-80.0346794,-1.7929222],[-80.0344075,-1.7933022],[-80.0341028,-1.7938986],[-80.0339996,-1.7942207],[-80.0339331,-1.7945257]]},"properties":{"name":"Estero Loco","waterway":"river","osm_id":"way/279667480","source":"OpenStreetMap"}},{"type":"Feature","geometry":{"type":"LineString","coordinates":[[-80.0280381,-1.7962907],[-80.0275684,-1.7980678],[-80.0244171,-1.8025131],[-80.0229338,-1.8037948]]},"properties":{"name":"Río Daule","waterway":"river","osm_id":"way/279667481","source":"OpenStreetMap"}},{"type":"Feature","geometry":{"type":"LineString","coordinates":[[-80.1202129,-1.7934931],[-80.1199117,-1.7936143],[-80.119903,-1.7939517],[-80.1197385,-1.7941247],[-80.1190374,-1.7945486],[-80.1188037,-1.7944708],[-80.118622,-1.7943583],[-80.1184315,-1.7943929],[-80.1181719,-1.7942112],[-80.1177477,-1.7944362],[-80.1177564,-1.7946957],[-80.1173496,-1.7947303],[-80.1171332,-1.7951456],[-80.1169514,-1.7952321],[-80.1167783,-1.7951369],[-80.1164234,-1.7954916],[-80.1166312,-1.7956993],[-80.1166571,-1.7960367],[-80.1164927,-1.7960107],[-80.1161897,-1.7964433],[-80.1158435,-1.7967288],[-80.1155406,-1.7966509],[-80.1151597,-1.7966682],[-80.1148654,-1.7969624],[-80.1148481,-1.7972479],[-80.1147183,-1.7974295],[-80.1145112,-1.7973859],[-80.1144439,-1.797233],[-80.1143215,-1.7972085],[-80.1141256,-1.797233],[-80.1140644,-1.7973309],[-80.1138563,-1.7974471],[-80.1134952,-1.7974838],[-80.1130423,-1.797441],[-80.1127363,-1.7972269],[-80.1126261,-1.7971412],[-80.1124241,-1.7971902],[-80.1122466,-1.7969944],[-80.1120079,-1.7969883],[-80.1118304,-1.7971473],[-80.1117019,-1.7975511],[-80.111353,-1.7974716],[-80.1112,-1.7975266],[-80.1111082,-1.7976673],[-80.1106614,-1.7978325],[-80.1105145,-1.7979487],[-80.1101412,-1.7980711],[-80.1101044,-1.7982424],[-80.1101044,-1.7984503],[-80.1099637,-1.7986889],[-80.1097005,-1.7987256],[-80.1096087,-1.7988419],[-80.1096393,-1.7991906],[-80.1098474,-1.7992701],[-80.1099759,-1.7995087],[-80.1100188,-1.7997044],[-80.1102146,-1.7999369],[-80.1101412,-1.8001143],[-80.1099514,-1.8004508],[-80.1100432,-1.8009034],[-80.109982,-1.8010809],[-80.1096944,-1.8013867],[-80.1097433,-1.8014846],[-80.1100677,-1.8015641],[-80.1101228,-1.8016804],[-80.1101044,-1.8020719],[-80.110184,-1.8025123],[-80.1102636,-1.8028427],[-80.1104839,-1.8029956],[-80.1105512,-1.8031118],[-80.1105145,-1.8031853],[-80.110135,-1.803485],[-80.1099147,-1.8036808],[-80.1098474,-1.8039193],[-80.1097984,-1.8042069],[-80.109878,-1.8045556],[-80.1098841,-1.804788],[-80.1097617,-1.8048676],[-80.1094128,-1.8048981],[-80.1092721,-1.8050388],[-80.1092537,-1.8053264],[-80.1092109,-1.805828],[-80.1089048,-1.8061155],[-80.1085988,-1.8063724],[-80.1081643,-1.8064214],[-80.1079317,-1.8064275],[-80.1077481,-1.8066905],[-80.1075767,-1.8067884],[-80.1071789,-1.806972],[-80.1069402,-1.807235],[-80.1067443,-1.807498],[-80.1067321,-1.8078651],[-80.1065423,-1.8081404],[-80.1065974,-1.8084952],[-80.1063526,-1.8087705],[-80.1062608,-1.8089968],[-80.1060772,-1.8092354],[-80.1060098,-1.8095963],[-80.1061445,-1.8097493],[-80.106426,-1.8099695],[-80.1065729,-1.8102754],[-80.1067688,-1.8103059],[-80.1068912,-1.810153],[-80.1070197,-1.8101408],[-80.1070626,-1.8105629],[-80.1069218,-1.8108626],[-80.1070136,-1.811089],[-80.1069096,-1.8113581],[-80.1069708,-1.8116824],[-80.1068484,-1.8119148],[-80.1065913,-1.8119454],[-80.1063587,-1.8118965],[-80.1061996,-1.8119087],[-80.1059609,-1.8120494],[-80.1058628,-1.8121941],[-80.1058053,-1.812408],[-80.1058596,-1.8126603],[-80.1058564,-1.8127497],[-80.1057127,-1.812887],[-80.10562,-1.8131106],[-80.1054347,-1.8132543],[-80.1053612,-1.8134107],[-80.1052845,-1.8136375],[-80.1050928,-1.8137716],[-80.1050257,-1.8139153],[-80.1050353,-1.8140718],[-80.1050673,-1.814241],[-80.1052142,-1.8144071],[-80.1052654,-1.8145125],[-80.1052494,-1.8146274],[-80.1051216,-1.8147807],[-80.1049714,-1.815017],[-80.1049331,-1.8150969],[-80.1048117,-1.815132],[-80.1045177,-1.8153013],[-80.1045081,-1.8153875],[-80.1045113,-1.8154897],[-80.1044826,-1.8155759],[-80.1043931,-1.8155823],[-80.1042366,-1.8156174],[-80.104096,-1.8158473],[-80.1040704,-1.8160134],[-80.1039905,-1.8161156],[-80.1038276,-1.8162912],[-80.1037222,-1.8164733],[-80.1035688,-1.8166042],[-80.1035432,-1.8167894],[-80.103441,-1.8169044],[-80.1033451,-1.8169267],[-80.10331,-1.8169746],[-80.1033228,-1.8170449],[-80.1032621,-1.8171758],[-80.1031343,-1.8171854],[-80.1030416,-1.8171215],[-80.1029138,-1.8171087],[-80.102655,-1.8171503],[-80.1024665,-1.8170736],[-80.1018882,-1.8167862],[-80.1017444,-1.8167639],[-80.1016486,-1.8168245],[-80.1015847,-1.8169012],[-80.1016102,-1.8174824],[-80.101786,-1.8179231],[-80.1018499,-1.8182041],[-80.1019361,-1.8185937],[-80.1019809,-1.8189737],[-80.1020831,-1.8190695],[-80.1022013,-1.8195389],[-80.102179,-1.8196475],[-80.1020703,-1.8200148],[-80.1019202,-1.820168],[-80.1017348,-1.8203628],[-80.1015144,-1.820663],[-80.1013578,-1.8208003],[-80.1012556,-1.8208674],[-80.1010064,-1.8209153],[-80.100853,-1.8210654],[-80.1007859,-1.8212442],[-80.1007604,-1.8214263],[-80.1006773,-1.821538],[-80.1005335,-1.8218127],[-80.1003578,-1.8221799],[-80.1001821,-1.8224258],[-80.0999999,-1.8225408],[-80.0997987,-1.8225471],[-80.0996549,-1.8224833],[-80.0995462,-1.8221831],[-80.0993833,-1.8218893],[-80.0991277,-1.8216083],[-80.0990063,-1.8215763],[-80.0988721,-1.8216051],[-80.0986548,-1.8217775],[-80.0983513,-1.8223619],[-80.0982459,-1.822413],[-80.0981468,-1.8223907],[-80.0980574,-1.8222725],[-80.0980382,-1.8220681],[-80.0980318,-1.8217648],[-80.0980925,-1.8214039],[-80.0980542,-1.8211325],[-80.0978944,-1.8209664],[-80.0977666,-1.8208099],[-80.0975557,-1.820794],[-80.0974184,-1.8209089],[-80.0972426,-1.8208482],[-80.0969071,-1.8207237],[-80.096626,-1.8206918],[-80.0964758,-1.8207876],[-80.0963448,-1.821059],[-80.0961755,-1.8211963],[-80.0960509,-1.8211804],[-80.0958911,-1.8210878],[-80.0956994,-1.8209025],[-80.0955972,-1.820695],[-80.0954406,-1.8205193],[-80.0953256,-1.8204331],[-80.0951275,-1.8204044],[-80.0947952,-1.8203756],[-80.0946067,-1.8204299],[-80.0943288,-1.8203788],[-80.094054,-1.8203756],[-80.0939485,-1.8203054],[-80.0938495,-1.820085],[-80.0937313,-1.8200531],[-80.0936163,-1.8201138],[-80.0934373,-1.8202543],[-80.093268,-1.8202543],[-80.093022,-1.820184],[-80.0929261,-1.8200595],[-80.0928111,-1.8199349],[-80.0924437,-1.8198391],[-80.0921146,-1.8197337],[-80.0918334,-1.8198072],[-80.0916545,-1.8197784],[-80.0913638,-1.8196571],[-80.0911465,-1.8195773],[-80.0910219,-1.8195996],[-80.0909899,-1.8197082],[-80.0910155,-1.8198583],[-80.0909133,-1.820465],[-80.0907695,-1.820679],[-80.0903477,-1.8210558],[-80.0902487,-1.8211037],[-80.0897119,-1.8212155],[-80.0893253,-1.8213177],[-80.0886352,-1.8213528],[-80.0879387,-1.8212123],[-80.087453,-1.8210878],[-80.0873476,-1.8209153],[-80.0870792,-1.8208227],[-80.0864849,-1.8206758],[-80.0861335,-1.8205065],[-80.0857501,-1.8203469],[-80.0856063,-1.8202096],[-80.085389,-1.8200563],[-80.0852261,-1.8197976],[-80.0850887,-1.8196188],[-80.0848523,-1.8193601],[-80.0846638,-1.8191078],[-80.0844657,-1.8188172],[-80.0841653,-1.8185107],[-80.0839609,-1.8182232],[-80.0839193,-1.8180253],[-80.083635,-1.8178145],[-80.0835231,-1.8176357],[-80.0835455,-1.8174153],[-80.0835775,-1.8170353],[-80.083488,-1.8167351],[-80.0833666,-1.8164605],[-80.0833985,-1.8159815],[-80.0835104,-1.8154737],[-80.0834816,-1.8151959],[-80.083389,-1.8150394],[-80.0832995,-1.8148701],[-80.0833123,-1.8146179],[-80.0834241,-1.8142347],[-80.0834145,-1.8138962],[-80.0833666,-1.8137045],[-80.0831653,-1.8135449],[-80.0829448,-1.8134523],[-80.0828809,-1.8134714],[-80.0828586,-1.8135385],[-80.0828969,-1.8137045],[-80.082996,-1.8139057],[-80.0830822,-1.813992],[-80.0830918,-1.8141261],[-80.0829544,-1.8142283],[-80.0828426,-1.8142091],[-80.0827531,-1.8140494],[-80.0826381,-1.8139696],[-80.0824304,-1.8139472],[-80.0823474,-1.8138003],[-80.0824209,-1.8136183],[-80.0824656,-1.8134618],[-80.0823314,-1.8133086],[-80.0821205,-1.8132862],[-80.081964,-1.8131968],[-80.0818202,-1.8129541],[-80.0817882,-1.8127465],[-80.081801,-1.8125294],[-80.0819352,-1.8123473],[-80.0821844,-1.8121589],[-80.0823953,-1.811929],[-80.0827595,-1.8117246],[-80.0831014,-1.8115202],[-80.0833602,-1.8112775],[-80.0834752,-1.8110412],[-80.0834816,-1.8109742],[-80.0834305,-1.8108145],[-80.0834081,-1.8106229],[-80.0834976,-1.8105047],[-80.0836094,-1.8103674],[-80.0835998,-1.810195],[-80.083603,-1.8098533],[-80.0836797,-1.8096106],[-80.0836925,-1.8094062],[-80.0835934,-1.8091826],[-80.0835008,-1.8090166],[-80.0834369,-1.8088346],[-80.0833155,-1.8086589],[-80.0832132,-1.8086302],[-80.0830567,-1.8086334],[-80.0828522,-1.8086142],[-80.0826892,-1.8085599],[-80.0825135,-1.8084897],[-80.0823282,-1.8084162],[-80.0821205,-1.8084162],[-80.0818777,-1.8084354],[-80.0816445,-1.8083651],[-80.0813697,-1.8083491],[-80.0810534,-1.8083204],[-80.0808297,-1.8083396],[-80.0806636,-1.8082246],[-80.0806316,-1.8079627],[-80.0805102,-1.8076083],[-80.0804591,-1.8072825],[-80.0804016,-1.806861],[-80.0802387,-1.806366],[-80.0801109,-1.8061584],[-80.0799799,-1.8061137],[-80.0798521,-1.8061457],[-80.0796955,-1.8061489],[-80.0795805,-1.8059988],[-80.0794175,-1.8056475],[-80.0793377,-1.805226],[-80.0791971,-1.8049002],[-80.0790373,-1.804814],[-80.0785772,-1.8045489],[-80.0784271,-1.8043573],[-80.0782386,-1.8042232],[-80.0780564,-1.8041562],[-80.0778232,-1.8041498],[-80.0776027,-1.804153],[-80.0774622,-1.8040348],[-80.077312,-1.8037602],[-80.0771842,-1.8036644],[-80.0765803,-1.8036324],[-80.076443,-1.803658]]},"properties":{"name":"Estero Loco","waterway":"river","osm_id":"way/283655001","source":"OpenStreetMap"}},{"type":"Feature","geometry":{"type":"LineString","coordinates":[[-80.076443,-1.803658],[-80.0763727,-1.803757],[-80.07628,-1.804054],[-80.0759445,-1.8042615],[-80.0756666,-1.8044979],[-80.0753151,-1.8046511],[-80.0748454,-1.804897],[-80.0747112,-1.8050375],[-80.074494,-1.8051365],[-80.0742863,-1.8050918],[-80.074101,-1.805127],[-80.0739093,-1.8052323],[-80.0737591,-1.8052387],[-80.0735674,-1.8051812],[-80.0734045,-1.8051302],[-80.0732064,-1.804996],[-80.0729955,-1.8049002],[-80.0727527,-1.8048555],[-80.0726728,-1.8047342],[-80.0725226,-1.8045841],[-80.0723373,-1.8044851],[-80.0722766,-1.8043829],[-80.0720306,-1.8043669],[-80.0717047,-1.8043669],[-80.0713469,-1.8042615],[-80.0710465,-1.8040923],[-80.0706408,-1.8039262],[-80.0703372,-1.8037921],[-80.070219,-1.8036899],[-80.070104,-1.803444],[-80.0700273,-1.80285],[-80.0699315,-1.8026009],[-80.0697046,-1.8023934],[-80.0696088,-1.8021187],[-80.069465,-1.8018783],[-80.0692541,-1.8016046],[-80.0690688,-1.8013778],[-80.0686758,-1.8010521],[-80.0684586,-1.80072],[-80.068334,-1.8003623],[-80.0681071,-1.800043],[-80.0679729,-1.799928],[-80.0678419,-1.7998897],[-80.0676374,-1.7997715],[-80.0674074,-1.7995927],[-80.0671997,-1.7995895],[-80.066909,-1.799647],[-80.0667588,-1.7998258],[-80.0665256,-1.8002154],[-80.0663882,-1.8003368],[-80.0660719,-1.8005028],[-80.0658322,-1.8009052],[-80.0656533,-1.8010393],[-80.0654105,-1.8010713],[-80.0650367,-1.8011351],[-80.0648769,-1.8012597],[-80.0647587,-1.801314],[-80.0645844,-1.8013711]]},"properties":{"name":"Estero Loco","waterway":"river","osm_id":"way/283656556","source":"OpenStreetMap"}},{"type":"Feature","geometry":{"type":"LineString","coordinates":[[-80.1479091,-1.8644726],[-80.1478092,-1.8645821],[-80.1477286,-1.864673],[-80.1473461,-1.865104],[-80.1469751,-1.8653287],[-80.146784,-1.8653962],[-80.1465816,-1.865295],[-80.1464916,-1.8648455],[-80.1463567,-1.8645871],[-80.1461094,-1.8644298],[-80.145907,-1.8645421],[-80.1455809,-1.8651152],[-80.1450638,-1.8657333],[-80.1448389,-1.866385],[-80.1447152,-1.8665311],[-80.1444454,-1.8665761],[-80.1441531,-1.8664637],[-80.1440069,-1.8662277],[-80.1440519,-1.8651939],[-80.1439507,-1.8647332],[-80.1435572,-1.8644747],[-80.14295,-1.8644185],[-80.1427027,-1.8644859],[-80.1420843,-1.8650478],[-80.141792,-1.865104],[-80.1412411,-1.8648006],[-80.1409038,-1.8647894],[-80.1406677,-1.8649017],[-80.1403529,-1.8653512],[-80.1400605,-1.8655422],[-80.1395321,-1.8655422],[-80.1393072,-1.8653287],[-80.13897,-1.8636432],[-80.1387563,-1.8630813],[-80.1382504,-1.8625082],[-80.1379131,-1.8622497],[-80.1372722,-1.8621598],[-80.1371036,-1.8620699],[-80.1370923,-1.861789],[-80.1369912,-1.8614294],[-80.1366089,-1.8610024],[-80.1360692,-1.8603169],[-80.1357769,-1.8601821],[-80.1355295,-1.860272],[-80.135136,-1.8605754],[-80.1346804,-1.8608387],[-80.1343153,-1.8609575],[-80.1340005,-1.8612272],[-80.1338768,-1.8617104],[-80.1336407,-1.861789],[-80.1332134,-1.8615306],[-80.1321116,-1.8611485],[-80.1308411,-1.8611597],[-80.1306725,-1.8614069],[-80.1307287,-1.8616092],[-80.1311335,-1.8617778],[-80.1315382,-1.8623509],[-80.1317181,-1.8635645],[-80.1314258,-1.863778],[-80.1310548,-1.8637892],[-80.1308074,-1.8636094],[-80.1303689,-1.8629352],[-80.1298742,-1.8626768],[-80.1296156,-1.8628903],[-80.1290872,-1.8637218],[-80.1286487,-1.8642612],[-80.1281653,-1.8642837],[-80.1274682,-1.8640702],[-80.1271001,-1.8641218],[-80.1263636,-1.8646168],[-80.1260107,-1.8646848],[-80.1257384,-1.8646106],[-80.1253918,-1.8641652],[-80.1243705,-1.8632991],[-80.1240981,-1.863132],[-80.1235906,-1.8630949],[-80.1228478,-1.8629217],[-80.1223464,-1.8629093],[-80.1218946,-1.8629588],[-80.1213128,-1.8632434],[-80.1206876,-1.8636146],[-80.1206319,-1.8637507],[-80.1206814,-1.8639919],[-80.12018,-1.8647467],[-80.1197529,-1.8650436],[-80.119623,-1.8649879],[-80.1195116,-1.8647529],[-80.1191897,-1.8645487],[-80.1188431,-1.8643817],[-80.1184469,-1.8643817],[-80.1178775,-1.8645858],[-80.1172585,-1.8645735],[-80.1165591,-1.8645487],[-80.1157544,-1.8645735],[-80.1153954,-1.8644745],[-80.1149807,-1.864128],[-80.1143431,-1.863961],[-80.1137923,-1.8640662],[-80.1134023,-1.863961],[-80.1132166,-1.863794],[-80.1132599,-1.8635341],[-80.112969,-1.8631815],[-80.1127771,-1.862767],[-80.1128205,-1.8624948],[-80.1129814,-1.8624329],[-80.1133157,-1.8624268],[-80.1136313,-1.8621855],[-80.1137489,-1.8616968],[-80.1138232,-1.8610905],[-80.1135632,-1.8609358],[-80.1132909,-1.8607874],[-80.113229,-1.860577],[-80.1131919,-1.8597728],[-80.1130433,-1.8592655],[-80.1126781,-1.8588819],[-80.1121582,-1.8583128],[-80.1118177,-1.8581396],[-80.1115268,-1.8580715],[-80.110914,-1.8581272],[-80.1104931,-1.8580035],[-80.1101094,-1.858022],[-80.1095709,-1.8585479],[-80.1093914,-1.8586035],[-80.1090943,-1.8584674],[-80.1089333,-1.8581024],[-80.1090324,-1.8566919],[-80.1093295,-1.8560857],[-80.1098308,-1.8555103],[-80.1103508,-1.8548793],[-80.1110069,-1.8545823],[-80.1114402,-1.8542916],[-80.1116444,-1.8539823],[-80.1117187,-1.8536606],[-80.1116011,-1.8533389],[-80.1110688,-1.8526707],[-80.1105674,-1.8519036],[-80.1103941,-1.8513592],[-80.1104251,-1.8509633],[-80.110487,-1.8507158],[-80.1104374,-1.8504931],[-80.1102517,-1.8503446],[-80.1097751,-1.8503137],[-80.1091562,-1.8503446],[-80.1089829,-1.8505055],[-80.1089829,-1.8507405],[-80.1090138,-1.8509261],[-80.1087662,-1.8510932],[-80.1083144,-1.8512416],[-80.1078811,-1.8515695],[-80.1072993,-1.8517056],[-80.1068536,-1.8518541],[-80.1065441,-1.8519531],[-80.1061789,-1.8519283],[-80.1059375,-1.8517118],[-80.1057333,-1.8513221],[-80.1056157,-1.8508581],[-80.1054671,-1.8507096],[-80.1052443,-1.8507529],[-80.1050029,-1.8508581],[-80.1047429,-1.8508395],[-80.1046129,-1.8506849],[-80.1045201,-1.8504807],[-80.1042787,-1.8501095],[-80.1040001,-1.8499054],[-80.1037711,-1.8497878],[-80.1034121,-1.8498435],[-80.1030407,-1.8500786],[-80.1029417,-1.8503075],[-80.1029912,-1.8504498],[-80.1031274,-1.8506477],[-80.1031583,-1.8507962],[-80.1028489,-1.851353],[-80.1024837,-1.8517366],[-80.1020194,-1.851916],[-80.1010291,-1.8521449],[-80.1008434,-1.8523367],[-80.100701,-1.8525099],[-80.1004287,-1.8525779],[-80.0998221,-1.8526336],[-80.0996921,-1.8527078],[-80.0992836,-1.8534688],[-80.098937,-1.8537905],[-80.098547,-1.8540194],[-80.0983242,-1.8539637],[-80.0982251,-1.8537595],[-80.0982375,-1.8532213],[-80.0981633,-1.853079],[-80.0980395,-1.8530419],[-80.0976928,-1.8532399],[-80.0972719,-1.8532461],[-80.0969934,-1.8531718],[-80.0964797,-1.8530605],[-80.0957307,-1.8532213],[-80.0948765,-1.8534255],[-80.0941771,-1.8536915],[-80.0938243,-1.8536915],[-80.0928153,-1.8535678],[-80.0922892,-1.8535678],[-80.0915403,-1.85384],[-80.0907108,-1.8541307],[-80.0902776,-1.854638],[-80.0897886,-1.8554423],[-80.0894915,-1.8555474],[-80.0886559,-1.8555784],[-80.0875912,-1.8555598],[-80.0871394,-1.8554732],[-80.0868608,-1.8552381],[-80.0868794,-1.8551268],[-80.0870527,-1.8548298],[-80.0876655,-1.8531718],[-80.0880988,-1.8523738],[-80.088204,-1.8517366],[-80.0881396,-1.8510049]]},"properties":{"name":"Río Bachillero","waterway":"river","osm_id":"way/283661354","source":"OpenStreetMap"}},{"type":"Feature","geometry":{"type":"LineString","coordinates":[[-79.9255422,-2.0624511],[-79.9225276,-2.0614244],[-79.9173777,-2.0588511],[-79.9118846,-2.0542192],[-79.909138,-2.0533615],[-79.9056771,-2.0536564],[-79.9031298,-2.0555916],[-79.8953708,-2.0563171],[-79.8914354,-2.0555058],[-79.8868834,-2.0550162],[-79.8838394,-2.0561277],[-79.8827021,-2.0581649],[-79.8828762,-2.0598251],[-79.8831337,-2.0605528]]},"properties":{"name":"Daule","waterway":"river","osm_id":"way/287870271","source":"OpenStreetMap"}},{"type":"Feature","geometry":{"type":"LineString","coordinates":[[-79.9379203,-2.0635893],[-79.9378054,-2.0639976],[-79.9365803,-2.0647971],[-79.9350861,-2.0649988],[-79.9317973,-2.0650269],[-79.928066,-2.0636035],[-79.9255422,-2.0624511]]},"properties":{"name":"Rio Daule","waterway":"river","osm_id":"way/287870272","source":"OpenStreetMap"}},{"type":"Feature","geometry":{"type":"LineString","coordinates":[[-79.7960892,-1.7178798],[-79.7955729,-1.7184837],[-79.794238,-1.71921],[-79.793186,-1.720068],[-79.792027,-1.72069],[-79.790075,-1.721269],[-79.788766,-1.721805],[-79.7884104,-1.7224418],[-79.788702,-1.724464],[-79.788401,-1.725944],[-79.787414,-1.726909],[-79.786277,-1.727767],[-79.784989,-1.728175],[-79.7837483,-1.7289598],[-79.7835919,-1.729125],[-79.7835426,-1.729615],[-79.7836989,-1.730049],[-79.7844149,-1.7309663],[-79.785504,-1.731842],[-79.786041,-1.73285],[-79.786191,-1.734287],[-79.785204,-1.736003],[-79.784217,-1.73669],[-79.782801,-1.736733],[-79.781599,-1.737119],[-79.7810085,-1.737598],[-79.7807939,-1.7381433],[-79.7806814,-1.739242],[-79.7808695,-1.7396923],[-79.781342,-1.740014],[-79.7822429,-1.7405721],[-79.783825,-1.7415046],[-79.7843242,-1.7419015],[-79.7845424,-1.7425101],[-79.784732,-1.743746],[-79.785097,-1.745054],[-79.7855024,-1.7466615],[-79.7858799,-1.7478878],[-79.7867922,-1.7492645],[-79.787478,-1.750288],[-79.7878139,-1.7515691],[-79.7878634,-1.7526919],[-79.786749,-1.754384],[-79.7862715,-1.7549953],[-79.7860359,-1.7556226],[-79.7862178,-1.7563197],[-79.7864968,-1.7569143],[-79.787307,-1.758287],[-79.787714,-1.759317],[-79.787951,-1.760111],[-79.788208,-1.760695],[-79.788594,-1.761076],[-79.7891142,-1.7611667],[-79.7898978,-1.7608777],[-79.790654,-1.760668],[-79.7914158,-1.7605556],[-79.792006,-1.760454],[-79.792542,-1.760046],[-79.7928485,-1.7597986],[-79.792993,-1.759682],[-79.79383,-1.759167],[-79.795117,-1.758716],[-79.796147,-1.758116],[-79.79677,-1.757623],[-79.798293,-1.757944],[-79.799666,-1.758137],[-79.800761,-1.758094],[-79.802263,-1.758416],[-79.803078,-1.759274],[-79.804044,-1.760132],[-79.804859,-1.760797],[-79.80546,-1.762041],[-79.8063266,-1.7635715],[-79.8063545,-1.7652712],[-79.806726,-1.765987],[-79.8076929,-1.7663582],[-79.8091811,-1.7666607]]},"properties":{"name":"Río Vinces","waterway":"river","osm_id":"way/307071338","source":"OpenStreetMap"}},{"type":"Feature","geometry":{"type":"LineString","coordinates":[[-79.8655119,-1.8021687],[-79.8659571,-1.8030212],[-79.8660966,-1.8032196],[-79.8664667,-1.8039488],[-79.8665526,-1.8043295],[-79.8665579,-1.804796],[-79.8665418,-1.8051767],[-79.8663594,-1.8060292],[-79.8662468,-1.8065278],[-79.8662092,-1.8071391],[-79.8659571,-1.8075251],[-79.8657533,-1.807686],[-79.8656513,-1.8076913],[-79.8655494,-1.8076431],[-79.8654314,-1.8077021],[-79.8653456,-1.8077986],[-79.8653617,-1.8080238],[-79.8652651,-1.8081953],[-79.864734,-1.8085707],[-79.8645945,-1.8087959],[-79.8645624,-1.8092033],[-79.8644819,-1.8096323],[-79.8642405,-1.8103615],[-79.8641386,-1.810844],[-79.8640474,-1.810962],[-79.8639615,-1.8109834],[-79.8638542,-1.8109674],[-79.863747,-1.8108762],[-79.8636504,-1.810769],[-79.8635431,-1.8107422],[-79.8634466,-1.8107743],[-79.8633929,-1.8108119],[-79.8634036,-1.8110103],[-79.8632481,-1.8113534],[-79.8631944,-1.811777],[-79.8631461,-1.8126885],[-79.8631193,-1.8131281],[-79.863055,-1.813482],[-79.8631408,-1.8137555],[-79.863071,-1.8140879],[-79.8628672,-1.8143989],[-79.8623737,-1.8149726],[-79.8622717,-1.815171],[-79.8623683,-1.8154015],[-79.862599,-1.8157607],[-79.8631247,-1.8160932],[-79.8632642,-1.8162326],[-79.8633124,-1.8165865],[-79.8632373,-1.8169403],[-79.8630764,-1.8172674],[-79.8628082,-1.8177392],[-79.8625775,-1.817825],[-79.8621215,-1.8183237],[-79.8617889,-1.8188384],[-79.8617997,-1.819026],[-79.8617353,-1.8191279],[-79.8616495,-1.8191869],[-79.8616261,-1.8193125]]},"properties":{"waterway":"stream","osm_id":"way/425799977","source":"OpenStreetMap"}},{"type":"Feature","geometry":{"type":"LineString","coordinates":[[-80.0671504,-1.8632402],[-80.0665945,-1.8631417],[-80.0660151,-1.862643],[-80.0656664,-1.8624715],[-80.0655377,-1.8625573],[-80.0656235,-1.8632167],[-80.065763,-1.8634687],[-80.0662297,-1.8637154],[-80.0664443,-1.8638816],[-80.0664925,-1.8640102],[-80.0667769,-1.8649753],[-80.0667179,-1.8652702],[-80.066337,-1.8656241],[-80.0660956,-1.8659511],[-80.0656342,-1.8663693],[-80.0652105,-1.8667232],[-80.064851,-1.8669484],[-80.0644648,-1.8669806],[-80.0639123,-1.8668197],[-80.0625658,-1.8658439],[-80.0617665,-1.8656777],[-80.0609404,-1.8657206],[-80.0604468,-1.8658493],[-80.060066,-1.8661013],[-80.0598085,-1.8665302],[-80.0597978,-1.8668733],[-80.0598675,-1.8671146],[-80.0605219,-1.8675542],[-80.0615787,-1.8680582],[-80.0624317,-1.8681976],[-80.0626677,-1.8683156],[-80.0627965,-1.8686373],[-80.0630271,-1.8690823],[-80.063349,-1.8700206],[-80.0637191,-1.8704066],[-80.0638103,-1.8706908],[-80.0637513,-1.8715379],[-80.0638103,-1.872637],[-80.0636923,-1.8734412],[-80.0636172,-1.8737522],[-80.0632846,-1.8738487],[-80.0624156,-1.8737254],[-80.061906,-1.8735431],[-80.0612461,-1.8729855],[-80.0610369,-1.8729265],[-80.0608438,-1.8730177],[-80.0607687,-1.8731892],[-80.0608545,-1.8738916],[-80.0608492,-1.8750122],[-80.0605702,-1.8753982],[-80.0602108,-1.8755537],[-80.0598138,-1.8755537],[-80.058741,-1.8752105],[-80.0578236,-1.8748889],[-80.0575447,-1.8749478],[-80.0571853,-1.8752963],[-80.0570941,-1.8755805],[-80.0572443,-1.8764651],[-80.0576574,-1.8772104],[-80.0576895,-1.8775643],[-80.0575822,-1.8777841],[-80.0573462,-1.8778377],[-80.0560319,-1.8774356],[-80.0550878,-1.8769477],[-80.0547391,-1.8768405],[-80.0538915,-1.876878],[-80.0533175,-1.8767976],[-80.0511181,-1.8762239],[-80.0504851,-1.8762882],[-80.0498307,-1.8766099],[-80.0491333,-1.8772533],[-80.0485003,-1.8781326],[-80.0484359,-1.8786366],[-80.0486183,-1.8797679],[-80.0489107,-1.8802263],[-80.0490555,-1.8808321],[-80.0492946,-1.881026]]},"properties":{"waterway":"river","osm_id":"way/448023227","source":"OpenStreetMap"}},{"type":"Feature","geometry":{"type":"LineString","coordinates":[[-79.9575855,-1.9594611],[-79.9578538,-1.9594397],[-79.9584975,-1.9595791],[-79.9587121,-1.959504],[-79.9593558,-1.9590858],[-79.9597206,-1.9590644],[-79.9599566,-1.9592336],[-79.9602141,-1.9594182],[-79.9604394,-1.9594075],[-79.9606969,-1.9592467],[-79.9608686,-1.9588499],[-79.9612441,-1.9585175],[-79.9615981,-1.958421],[-79.9623062,-1.9583674],[-79.9626817,-1.9584639],[-79.9631216,-1.9588821],[-79.9633469,-1.9589786],[-79.9635508,-1.9589464],[-79.9637653,-1.958732],[-79.9637868,-1.958346],[-79.963937,-1.9581208],[-79.9641623,-1.9579278],[-79.9645164,-1.9577991],[-79.965203,-1.9578742],[-79.9664866,-1.9578789]]},"properties":{"name":"Estero Cuchara","waterway":"river","osm_id":"way/448040137","source":"OpenStreetMap"}},{"type":"Feature","geometry":{"type":"LineString","coordinates":[[-79.9580254,-1.9548826],[-79.9581327,-1.9551185],[-79.9587013,-1.9556117],[-79.9587657,-1.9557511],[-79.9587764,-1.9560085],[-79.9588944,-1.9561157],[-79.9592592,-1.9561693],[-79.959388,-1.9562444],[-79.9596133,-1.9580243],[-79.9597957,-1.9582924],[-79.9599566,-1.9592336]]},"properties":{"name":"Estero Fruta de Pan","waterway":"river","osm_id":"way/448040138","source":"OpenStreetMap"}},{"type":"Feature","geometry":{"type":"LineString","coordinates":[[-79.9834035,-1.9822977],[-79.9844923,-1.9831967],[-79.9848207,-1.9835973],[-79.9850191,-1.9837313],[-79.9855288,-1.9836777],[-79.9861242,-1.9835169],[-79.9862798,-1.9835383],[-79.9863763,-1.9836456],[-79.9863334,-1.9838922],[-79.9863442,-1.9841173],[-79.9865695,-1.984439],[-79.9866392,-1.9846695],[-79.9867518,-1.9848786],[-79.9869772,-1.985077],[-79.9871971,-1.9854737],[-79.9874063,-1.9856453],[-79.9876262,-1.985967],[-79.9877389,-1.9861171],[-79.9884792,-1.9863476],[-79.9887528,-1.9864924],[-79.9892195,-1.9868944],[-79.9894716,-1.9870177],[-79.9895574,-1.9871518],[-79.9896057,-1.9873662],[-79.989713,-1.9875485],[-79.9898954,-1.9876986],[-79.9900724,-1.9877254],[-79.9901314,-1.9878702],[-79.9900939,-1.9880149],[-79.9899329,-1.9881811],[-79.9898954,-1.9883098],[-79.9897377,-1.9884438]]},"properties":{"name":"Estero Lucia","waterway":"river","osm_id":"way/448040139","source":"OpenStreetMap"}},{"type":"Feature","geometry":{"type":"LineString","coordinates":[[-79.778358,-1.9538097],[-79.7781863,-1.9546514],[-79.7777518,-1.9553902],[-79.777843,-1.9563048],[-79.7785457,-1.9570071],[-79.7787796,-1.9575218],[-79.7793901,-1.9588986],[-79.7798407,-1.9602818],[-79.7804211,-1.9615503],[-79.7810767,-1.9624392],[-79.7810101,-1.9632916],[-79.7805885,-1.9638374],[-79.7797313,-1.9642899],[-79.778623,-1.9645236],[-79.7775179,-1.964217],[-79.7770232,-1.9644993],[-79.7764761,-1.9647352],[-79.7760147,-1.9651534],[-79.7758753,-1.965518],[-79.7758323,-1.9659147],[-79.7759396,-1.9665366],[-79.7762615,-1.9677912],[-79.7762615,-1.9679949],[-79.7761328,-1.9681343],[-79.7759369,-1.9682924],[-79.7757653,-1.9685015],[-79.7755078,-1.9686731],[-79.7753683,-1.9689304],[-79.7752932,-1.96937],[-79.7753361,-1.9698901],[-79.7754595,-1.9701689],[-79.775717,-1.9705656],[-79.7758028,-1.9708658],[-79.7759101,-1.9718309],[-79.7757867,-1.9726994],[-79.7758994,-1.9732623],[-79.7762266,-1.9741523],[-79.7761891,-1.974356],[-79.7759852,-1.9750476],[-79.7755936,-1.9754014],[-79.7750625,-1.9759376],[-79.7748855,-1.9762324],[-79.7747486,-1.9767237],[-79.7746198,-1.977107]]},"properties":{"name":"Estero Zapan","waterway":"river","osm_id":"way/448043392","source":"OpenStreetMap"}},{"type":"Feature","geometry":{"type":"LineString","coordinates":[[-80.0963871,-2.0837966],[-80.0965881,-2.0835426],[-80.0966472,-2.0831408],[-80.0966059,-2.0829753],[-80.0965231,-2.0828395],[-80.0963398,-2.0827508],[-80.0961624,-2.0825322],[-80.0961506,-2.0822722],[-80.0960442,-2.08216],[-80.0958609,-2.0821659],[-80.0954825,-2.0823136],[-80.0948676,-2.0824259],[-80.0944124,-2.0826031],[-80.0934841,-2.0831467],[-80.0930407,-2.0831644],[-80.0923963,-2.083064],[-80.0913616,-2.0830315],[-80.0907822,-2.0828542],[-80.0907349,-2.0827361],[-80.0908413,-2.0824052],[-80.0907467,-2.0820625],[-80.0904511,-2.082027],[-80.089517,-2.0823461],[-80.0886419,-2.0830551],[-80.0881926,-2.0832796],[-80.0878379,-2.083256],[-80.0876014,-2.082996],[-80.0871639,-2.0822397],[-80.0868564,-2.080999],[-80.0868564,-2.0799827],[-80.0870101,-2.0795101],[-80.0876605,-2.0790728],[-80.0883227,-2.0788601],[-80.0885119,-2.0785765],[-80.0884528,-2.0782575],[-80.0875777,-2.0771467],[-80.0873412,-2.0766622],[-80.087495,-2.075705],[-80.087495,-2.0753387],[-80.0872939,-2.0752087],[-80.0870574,-2.0752678],[-80.0863834,-2.0757995],[-80.0862061,-2.0758468]]},"properties":{"name":"Chaco","waterway":"river","osm_id":"way/464623861","source":"OpenStreetMap"}},{"type":"Feature","geometry":{"type":"LineString","coordinates":[[-79.8674622,-2.0184801],[-79.8674583,-2.0184131]]},"properties":{"waterway":"drain","osm_id":"way/503582325","source":"OpenStreetMap"}},{"type":"Feature","geometry":{"type":"LineString","coordinates":[[-79.8683302,-2.0271148],[-79.8683318,-2.0261933],[-79.8681387,-2.0246815],[-79.8680958,-2.024199],[-79.8680099,-2.0236308],[-79.8680077,-2.0230904],[-79.8679128,-2.0224057],[-79.8680107,-2.0220212],[-79.8680172,-2.0217441],[-79.8677953,-2.0209903],[-79.8675987,-2.0208623],[-79.8674433,-2.0197396],[-79.8674622,-2.0184801]]},"properties":{"waterway":"drain","osm_id":"way/503582326","source":"OpenStreetMap"}},{"type":"Feature","geometry":{"type":"LineString","coordinates":[[-79.8683513,-2.0273771],[-79.8683302,-2.0271148]]},"properties":{"waterway":"drain","osm_id":"way/503582332","source":"OpenStreetMap"}},{"type":"Feature","geometry":{"type":"LineString","coordinates":[[-80.0641617,-1.8115035],[-80.0642073,-1.8114579],[-80.0655136,-1.8101282],[-80.0656638,-1.8099513],[-80.065712,-1.8098279],[-80.0657657,-1.8096188],[-80.0657657,-1.8094607],[-80.0651702,-1.8060425],[-80.0647947,-1.8037531],[-80.0647411,-1.803619],[-80.0646606,-1.8034957],[-80.0645587,-1.8033938],[-80.0644621,-1.8032973],[-80.064328,-1.8032169],[-80.06421,-1.8031526],[-80.0639257,-1.8031043],[-80.0637379,-1.803115],[-80.0595483,-1.8043187]]},"properties":{"waterway":"canal","osm_id":"way/515979423","source":"OpenStreetMap"}},{"type":"Feature","geometry":{"type":"LineString","coordinates":[[-79.7910297,-1.7628129],[-79.7909546,-1.7630086],[-79.7906005,-1.7634671],[-79.7900802,-1.764325],[-79.7895169,-1.7651989],[-79.7888786,-1.7657834],[-79.7884548,-1.7662391],[-79.7878915,-1.767097],[-79.7875375,-1.7677673],[-79.7871351,-1.7682606],[-79.7866416,-1.7686842],[-79.7861642,-1.7693705],[-79.7858316,-1.7696332],[-79.7853541,-1.7698584],[-79.7849572,-1.7699603],[-79.7825056,-1.7707377],[-79.7816366,-1.7710219],[-79.7808427,-1.7713704],[-79.7800541,-1.7717404],[-79.7798824,-1.7719227],[-79.7798663,-1.7721533],[-79.779743,-1.7723195],[-79.7793245,-1.7725232],[-79.7791582,-1.7727163],[-79.7789973,-1.772786],[-79.7785145,-1.7728664],[-79.7782302,-1.7731077],[-79.7780263,-1.7732739],[-79.7772861,-1.7734401],[-79.7764975,-1.7737511],[-79.7757036,-1.7740246],[-79.7755319,-1.7740192],[-79.774738,-1.773542],[-79.7739601,-1.7731345],[-79.7738367,-1.773172],[-79.7732037,-1.7745393],[-79.7729838,-1.7747859],[-79.7726673,-1.775306],[-79.7723186,-1.7760406],[-79.7720236,-1.7762765],[-79.7712833,-1.776802],[-79.7711009,-1.7768771],[-79.7704625,-1.7770111],[-79.7700548,-1.7770272],[-79.76888,-1.7765768],[-79.7686762,-1.7765822],[-79.7684723,-1.7766358],[-79.7683328,-1.7766465],[-79.7682256,-1.7765607],[-79.7681773,-1.7764267],[-79.7680539,-1.7762926],[-79.76785,-1.7761693],[-79.7678071,-1.7760513],[-79.7678393,-1.7757403],[-79.7678286,-1.7755956],[-79.7668147,-1.7745554],[-79.7665143,-1.7743141],[-79.7660047,-1.7742444],[-79.7651893,-1.7743892],[-79.7646582,-1.7746197],[-79.7642022,-1.7749897],[-79.7639287,-1.7751291],[-79.7631508,-1.7756814],[-79.7630704,-1.775869],[-79.7630596,-1.7760299],[-79.7629362,-1.7761318],[-79.7627753,-1.7761747],[-79.762255,-1.776105],[-79.7620243,-1.7761371],[-79.7610962,-1.7766626],[-79.7603506,-1.7770111],[-79.7599804,-1.7773006],[-79.7591275,-1.7778958],[-79.7582156,-1.7783891],[-79.7567672,-1.7787805],[-79.7566384,-1.7789414],[-79.7561824,-1.7804051],[-79.7559303,-1.7812255],[-79.7556031,-1.782314],[-79.7555119,-1.7827],[-79.755528,-1.7831665],[-79.7554314,-1.7849949],[-79.7553831,-1.7855686],[-79.7549003,-1.7872147],[-79.7546321,-1.7878742],[-79.754498,-1.7882227],[-79.7545946,-1.7885712],[-79.7550345,-1.7894344],[-79.7556943,-1.7900832],[-79.7558552,-1.7905122],[-79.7559303,-1.7914666],[-79.7559089,-1.7916113],[-79.7552437,-1.7922119],[-79.754557,-1.7927856],[-79.7541547,-1.793488],[-79.7540474,-1.7936006],[-79.7536719,-1.7936756],[-79.7534519,-1.7937721],[-79.7532857,-1.793815],[-79.752894,-1.7937239],[-79.7527331,-1.7937024],[-79.7525615,-1.7937346],[-79.7521055,-1.7939598],[-79.751907,-1.7939973],[-79.7512955,-1.7939973],[-79.7510809,-1.7940938],[-79.7509039,-1.7942815],[-79.7505283,-1.7949571],[-79.7502762,-1.7953592],[-79.7502762,-1.7954825],[-79.7503138,-1.7958311],[-79.7502923,-1.7960348],[-79.7500509,-1.7965388],[-79.7499383,-1.7969034],[-79.7498471,-1.7977774],[-79.7494072,-1.8002652],[-79.7493428,-1.8009462],[-79.7492731,-1.8011285],[-79.7490531,-1.8014019],[-79.7489405,-1.8016111],[-79.7484738,-1.802292],[-79.7479373,-1.8034448],[-79.7473472,-1.8047799],[-79.7470576,-1.8057289],[-79.7470522,-1.8062651],[-79.7469288,-1.8077556],[-79.746961,-1.8082811],[-79.7468591,-1.8086778],[-79.7462797,-1.8101577],[-79.7457111,-1.8107582],[-79.7447455,-1.8115625],[-79.7439087,-1.8120236],[-79.7436297,-1.8123453],[-79.7431791,-1.813171],[-79.7417092,-1.8144685],[-79.741441,-1.8149511],[-79.7392631,-1.8201841],[-79.7394133,-1.8210527],[-79.7389734,-1.8221465],[-79.7387803,-1.8229186],[-79.7381473,-1.8233904],[-79.737761,-1.8233582],[-79.7374606,-1.8234226],[-79.7368705,-1.8235942],[-79.7361839,-1.8241732],[-79.7359371,-1.8246022],[-79.7357011,-1.8249346],[-79.7352612,-1.825964],[-79.7349179,-1.8264144],[-79.7346282,-1.8270042],[-79.7343385,-1.8273152],[-79.7334266,-1.8276476],[-79.7328794,-1.8285591],[-79.7325897,-1.8287843],[-79.7321391,-1.8287521],[-79.7317958,-1.8289558],[-79.731313,-1.8290309],[-79.7306907,-1.8283768],[-79.7293389,-1.8268326]]},"properties":{"name":"Estero Changuil","waterway":"stream","width":"12","osm_id":"way/516268100","source":"OpenStreetMap"}},{"type":"Feature","geometry":{"type":"LineString","coordinates":[[-79.7812705,-1.8569208],[-79.781072,-1.856516],[-79.7810344,-1.8563713],[-79.7809888,-1.8561193],[-79.780954,-1.8559102],[-79.7809942,-1.8557708],[-79.7810237,-1.8556769],[-79.7810935,-1.8555027],[-79.7811658,-1.85524],[-79.7812543,-1.854988],[-79.7812543,-1.8548379],[-79.7811605,-1.8544679],[-79.7810479,-1.8542883],[-79.7807796,-1.8538031],[-79.7806992,-1.8537012],[-79.7805382,-1.853594],[-79.7799884,-1.8532562],[-79.7797684,-1.8530766],[-79.7796316,-1.8530149],[-79.7795458,-1.8529988],[-79.7794707,-1.853023],[-79.7794305,-1.8530953],[-79.779342,-1.8532347],[-79.7791113,-1.8535672],[-79.7789584,-1.8537548],[-79.7788538,-1.8538352],[-79.7787009,-1.8538808],[-79.778548,-1.8538942],[-79.7781377,-1.8537468],[-79.7778882,-1.8535913],[-79.7776227,-1.853409],[-79.7772954,-1.8532026],[-79.7770701,-1.8530471],[-79.7769628,-1.852964],[-79.7768958,-1.8528889],[-79.7768663,-1.8528433],[-79.7768851,-1.8526986],[-79.7768663,-1.8524225],[-79.7768314,-1.8522643],[-79.7768153,-1.8521544],[-79.7767912,-1.8520364],[-79.7767241,-1.8519292],[-79.7766088,-1.8518461],[-79.7763433,-1.8516209],[-79.7762682,-1.8515432],[-79.7761796,-1.8514118],[-79.7761528,-1.8513341],[-79.7761394,-1.8510767],[-79.7761475,-1.8508756],[-79.7762333,-1.8505218],[-79.776295,-1.8503877],[-79.7763781,-1.8502483],[-79.7765149,-1.8501572],[-79.7767241,-1.8499213],[-79.7767778,-1.849806],[-79.7767617,-1.8496371],[-79.7767027,-1.8495379],[-79.7766329,-1.849436],[-79.7765417,-1.8492403],[-79.7764935,-1.8491411],[-79.7765176,-1.848932],[-79.776582,-1.8487739],[-79.7766356,-1.8485085],[-79.7766651,-1.8482779],[-79.7766598,-1.8481707],[-79.7766061,-1.8480367],[-79.7765552,-1.8479053],[-79.7764747,-1.8478517],[-79.7763781,-1.8477954],[-79.7761582,-1.847656],[-79.7758524,-1.8475219],[-79.7757076,-1.8473718],[-79.7755547,-1.8472405],[-79.7754367,-1.8471305],[-79.7751685,-1.8468517],[-79.7749485,-1.8466855],[-79.7748707,-1.8464979],[-79.7748788,-1.8464308],[-79.7748895,-1.8462995],[-79.7750933,-1.8456025],[-79.775147,-1.8453049],[-79.7751443,-1.8451441],[-79.7749941,-1.8450502],[-79.7747017,-1.8449001],[-79.7744845,-1.844809],[-79.7743316,-1.8447071],[-79.7742431,-1.8446213],[-79.7741143,-1.8444712],[-79.773948,-1.8442272],[-79.7736101,-1.8438814],[-79.7734572,-1.8437179],[-79.7733472,-1.8436616],[-79.7731192,-1.8436348],[-79.7727008,-1.843624],[-79.7725748,-1.8436508],[-79.7723253,-1.8437071],[-79.7721805,-1.8437366],[-79.7720034,-1.8437393],[-79.7717325,-1.8437447],[-79.7713919,-1.8437742],[-79.7711572,-1.8437406]]},"properties":{"waterway":"stream","osm_id":"way/516390472","source":"OpenStreetMap"}},{"type":"Feature","geometry":{"type":"LineString","coordinates":[[-79.7711572,-1.8437406],[-79.7709641,-1.8435691],[-79.7708219,-1.8432474],[-79.7707978,-1.8428747],[-79.7705752,-1.8426924],[-79.7703794,-1.8424807],[-79.7702774,-1.8420624],[-79.7702077,-1.8418426],[-79.7702453,-1.8416925],[-79.7703096,-1.8415799],[-79.7704545,-1.8413654],[-79.7705832,-1.8411188],[-79.77061,-1.8409472],[-79.7705752,-1.840781],[-79.7705323,-1.840647],[-79.7704813,-1.8404647],[-79.7703981,-1.8402234],[-79.7700656,-1.839647],[-79.7699073,-1.8392181],[-79.7699314,-1.8387999],[-79.7701299,-1.8384487],[-79.7702238,-1.8381967],[-79.7703686,-1.8379233],[-79.7705349,-1.8377517],[-79.7708461,-1.8376525],[-79.7711974,-1.8375533],[-79.771522,-1.8374595],[-79.7716078,-1.8373174],[-79.7716722,-1.8371726],[-79.7717848,-1.8368885],[-79.7719082,-1.8365185],[-79.7720102,-1.8363362],[-79.772273,-1.8359931],[-79.7724286,-1.8357089],[-79.7724339,-1.8354998],[-79.7723803,-1.8353014],[-79.7723857,-1.8343417],[-79.772391,-1.8341272],[-79.7724232,-1.8339663],[-79.772493,-1.8338001],[-79.7726083,-1.8336661],[-79.7727612,-1.8335455],[-79.7729409,-1.8333363],[-79.7730509,-1.8330495],[-79.7731286,-1.8328029],[-79.7732708,-1.8325777],[-79.7734988,-1.8324704],[-79.7736839,-1.8324249],[-79.7739548,-1.8323578],[-79.7741425,-1.8322399],[-79.774408,-1.8320415],[-79.7755238,-1.8309156],[-79.7758725,-1.8305778],[-79.7760657,-1.8302078],[-79.7761086,-1.8300362],[-79.7761461,-1.8298593],[-79.7761515,-1.8296877],[-79.776071,-1.828862],[-79.7760657,-1.8286368],[-79.7760925,-1.8284385],[-79.7761515,-1.8282133],[-79.7762266,-1.8280578],[-79.7763178,-1.827913],[-79.7766289,-1.8275323],[-79.7767308,-1.8273822],[-79.7767952,-1.8272374],[-79.7768703,-1.8270015],[-79.7770312,-1.8267549],[-79.7772244,-1.8264975],[-79.7774229,-1.8262026],[-79.7775033,-1.8260257],[-79.7775248,-1.8258809],[-79.7775194,-1.8257576],[-79.7774872,-1.8256289],[-79.7773746,-1.8253287],[-79.7772566,-1.8249265],[-79.7772029,-1.8247014],[-79.7772244,-1.8244386],[-79.7772458,-1.8242242],[-79.7774229,-1.823495],[-79.7774604,-1.8232912],[-79.7774443,-1.8231036],[-79.7773692,-1.8226425],[-79.7773638,-1.8224655],[-79.7774068,-1.8222779],[-79.7775033,-1.8220473],[-79.777734,-1.8217149],[-79.7778574,-1.8215326],[-79.7779378,-1.8213557],[-79.7779808,-1.8211894],[-79.7779915,-1.8209964],[-79.7779808,-1.8208141],[-79.7779217,-1.8203048],[-79.777911,-1.820042],[-79.7779486,-1.8197418],[-79.7780505,-1.8192592],[-79.7781417,-1.8188678],[-79.7782543,-1.8186212],[-79.7783724,-1.8185354],[-79.7786674,-1.8183745],[-79.7792843,-1.8180207],[-79.7794426,-1.8178786],[-79.779574,-1.8175971],[-79.7796223,-1.8162942],[-79.7796437,-1.8160476],[-79.7796705,-1.8158974],[-79.7797832,-1.8154792],[-79.7799844,-1.8147312],[-79.7808293,-1.8145838],[-79.7810197,-1.8145865],[-79.7813201,-1.8148867],[-79.7819746,-1.8155838],[-79.7827578,-1.8164095],[-79.7834981,-1.8169135],[-79.7839272,-1.8171279],[-79.7856331,-1.8178786],[-79.7869742,-1.8183504],[-79.7882724,-1.8187472],[-79.7886372,-1.8189509],[-79.7889376,-1.8191547],[-79.7892165,-1.8194656],[-79.7896886,-1.820345],[-79.7901285,-1.8208919],[-79.7909546,-1.8216961],[-79.7917807,-1.8226076],[-79.7926068,-1.8231223],[-79.7929394,-1.823562],[-79.7931326,-1.8240016],[-79.7931326,-1.8245164],[-79.7931755,-1.825074],[-79.7937226,-1.8261356],[-79.7942591,-1.8266182],[-79.794817,-1.8268648],[-79.7958148,-1.8270793],[-79.7966194,-1.8273259],[-79.7976065,-1.8272401],[-79.7979283,-1.8271329],[-79.7979176,-1.826897],[-79.7978425,-1.826586],[-79.7975421,-1.8262428],[-79.7974134,-1.8258675],[-79.7975314,-1.8257388],[-79.7980785,-1.8254815],[-79.7985184,-1.8255136],[-79.7990012,-1.8254815],[-79.7993446,-1.8255136],[-79.7998059,-1.8257174],[-79.8003745,-1.8258568],[-79.8005998,-1.8257925],[-79.8007393,-1.8256423],[-79.8009861,-1.8253099],[-79.801501,-1.8247952]]},"properties":{"name":"Estero Matilde","waterway":"stream","osm_id":"way/516390492","source":"OpenStreetMap"}},{"type":"Feature","geometry":{"type":"LineString","coordinates":[[-79.8035664,-1.8491217],[-79.8042852,-1.8496089],[-79.8045856,-1.8499923],[-79.8050603,-1.8503321],[-79.8052453,-1.8505412],[-79.8053473,-1.850938],[-79.8055457,-1.8513133],[-79.8057335,-1.8516939],[-79.8061412,-1.8523266],[-79.8062592,-1.8525196],[-79.8063397,-1.8526858],[-79.8063814,-1.8527253],[-79.8067796,-1.8530075],[-79.8072892,-1.8534418],[-79.8080187,-1.8541067],[-79.8085176,-1.8547125],[-79.8090219,-1.8553774],[-79.8095583,-1.8559564],[-79.8101377,-1.8564497],[-79.8105668,-1.8567178],[-79.8109102,-1.856884],[-79.8111677,-1.8569698],[-79.8113661,-1.8570556],[-79.8116075,-1.8571789],[-79.8120019,-1.8574262]]},"properties":{"waterway":"stream","osm_id":"way/516390526","source":"OpenStreetMap"}},{"type":"Feature","geometry":{"type":"LineString","coordinates":[[-79.8137319,-1.8366525],[-79.8147807,-1.836926],[-79.8149952,-1.8370198],[-79.8152125,-1.8371136],[-79.8155639,-1.8372289],[-79.8159018,-1.8372718],[-79.8162639,-1.8372477],[-79.8167896,-1.8373147],[-79.8171142,-1.8374059],[-79.8176318,-1.8376257],[-79.8180556,-1.8377946],[-79.8183802,-1.8379447],[-79.818517,-1.8380358],[-79.8187557,-1.8381752],[-79.8189542,-1.8383012],[-79.8191741,-1.8385184],[-79.8194182,-1.8388213],[-79.8196676,-1.8391806],[-79.819732,-1.8393387],[-79.8196945,-1.8394245],[-79.8196247,-1.8395478],[-79.8195282,-1.8397891],[-79.8192921,-1.8400867],[-79.8192117,-1.8402717],[-79.819158,-1.840454],[-79.8189971,-1.8409526],[-79.8189274,-1.841344],[-79.8188147,-1.8416979],[-79.8186645,-1.8420946],[-79.8185518,-1.8423305],[-79.8183212,-1.8426201],[-79.8180637,-1.8428881],[-79.8178947,-1.8429766],[-79.8177794,-1.843057],[-79.8177445,-1.8431375],[-79.8177311,-1.8432286],[-79.8176909,-1.8434002],[-79.8176292,-1.8435691],[-79.8175326,-1.8437192],[-79.8173153,-1.8439149],[-79.8172322,-1.8440891],[-79.8171973,-1.8444055],[-79.8172081,-1.844762],[-79.817133,-1.8451829],[-79.8171035,-1.8455368],[-79.8171061,-1.8457566],[-79.8171732,-1.8460783],[-79.8172778,-1.8462981],[-79.8174441,-1.8466788],[-79.8175567,-1.8470166],[-79.8175862,-1.8472016],[-79.8175648,-1.8473919],[-79.8173824,-1.847845],[-79.8171866,-1.8481372],[-79.8171061,-1.8486787],[-79.816913,-1.8493918],[-79.8166609,-1.8502792],[-79.8166072,-1.8504695],[-79.8165295,-1.8505982],[-79.8160252,-1.8511772],[-79.8155531,-1.8517429],[-79.8153573,-1.8520324],[-79.8151481,-1.8522817],[-79.8150435,-1.8526034],[-79.814719,-1.8531825],[-79.8145071,-1.8534827],[-79.8141933,-1.8537722],[-79.8136997,-1.8541073],[-79.8133081,-1.8544666],[-79.813056,-1.8547722],[-79.812659,-1.8553646],[-79.8125142,-1.8557828],[-79.8124042,-1.8562868],[-79.812254,-1.8570991],[-79.8120019,-1.8574262],[-79.8119536,-1.8575307]]},"properties":{"waterway":"stream","osm_id":"way/516390537","source":"OpenStreetMap"}},{"type":"Feature","geometry":{"type":"LineString","coordinates":[[-79.8796146,-1.9631985],[-79.8792751,-1.9631466],[-79.8791015,-1.9629857],[-79.8788225,-1.9625675],[-79.8787707,-1.9624532],[-79.8787374,-1.9623738],[-79.8786663,-1.9623515],[-79.8786196,-1.9623565],[-79.8785754,-1.9623415],[-79.8784448,-1.9620838],[-79.8784455,-1.9619993],[-79.878448,-1.9619024],[-79.878422,-1.9617797],[-79.8783663,-1.9616594],[-79.8781076,-1.9612385],[-79.8778872,-1.96072],[-79.8776458,-1.9602916],[-79.8772989,-1.9594816],[-79.8769025,-1.9586539],[-79.8765876,-1.9579641],[-79.8762549,-1.9572673],[-79.8759328,-1.9565068],[-79.8757204,-1.9559586],[-79.8755966,-1.9556579],[-79.8755258,-1.9555483],[-79.875363,-1.9553785],[-79.874871,-1.9547807],[-79.8745737,-1.9543775],[-79.8743189,-1.9539813],[-79.874142,-1.9537054],[-79.8739827,-1.9534543],[-79.8737243,-1.9530581],[-79.8734589,-1.9526832],[-79.8732182,-1.9523224],[-79.8729139,-1.951859],[-79.8726555,-1.9514699],[-79.8724573,-1.9511587],[-79.8721848,-1.9507413],[-79.8719477,-1.9503557],[-79.8717672,-1.9500905],[-79.8716079,-1.9498676],[-79.871484,-1.9497155],[-79.8713,-1.949528],[-79.8710487,-1.9493087],[-79.8706311,-1.9489267],[-79.8701745,-1.9484917],[-79.8696543,-1.9479929],[-79.8694065,-1.9477595],[-79.8691588,-1.9475402],[-79.8689075,-1.9473032],[-79.8686951,-1.9471016],[-79.8684332,-1.9468893],[-79.8682598,-1.9467195],[-79.8681395,-1.9465639],[-79.8680581,-1.9463871],[-79.8680545,-1.9460652],[-79.8681006,-1.9458211],[-79.8680829,-1.9455134],[-79.8679979,-1.9452587],[-79.8678033,-1.94476],[-79.8675874,-1.9441551],[-79.8674175,-1.9438509],[-79.8671591,-1.9434088],[-79.8668512,-1.9428923],[-79.8665787,-1.9425386],[-79.8663026,-1.9422238],[-79.8659275,-1.941856],[-79.8653612,-1.9414138],[-79.8648728,-1.9409646],[-79.8645649,-1.9407064],[-79.8643811,-1.9405417],[-79.8640843,-1.9402045],[-79.8637713,-1.9398672],[-79.8634379,-1.9395219],[-79.8632143,-1.9392659],[-79.8630191,-1.9390506]]},"properties":{"waterway":"stream","osm_id":"way/527990541","source":"OpenStreetMap"}},{"type":"Feature","geometry":{"type":"LineString","coordinates":[[-79.9002869,-1.7753357],[-79.9006836,-1.7754666],[-79.9009681,-1.7761811],[-79.9016481,-1.7765431],[-79.9025696,-1.7767065],[-79.9039574,-1.7773283],[-79.9048739,-1.7777131],[-79.9050431,-1.7781574],[-79.9047058,-1.77871],[-79.9040268,-1.779189],[-79.9038678,-1.779667],[-79.9043848,-1.780474],[-79.9045668,-1.780727],[-79.904838,-1.7809611],[-79.9052572,-1.7811098],[-79.9058876,-1.7815995],[-79.9062776,-1.7819525],[-79.9071861,-1.7820035],[-79.9079002,-1.7824414],[-79.9082774,-1.7830051]]},"properties":{"name":"Río Pula","waterway":"river","osm_id":"way/543821522","source":"OpenStreetMap"}},{"type":"Feature","geometry":{"type":"LineString","coordinates":[[-79.8348209,-1.8065799],[-79.8348209,-1.8062252],[-79.8347696,-1.805735],[-79.8347135,-1.8055343],[-79.8345734,-1.8053663],[-79.834368,-1.8052123],[-79.8341531,-1.8051142],[-79.8337468,-1.8049929],[-79.8326587,-1.8045775],[-79.8317995,-1.8041714],[-79.831664,-1.8040593],[-79.8313511,-1.8035506],[-79.8312344,-1.8033592],[-79.8308188,-1.8029671],[-79.8305386,-1.8026917],[-79.8304218,-1.802491],[-79.8299081,-1.8018702],[-79.8298567,-1.8017535],[-79.8298427,-1.8013521],[-79.8298147,-1.8011701],[-79.829712,-1.8009787],[-79.8292263,-1.8003345],[-79.8291269,-1.8000994],[-79.828948,-1.7992359],[-79.8288495,-1.7989649],[-79.8285598,-1.7985768],[-79.828529,-1.7982627],[-79.8284688,-1.7979326],[-79.8285785,-1.7971261],[-79.8285855,-1.7968962],[-79.8285572,-1.7966874],[-79.8284192,-1.7962806],[-79.8282847,-1.7956014],[-79.8282812,-1.7954281],[-79.8283343,-1.7946569],[-79.828313,-1.7945013],[-79.8282069,-1.7940414],[-79.8281856,-1.793815],[-79.8280617,-1.7935568],[-79.8277326,-1.7930403],[-79.8277078,-1.7929165],[-79.8274035,-1.7921701],[-79.8273397,-1.7919225],[-79.8273185,-1.7916996],[-79.8274601,-1.7910098],[-79.8274955,-1.7906455],[-79.8274495,-1.7903695],[-79.8273645,-1.7901644],[-79.8270814,-1.7898248],[-79.8269646,-1.7896762],[-79.8266815,-1.7890182],[-79.8266567,-1.7888803],[-79.8266567,-1.7887105],[-79.8267027,-1.7885407],[-79.8270354,-1.7879464],[-79.827138,-1.7878685],[-79.8271557,-1.7877553],[-79.8271274,-1.787628],[-79.8270531,-1.7875113],[-79.8265434,-1.7870231],[-79.8264726,-1.786871],[-79.8260621,-1.785884],[-79.8259949,-1.7858097],[-79.8258958,-1.7857744],[-79.8257294,-1.7857567],[-79.8251171,-1.785831],[-79.8249402,-1.7858274],[-79.8242182,-1.7855975],[-79.8240094,-1.7855692],[-79.8238112,-1.7855727],[-79.8233015,-1.7856329],[-79.8228945,-1.7856116],[-79.8222044,-1.7855763],[-79.8220203,-1.7855409],[-79.8218965,-1.7854949],[-79.8217868,-1.7854029],[-79.821716,-1.785311],[-79.8212169,-1.7848157],[-79.8210612,-1.7846954],[-79.8209692,-1.7846459],[-79.8206471,-1.7845893],[-79.8204914,-1.784561],[-79.8203605,-1.7845009],[-79.820003,-1.7843169],[-79.8199287,-1.7842709],[-79.8198827,-1.7841896],[-79.8198849,-1.7839976],[-79.8199359,-1.7836142],[-79.820019,-1.7831826],[-79.8199949,-1.7829359],[-79.8197293,-1.7822148],[-79.8195979,-1.7820807],[-79.8193699,-1.7820057],[-79.8192009,-1.7820432],[-79.8188281,-1.7821853],[-79.8186108,-1.7823863],[-79.8184794,-1.7826169],[-79.818407,-1.7831397],[-79.8183212,-1.7837107],[-79.8181281,-1.7843943],[-79.8177606,-1.7848152],[-79.8174602,-1.7853193],[-79.8173556,-1.7856222],[-79.8172027,-1.7862174],[-79.8169264,-1.7870565],[-79.8168325,-1.7871208],[-79.8166421,-1.7871771],[-79.8162478,-1.7871315],[-79.8158991,-1.7871932],[-79.8153815,-1.787279],[-79.8148236,-1.7875149],[-79.814373,-1.78785],[-79.8136461,-1.7884211],[-79.8134074,-1.7885337],[-79.8132679,-1.7885497],[-79.8131096,-1.7885283],[-79.812938,-1.7884506],[-79.8128253,-1.788338],[-79.812431,-1.7878232],[-79.8121414,-1.7876811],[-79.8118222,-1.78759],[-79.8113018,-1.7874693],[-79.8106743,-1.7874498]]},"properties":{"name":"Estero Candilejos","waterway":"stream","osm_id":"way/544270306","source":"OpenStreetMap"}},{"type":"Feature","geometry":{"type":"LineString","coordinates":[[-79.7910612,-1.7627157],[-79.7910297,-1.7628129]]},"properties":{"name":"Estero Changuil","waterway":"stream","osm_id":"way/544690608","source":"OpenStreetMap"}},{"type":"Feature","geometry":{"type":"LineString","coordinates":[[-79.7914158,-1.7605556],[-79.7913489,-1.7610676],[-79.7913113,-1.7612097],[-79.7911102,-1.7625153],[-79.7910612,-1.7627157]]},"properties":{"name":"Estero Changuil","waterway":"stream","osm_id":"way/544690609","source":"OpenStreetMap"}},{"type":"Feature","geometry":{"type":"LineString","coordinates":[[-79.9082774,-1.7830051],[-79.9086946,-1.782935],[-79.9088484,-1.7829091],[-79.9091005,-1.7828287],[-79.9092937,-1.7826196],[-79.9094331,-1.7824266],[-79.9095833,-1.7818207],[-79.9097228,-1.7816437],[-79.9099428,-1.7815472],[-79.9101359,-1.7815526],[-79.9105865,-1.7817992],[-79.9107313,-1.7819869],[-79.9108493,-1.7825552],[-79.9109834,-1.7828555],[-79.9111927,-1.783129],[-79.9114555,-1.7832576],[-79.9117559,-1.7832791],[-79.9120778,-1.7831772],[-79.9123567,-1.7829949],[-79.912582,-1.7829038],[-79.9129897,-1.7828233],[-79.913156,-1.7828287],[-79.9133867,-1.7829091],[-79.9136174,-1.7829198],[-79.9137944,-1.7829091],[-79.9139124,-1.7828877],[-79.9139983,-1.7827965],[-79.9140197,-1.7825499],[-79.9141538,-1.7823461],[-79.9145186,-1.7821531],[-79.9150819,-1.7819601],[-79.9157417,-1.7818368],[-79.9159402,-1.7817188],[-79.915967,-1.7816169],[-79.9158704,-1.7813649],[-79.915393,-1.7806089],[-79.915393,-1.7804641],[-79.915452,-1.7802336],[-79.915452,-1.779869],[-79.9154735,-1.7797403],[-79.9156451,-1.7796599],[-79.9159133,-1.7796277],[-79.9160367,-1.7796599],[-79.9161923,-1.7799011],[-79.9165785,-1.7801639],[-79.9167985,-1.7803676],[-79.9169862,-1.780448],[-79.9172276,-1.7804588],[-79.9176246,-1.7803247],[-79.9177909,-1.7802443],[-79.9180108,-1.7800245],[-79.9183971,-1.77981],[-79.9186492,-1.7797188],[-79.9188101,-1.7797081],[-79.9189496,-1.7797885],[-79.9190033,-1.7798958],[-79.919014,-1.7801317],[-79.9190837,-1.7803301],[-79.919427,-1.7807054],[-79.9197275,-1.7810271],[-79.9198294,-1.7812416],[-79.9198133,-1.7814239],[-79.9196684,-1.781751],[-79.9196523,-1.7820888],[-79.9197328,-1.7825338],[-79.9198347,-1.7827965],[-79.9201727,-1.7830217],[-79.9205267,-1.7830753],[-79.9211866,-1.7829949],[-79.9218357,-1.7829038],[-79.9222755,-1.7828501],[-79.9224258,-1.7827697],[-79.9226725,-1.7825123],[-79.9229193,-1.7822014],[-79.923386,-1.7819708],[-79.9239814,-1.781767],[-79.9245501,-1.7815901],[-79.9247968,-1.7814775],[-79.9250221,-1.7811129],[-79.9253655,-1.7806625],[-79.9261272,-1.7799065],[-79.9268889,-1.7793703],[-79.9269801,-1.7792309],[-79.9271518,-1.7783945],[-79.9274254,-1.7779816],[-79.9279028,-1.7774615],[-79.9280852,-1.777365],[-79.9282515,-1.7774079],[-79.9289972,-1.7777564],[-79.929319,-1.7778315],[-79.929598,-1.7778207],[-79.9299896,-1.7775955],[-79.9306655,-1.7772738],[-79.9311054,-1.7770915],[-79.9312824,-1.7771023],[-79.9314433,-1.7772041],[-79.932012,-1.7774722],[-79.9325001,-1.7777242],[-79.9330366,-1.7782282],[-79.9333638,-1.7784374],[-79.9335945,-1.7785071],[-79.9338466,-1.7784963],[-79.9343187,-1.7783623],[-79.9353111,-1.7783248],[-79.9355203,-1.7782551],[-79.9357778,-1.7781049],[-79.9360943,-1.7779762],[-79.9365127,-1.7778207],[-79.9367863,-1.7777457],[-79.9371886,-1.7777832],[-79.9380255,-1.7779977],[-79.9387604,-1.7781907],[-79.9390394,-1.778373],[-79.9394041,-1.778818],[-79.9397957,-1.7793864],[-79.940182,-1.7799387],[-79.9410403,-1.7806464],[-79.9415714,-1.7812309],[-79.9416894,-1.7814614],[-79.9416894,-1.7815847],[-79.9416411,-1.7816973],[-79.94133,-1.7819654],[-79.9412119,-1.7820083],[-79.9411154,-1.7823086],[-79.9411207,-1.7825499],[-79.9413729,-1.7827912],[-79.9416089,-1.7829574],[-79.9419147,-1.7830271],[-79.9427354,-1.7831665],[-79.9431056,-1.7831933],[-79.9436474,-1.7831772],[-79.9438137,-1.7832684],[-79.9443018,-1.7836759],[-79.9450904,-1.7841209],[-79.945541,-1.7843407],[-79.9456537,-1.7845391],[-79.9456698,-1.7847107],[-79.945659,-1.7848286],[-79.9455893,-1.7849466],[-79.9453533,-1.7851128],[-79.945305,-1.7852576],[-79.945305,-1.7853702],[-79.9456108,-1.7857884],[-79.9457502,-1.786523],[-79.9457771,-1.7868822],[-79.9459702,-1.7871718],[-79.9461311,-1.787279],[-79.9463511,-1.7872415],[-79.9468392,-1.7871932],[-79.9470377,-1.7872683],[-79.9472469,-1.7874559],[-79.9476439,-1.7879599],[-79.9477083,-1.7882334],[-79.9477458,-1.7887589],[-79.9478102,-1.788909],[-79.9480087,-1.789043],[-79.9481535,-1.7891503],[-79.948293,-1.7893272],[-79.9483681,-1.7895256],[-79.9483734,-1.7897186],[-79.9484646,-1.7899277],[-79.9487382,-1.7900939],[-79.9492103,-1.7903138],[-79.9493712,-1.7905122],[-79.9494517,-1.7906837],[-79.9494088,-1.7908071],[-79.9492639,-1.7910269],[-79.9491245,-1.7912682],[-79.9491245,-1.7913861],[-79.9492747,-1.7916435],[-79.9493498,-1.7918258],[-79.9494463,-1.791917],[-79.9498326,-1.7920564],[-79.9501652,-1.7922547],[-79.9504495,-1.7924853],[-79.9505836,-1.7924853],[-79.9507982,-1.7922923],[-79.9514365,-1.7922601],[-79.9522144,-1.7923673],[-79.9524772,-1.7925014],[-79.9526972,-1.7927909],[-79.9528045,-1.7930537],[-79.9527615,-1.7933217],[-79.9525791,-1.793563],[-79.9523485,-1.7937239],[-79.9519783,-1.7938472],[-79.951694,-1.7938955],[-79.9515009,-1.7939812],[-79.9512488,-1.7942976],[-79.950546,-1.7954718],[-79.9504978,-1.7957077],[-79.9505836,-1.7960938],[-79.9506533,-1.7965871],[-79.9507016,-1.796882],[-79.9508894,-1.7972627],[-79.9509645,-1.7977238],[-79.9508733,-1.7980133],[-79.9507499,-1.7981849],[-79.9505943,-1.7982439],[-79.9504548,-1.798201],[-79.9502403,-1.7981688],[-79.9499399,-1.7981581],[-79.9496609,-1.7982385],[-79.9494785,-1.7982921],[-79.9491566,-1.7982278],[-79.9481267,-1.7981098],[-79.9478477,-1.798201],[-79.9475473,-1.798453],[-79.9471879,-1.7986406],[-79.9469465,-1.7986621],[-79.9467373,-1.7985977],[-79.9466139,-1.7984154],[-79.9463511,-1.7983082],[-79.9459165,-1.798276],[-79.9454498,-1.7980776],[-79.9449831,-1.7977452],[-79.9445593,-1.7975522],[-79.9442589,-1.7975307],[-79.9440122,-1.7975683],[-79.9437118,-1.797697],[-79.9432826,-1.7981205],[-79.9431136,-1.7982465],[-79.942883,-1.7983484],[-79.9426094,-1.7983028],[-79.9424323,-1.7981876],[-79.9422285,-1.7980562],[-79.941971,-1.7979624],[-79.9418128,-1.7979302],[-79.9417296,-1.7979731],[-79.9414668,-1.7982197],[-79.94122,-1.7983913],[-79.9410349,-1.7984208],[-79.9408954,-1.7983725],[-79.9407506,-1.7982278],[-79.9406353,-1.7980535],[-79.9405146,-1.7978766],[-79.9403805,-1.7977935],[-79.9401847,-1.7977881],[-79.940021,-1.7979034],[-79.9398521,-1.798201],[-79.9397421,-1.7986326],[-79.9395356,-1.7994985],[-79.939211,-1.8001714]]},"properties":{"name":"Estero Pueblo Nuevo","waterway":"river","osm_id":"way/553081238","source":"OpenStreetMap"}},{"type":"Feature","geometry":{"type":"LineString","coordinates":[[-79.9368103,-2.0329096],[-79.9338572,-2.0358632],[-79.931761,-2.0380589]]},"properties":{"waterway":"river","osm_id":"way/553351804","source":"OpenStreetMap"}},{"type":"Feature","geometry":{"type":"LineString","coordinates":[[-79.8103016,-1.9867154],[-79.8104156,-1.9869354],[-79.8108984,-1.9870533],[-79.8121592,-1.9875912],[-79.8127706,-1.9878521],[-79.8146052,-1.9885384],[-79.8166222,-1.9886402],[-79.8194868,-1.9888922],[-79.8206402,-1.9893264],[-79.8209084,-1.9892514],[-79.8216648,-1.9886509],[-79.824524,-1.988919],[-79.8247493,-1.9888493],[-79.8255218,-1.9889941],[-79.8263533,-1.9890262],[-79.8271311,-1.9884633]]},"properties":{"waterway":"stream","osm_id":"way/603890662","source":"OpenStreetMap"}},{"type":"Feature","geometry":{"type":"LineString","coordinates":[[-79.8029426,-1.9910603],[-79.8029729,-1.9896918],[-79.8030108,-1.9885355],[-79.8030108,-1.9877849],[-79.803026,-1.9869509],[-79.8030677,-1.9859084],[-79.8031935,-1.985554]]},"properties":{"waterway":"stream","osm_id":"way/603890669","source":"OpenStreetMap"}},{"type":"Feature","geometry":{"type":"LineString","coordinates":[[-79.8005922,-1.9828568],[-79.8005015,-1.9831151],[-79.8003191,-1.9833296],[-79.8001207,-1.9838978],[-79.8000166,-1.9857295],[-79.7999973,-1.9860691],[-79.7998739,-1.9876078],[-79.7995942,-1.9877549],[-79.7986571,-1.9882476],[-79.7977228,-1.988739],[-79.7991497,-1.9939876],[-79.799772,-1.9962125]]},"properties":{"waterway":"stream","osm_id":"way/603890670","source":"OpenStreetMap"}},{"type":"Feature","geometry":{"type":"LineString","coordinates":[[-79.7986571,-1.9882476],[-79.7984684,-1.9876453],[-79.7969771,-1.9880099],[-79.7963924,-1.9880528],[-79.7913874,-1.9899292],[-79.7918112,-1.9919664],[-79.7890699,-1.9992523],[-79.7890391,-1.9994176]]},"properties":{"waterway":"stream","osm_id":"way/603890671","source":"OpenStreetMap"}},{"type":"Feature","geometry":{"type":"LineString","coordinates":[[-79.7986571,-1.9882476],[-79.7995037,-1.9909961]]},"properties":{"waterway":"stream","osm_id":"way/603890672","source":"OpenStreetMap"}},{"type":"Feature","geometry":{"type":"LineString","coordinates":[[-79.7995037,-1.9909961],[-79.7995306,-1.9912856],[-79.7994501,-1.9929582],[-79.7999222,-1.994454],[-79.8005605,-1.9966414],[-79.7955287,-1.9978637],[-79.7944048,-1.9981369],[-79.7927714,-1.9985339],[-79.7916932,-2.0004746]]},"properties":{"waterway":"stream","osm_id":"way/603890673","source":"OpenStreetMap"}},{"type":"Feature","geometry":{"type":"LineString","coordinates":[[-79.7886827,-1.9794664],[-79.7883333,-1.9805759],[-79.7880175,-1.9815226],[-79.7880536,-1.9821493],[-79.7881619,-1.9827354],[-79.7879002,-1.9833259],[-79.7881213,-1.9839751],[-79.7882836,-1.9842186],[-79.7882746,-1.9845702],[-79.7880761,-1.9848587],[-79.7880401,-1.9852374],[-79.7881032,-1.9856702],[-79.7880401,-1.9859046],[-79.7878912,-1.9859903],[-79.787616,-1.9860083],[-79.7873228,-1.9861526],[-79.7873103,-1.9862172],[-79.7872912,-1.9863149],[-79.7875664,-1.9862292],[-79.7878167,-1.9863926],[-79.788067,-1.9866226],[-79.7883715,-1.9867353],[-79.7885813,-1.986724],[-79.7887414,-1.9866248],[-79.7888384,-1.9866338],[-79.7888497,-1.9868322]]},"properties":{"waterway":"river","osm_id":"way/655142850","source":"OpenStreetMap"}},{"type":"Feature","geometry":{"type":"LineString","coordinates":[[-79.7873103,-1.9862172],[-79.7869335,-1.9860835],[-79.786539,-1.9862617],[-79.7861862,-1.986129],[-79.7857652,-1.9860456],[-79.7852113,-1.9863072],[-79.7847979,-1.9864853],[-79.7844489,-1.9866559],[-79.7840923,-1.9867772],[-79.7840165,-1.9870009],[-79.7838382,-1.9871184],[-79.7836106,-1.9871639],[-79.7834172,-1.9873838],[-79.7831668,-1.9872018],[-79.7829089,-1.9871184],[-79.7826401,-1.9873021],[-79.7825371,-1.9873724],[-79.7821199,-1.9874937],[-79.7818999,-1.9878084],[-79.7813764,-1.9879411],[-79.7810692,-1.9880283],[-79.7806291,-1.9883088],[-79.7802536,-1.988487],[-79.7801171,-1.9885552],[-79.7797264,-1.9883012]]},"properties":{"waterway":"river","osm_id":"way/655142851","source":"OpenStreetMap"}},{"type":"Feature","geometry":{"type":"LineString","coordinates":[[-79.7826401,-1.9873021],[-79.7825102,-1.9870542],[-79.782253,-1.9868806],[-79.7821358,-1.9866056]]},"properties":{"waterway":"river","osm_id":"way/655142852","source":"OpenStreetMap"}},{"type":"Feature","geometry":{"type":"LineString","coordinates":[[-79.7872912,-1.9863149],[-79.7872569,-1.9866116],[-79.7870959,-1.9869708],[-79.7872139,-1.9871906],[-79.7871979,-1.9872925],[-79.7869511,-1.9873837],[-79.7871281,-1.9881021],[-79.7869189,-1.9884505],[-79.7866453,-1.98874],[-79.7870316,-1.9892493],[-79.7870208,-1.989378],[-79.7868599,-1.9894263],[-79.7866239,-1.9895442],[-79.7865273,-1.9897211],[-79.7865434,-1.9898766],[-79.7867741,-1.9899838],[-79.7868653,-1.9901232],[-79.7869135,-1.9904342],[-79.7863717,-1.990729],[-79.7859855,-1.9905682],[-79.7852291,-1.990847],[-79.7849824,-1.9908631],[-79.784859,-1.9909542],[-79.784757,-1.9908684],[-79.7846551,-1.9910185],[-79.7842099,-1.9909971],[-79.7841133,-1.9912008],[-79.7837271,-1.9913885],[-79.7835286,-1.9913402],[-79.7832872,-1.9915868],[-79.7813399,-1.9925411],[-79.7807874,-1.9927395],[-79.7804729,-1.9929422],[-79.7803207,-1.9929539],[-79.7801007,-1.9931684],[-79.7795106,-1.9933399],[-79.7789581,-1.9935812],[-79.7786148,-1.9937098],[-79.7779067,-1.994053],[-79.7771986,-1.9945891],[-79.77663,-1.9949215],[-79.776233,-1.9951788],[-79.7744895,-1.9959455],[-79.7737761,-1.996176],[-79.772038,-1.9969909],[-79.7703697,-1.9972804]]},"properties":{"waterway":"river","osm_id":"way/655142853","source":"OpenStreetMap"}},{"type":"Feature","geometry":{"type":"LineString","coordinates":[[-79.7995942,-1.9877549],[-79.7998101,-1.9878104],[-79.8019191,-1.9871356]]},"properties":{"waterway":"stream","osm_id":"way/655142854","source":"OpenStreetMap"}},{"type":"Feature","geometry":{"type":"LineString","coordinates":[[-79.8087558,-2.0220384],[-79.8090182,-2.0221453],[-79.8092914,-2.022096],[-79.8096555,-2.0222704],[-79.8097316,-2.0223482],[-79.809738,-2.0223547],[-79.8100083,-2.0226305],[-79.8103251,-2.0228039],[-79.8105355,-2.0228125],[-79.8108655,-2.0227064],[-79.8109869,-2.0227973],[-79.8109793,-2.0230096],[-79.8112942,-2.0233243],[-79.8113473,-2.0235366],[-79.8118973,-2.0238702],[-79.8127242,-2.0243213],[-79.8135967,-2.0248558],[-79.8144843,-2.025413]]},"properties":{"waterway":"stream","osm_id":"way/655145234","source":"OpenStreetMap"}},{"type":"Feature","geometry":{"type":"LineString","coordinates":[[-79.9479243,-2.0196606],[-79.9473822,-2.0194559],[-79.9460558,-2.0189552],[-79.9433623,-2.0164876],[-79.9407516,-2.0152517],[-79.9390977,-2.0151567],[-79.9377244,-2.0159111]]},"properties":{"name":"Rio Daule Principal","waterway":"river","osm_id":"way/704008101","source":"OpenStreetMap"}},{"type":"Feature","geometry":{"type":"LineString","coordinates":[[-80.0494382,-1.9283778],[-80.0496908,-1.9284462],[-80.0499694,-1.9286319],[-80.0502149,-1.9288573],[-80.0503343,-1.9290959],[-80.0504669,-1.9294804],[-80.0508052,-1.9295202],[-80.0510108,-1.9298782],[-80.0512231,-1.9304085],[-80.0513558,-1.9305875]]},"properties":{"waterway":"canal","osm_id":"way/758276582","source":"OpenStreetMap"}},{"type":"Feature","geometry":{"type":"LineString","coordinates":[[-79.939211,-1.8001714],[-79.9391038,-1.8005731],[-79.9391199,-1.800793],[-79.9392058,-1.8010879],[-79.9392487,-1.8013935],[-79.9391897,-1.8016187],[-79.9390019,-1.8017795],[-79.9387927,-1.8024658],[-79.938782,-1.8027875],[-79.9389214,-1.8032111],[-79.9392218,-1.8034309],[-79.9395383,-1.8036347]]},"properties":{"name":"Estero Pueblo Nuevo","waterway":"river","width":"10","osm_id":"way/783496397","source":"OpenStreetMap"}},{"type":"Feature","geometry":{"type":"LineString","coordinates":[[-79.9395383,-1.8036347],[-79.9398817,-1.8040904],[-79.9401338,-1.8042138],[-79.9418129,-1.8054231],[-79.9419952,-1.8057716],[-79.9423815,-1.806029],[-79.942757,-1.8066731],[-79.942934,-1.8071557],[-79.9429179,-1.8073273],[-79.9428106,-1.8076275],[-79.9429877,-1.8081101],[-79.9430359,-1.8083835],[-79.9430628,-1.808657],[-79.9431325,-1.8092253],[-79.9432666,-1.810169],[-79.9434866,-1.8111594],[-79.9437709,-1.8118939],[-79.9440337,-1.812591],[-79.944479,-1.8136097],[-79.9447794,-1.8141405],[-79.944833,-1.8141673],[-79.945053,-1.8144086],[-79.9452944,-1.8149877],[-79.9453641,-1.8154166],[-79.9453373,-1.8165318],[-79.9452836,-1.816875],[-79.9454553,-1.8179688],[-79.9458415,-1.8184138],[-79.9460025,-1.8185586],[-79.9460561,-1.818773],[-79.9459971,-1.8191001],[-79.9458469,-1.8194593],[-79.9457503,-1.8195612],[-79.9440445,-1.8212984],[-79.943508,-1.8220276]]},"properties":{"name":"Estero pueblo Nuevo","waterway":"river","width":"10","osm_id":"way/783496398","source":"OpenStreetMap"}},{"type":"Feature","geometry":{"type":"LineString","coordinates":[[-79.9345378,-2.0898907],[-79.9345624,-2.0895984],[-79.9342976,-2.0895618]]},"properties":{"waterway":"canal","osm_id":"way/882481344","source":"OpenStreetMap"}},{"type":"Feature","geometry":{"type":"LineString","coordinates":[[-79.9340672,-2.093668],[-79.9345378,-2.0898907]]},"properties":{"waterway":"canal","osm_id":"way/882481345","source":"OpenStreetMap"}},{"type":"Feature","geometry":{"type":"LineString","coordinates":[[-79.9235955,-2.086763],[-79.9237331,-2.0863558]]},"properties":{"waterway":"canal","osm_id":"way/931487811","source":"OpenStreetMap"}},{"type":"Feature","geometry":{"type":"LineString","coordinates":[[-79.9237331,-2.0863558],[-79.9241227,-2.0851495],[-79.9241354,-2.0849708],[-79.9236266,-2.0815796],[-79.9236224,-2.0814583],[-79.9236458,-2.0812988],[-79.9239864,-2.0794373],[-79.9240003,-2.0792122]]},"properties":{"waterway":"canal","osm_id":"way/931487812","source":"OpenStreetMap"}},{"type":"Feature","geometry":{"type":"LineString","coordinates":[[-79.9198293,-2.0722358],[-79.919993,-2.0718793]]},"properties":{"waterway":"canal","osm_id":"way/931487814","source":"OpenStreetMap"}},{"type":"Feature","geometry":{"type":"LineString","coordinates":[[-79.919757,-2.0724744],[-79.9197878,-2.0723605],[-79.9198293,-2.0722358]]},"properties":{"waterway":"canal","osm_id":"way/931487815","source":"OpenStreetMap"}},{"type":"Feature","geometry":{"type":"LineString","coordinates":[[-79.919816,-2.0730145],[-79.919757,-2.0724744]]},"properties":{"waterway":"canal","osm_id":"way/931487816","source":"OpenStreetMap"}},{"type":"Feature","geometry":{"type":"LineString","coordinates":[[-79.9196363,-2.0739245],[-79.919761,-2.0737201],[-79.9197985,-2.0735895],[-79.9198347,-2.0733965],[-79.9198347,-2.0732102],[-79.919816,-2.0730145]]},"properties":{"waterway":"canal","osm_id":"way/931487817","source":"OpenStreetMap"}},{"type":"Feature","geometry":{"type":"LineString","coordinates":[[-79.9195344,-2.0751816],[-79.9196363,-2.0739245]]},"properties":{"waterway":"canal","osm_id":"way/931487818","source":"OpenStreetMap"}},{"type":"Feature","geometry":{"type":"LineString","coordinates":[[-79.9198428,-2.076026],[-79.9195344,-2.0751816]]},"properties":{"waterway":"canal","osm_id":"way/931487819","source":"OpenStreetMap"}},{"type":"Feature","geometry":{"type":"LineString","coordinates":[[-79.9201086,-2.0765112],[-79.9198428,-2.076026]]},"properties":{"waterway":"canal","osm_id":"way/931487820","source":"OpenStreetMap"}},{"type":"Feature","geometry":{"type":"LineString","coordinates":[[-79.9205455,-2.076814],[-79.9204612,-2.0767704],[-79.9203236,-2.0766834],[-79.920198,-2.0765907],[-79.9201086,-2.0765112]]},"properties":{"waterway":"canal","osm_id":"way/931487821","source":"OpenStreetMap"}},{"type":"Feature","geometry":{"type":"LineString","coordinates":[[-79.9217085,-2.0770361],[-79.9211954,-2.0769445],[-79.9205455,-2.076814]]},"properties":{"waterway":"canal","osm_id":"way/931487822","source":"OpenStreetMap"}},{"type":"Feature","geometry":{"type":"LineString","coordinates":[[-79.9237588,-2.0785751],[-79.923158,-2.0781811],[-79.9226403,-2.0777844],[-79.9219002,-2.0771256],[-79.9218107,-2.0770698],[-79.9217085,-2.0770361]]},"properties":{"waterway":"canal","osm_id":"way/931487823","source":"OpenStreetMap"}},{"type":"Feature","geometry":{"type":"LineString","coordinates":[[-79.9240003,-2.0792122],[-79.9240056,-2.0787118],[-79.9237588,-2.0785751]]},"properties":{"waterway":"canal","osm_id":"way/931487824","source":"OpenStreetMap"}},{"type":"Feature","geometry":{"type":"LineString","coordinates":[[-79.7548253,-2.1049764],[-79.7550185,-2.1048397],[-79.7551404,-2.1047595],[-79.7552534,-2.1047357],[-79.7553783,-2.1047417],[-79.7554823,-2.1047714],[-79.7557053,-2.1048843],[-79.7557885,-2.1049169],[-79.7558807,-2.1049199],[-79.7563207,-2.1048902],[-79.7565972,-2.1048635],[-79.7567369,-2.1048248],[-79.756838,-2.1047446],[-79.7570312,-2.1045634],[-79.7572661,-2.1043495],[-79.7573137,-2.1043227],[-79.7573731,-2.1043198],[-79.7574683,-2.1043554],[-79.757495,-2.1044149],[-79.7575367,-2.1046288],[-79.757611,-2.1046852],[-79.7582115,-2.1048605],[-79.7583899,-2.1048902],[-79.7585296,-2.1048872],[-79.7585594,-2.1048813],[-79.7586426,-2.1047714],[-79.7587348,-2.1046614],[-79.7588448,-2.1045367],[-79.7589191,-2.1044386],[-79.7590083,-2.1043792],[-79.7590886,-2.1043614],[-79.7592164,-2.1043941],[-79.7593472,-2.1044267],[-79.7594632,-2.1044772],[-79.7595613,-2.1045515],[-79.7596683,-2.1046406],[-79.7597872,-2.1047773],[-79.7600132,-2.1050239],[-79.7601529,-2.1051754],[-79.7608902,-2.1061588],[-79.7617405,-2.1073443],[-79.7620051,-2.1077661],[-79.7622964,-2.1081197],[-79.76246,-2.1083485],[-79.7627721,-2.1087911],[-79.7629862,-2.1090942],[-79.7631527,-2.1092635],[-79.7633727,-2.1093675],[-79.7635213,-2.1094269],[-79.7635838,-2.1094566],[-79.7636492,-2.1094507],[-79.7636997,-2.1094477],[-79.7641516,-2.10932],[-79.7646451,-2.1091506],[-79.7648116,-2.1091476],[-79.7651446,-2.1090615],[-79.7654657,-2.1089605],[-79.7657957,-2.1088595],[-79.7660157,-2.1088208],[-79.7662416,-2.1087763],[-79.7667322,-2.1085832],[-79.7669433,-2.1084881],[-79.7670473,-2.1084168],[-79.7671306,-2.1083039],[-79.7672524,-2.1082356],[-79.767416,-2.1081732],[-79.7674962,-2.10809],[-79.7677252,-2.1079058],[-79.7678946,-2.1078612],[-79.7680968,-2.1077929],[-79.7683287,-2.1077602],[-79.7686052,-2.1077216],[-79.7688222,-2.1077097],[-79.7690719,-2.1077156],[-79.7693365,-2.1078166],[-79.7697587,-2.1079028],[-79.7698954,-2.1078731],[-79.7700203,-2.1078166],[-79.770163,-2.1078107],[-79.7702552,-2.1078582],[-79.7704336,-2.1080306],[-79.7706625,-2.1081821],[-79.7708201,-2.108295],[-79.7710757,-2.1084168],[-79.7713017,-2.1083217],[-79.7715217,-2.1082445],[-79.7717357,-2.1081732],[-79.7719111,-2.1081227],[-79.7721103,-2.1081108],[-79.7723868,-2.1080781],[-79.7726306,-2.1080395],[-79.7727139,-2.1080187],[-79.7728625,-2.1079563],[-79.7729903,-2.1079682],[-79.7731241,-2.107983],[-79.7735314,-2.1077929],[-79.7738139,-2.1075671],[-79.7740844,-2.1074215],[-79.7743401,-2.1072878],[-79.7745006,-2.1071363],[-79.7746514,-2.1070937],[-79.7749258,-2.106896],[-79.7752226,-2.1067926],[-79.775416,-2.1067297],[-79.7755555,-2.1065768],[-79.7757534,-2.1064645],[-79.7759963,-2.1063656],[-79.7761357,-2.1062262],[-79.7761942,-2.1061004],[-79.7762886,-2.1059835],[-79.7764775,-2.1059341],[-79.7766575,-2.1058442],[-79.7768104,-2.1056509],[-79.7769003,-2.1052553],[-79.7770578,-2.1051295],[-79.7771792,-2.1049722],[-79.7773411,-2.1048598],[-79.7775211,-2.1048148],[-79.777638,-2.1048103],[-79.7778089,-2.1048014],[-79.7780648,-2.104785],[-79.7781945,-2.1047601],[-79.7782494,-2.1047202],[-79.7782793,-2.1046355],[-79.7782444,-2.1045158],[-79.7781396,-2.1044012],[-79.7780798,-2.1042167],[-79.7781596,-2.1039027],[-79.7781646,-2.1036285],[-79.7782394,-2.1033643],[-79.7783042,-2.1033045],[-79.7784339,-2.1033045],[-79.7786135,-2.1032895],[-79.7787183,-2.1031948],[-79.7787332,-2.1030602],[-79.7787482,-2.1028508],[-79.7787283,-2.1026514],[-79.7786983,-2.1025368],[-79.7786335,-2.1023723],[-79.7785636,-2.1021479],[-79.7785213,-2.1019623],[-79.7785763,-2.1018936],[-79.7786011,-2.1018626],[-79.7787906,-2.1016931],[-79.7789602,-2.1014838],[-79.77905,-2.1013641],[-79.7791486,-2.1012705],[-79.7792847,-2.1010937],[-79.7793868,-2.1010053],[-79.7795433,-2.1009985],[-79.7797406,-2.1009985],[-79.7799039,-2.1009781],[-79.7800673,-2.1009373],[-79.7801693,-2.1008081],[-79.7803258,-2.1006584],[-79.7804619,-2.1005836],[-79.7807341,-2.1004612],[-79.7808975,-2.1004],[-79.7811016,-2.1004272],[-79.7812377,-2.100502],[-79.7814691,-2.1005768],[-79.7817549,-2.1006108],[-79.7819658,-2.1006312],[-79.7821904,-2.1006244],[-79.7824165,-2.1006395],[-79.78288,-2.1005132],[-79.7831609,-2.1004571],[-79.7832873,-2.1003167],[-79.7832311,-2.1000781],[-79.7830907,-2.0999237],[-79.7829502,-2.0995729],[-79.7829221,-2.0992922],[-79.7831468,-2.0985904],[-79.7833154,-2.0983518],[-79.7833715,-2.0979729],[-79.7833715,-2.0976922],[-79.7834137,-2.0974115],[-79.7834839,-2.0970746],[-79.7836524,-2.0966676],[-79.7837367,-2.0963448],[-79.7836805,-2.0961904],[-79.7836243,-2.0960501],[-79.783526,-2.0959238],[-79.783526,-2.0956852],[-79.7835541,-2.0955308],[-79.7836665,-2.0954325],[-79.7838631,-2.0954045],[-79.7840176,-2.0952922],[-79.7842142,-2.0951659],[-79.7843687,-2.0949553],[-79.7844681,-2.0946186],[-79.7848575,-2.0942606],[-79.785465,-2.0937781],[-79.7861659,-2.0930154],[-79.7864463,-2.0927819],[-79.7866176,-2.0927819],[-79.7869759,-2.0927974],[-79.787521,-2.0928286],[-79.7878637,-2.0927663],[-79.7881908,-2.0923927],[-79.7885958,-2.0917701],[-79.7887761,-2.0915162],[-79.7889658,-2.091298]]},"properties":{"waterway":"stream","osm_id":"way/1093267222","source":"OpenStreetMap"}},{"type":"Feature","geometry":{"type":"LineString","coordinates":[[-79.852763,-2.0880815],[-79.8550991,-2.088089],[-79.8588218,-2.0884159],[-79.8608311,-2.0889607],[-79.8637803,-2.0908729],[-79.8662135,-2.0927875],[-79.8693555,-2.0983015],[-79.8700644,-2.1012499],[-79.8677079,-2.1083721],[-79.8658112,-2.1124693],[-79.8628224,-2.1162792],[-79.8599486,-2.1198403],[-79.8525342,-2.125718],[-79.8490171,-2.1299864]]},"properties":{"name":"Babahoyo","waterway":"river","osm_id":"way/1093277870","source":"OpenStreetMap"}},{"type":"Feature","geometry":{"type":"LineString","coordinates":[[-79.8034945,-2.0641026],[-79.8030764,-2.0640655],[-79.8023802,-2.064084],[-79.8017954,-2.0640933],[-79.8013126,-2.0642046],[-79.7994839,-2.064418],[-79.7985278,-2.0645479],[-79.7978594,-2.0646685],[-79.7969961,-2.0648447],[-79.7962256,-2.0650952],[-79.7956315,-2.0652436],[-79.7953066,-2.0654848],[-79.7952509,-2.0655776],[-79.7952787,-2.0657632],[-79.7952601,-2.0658652],[-79.7951487,-2.0660136],[-79.7949724,-2.0662548],[-79.7949724,-2.0664682],[-79.7949724,-2.0667929],[-79.7950466,-2.066997],[-79.7950652,-2.0671547],[-79.7949843,-2.0672143],[-79.7948667,-2.0672386],[-79.7947329,-2.0672913],[-79.7946072,-2.0674129],[-79.7945058,-2.0674818],[-79.7944328,-2.0676236],[-79.7943516,-2.0677388],[-79.7942259,-2.0677209],[-79.7940515,-2.0676196],[-79.7937271,-2.067575],[-79.7933094,-2.0676196],[-79.7929568,-2.0677453],[-79.7928889,-2.0677001],[-79.7927757,-2.0677152],[-79.7925266,-2.0676926],[-79.7923002,-2.0677378],[-79.7920436,-2.0678585],[-79.791704,-2.0680169],[-79.7912965,-2.0680772],[-79.7910323,-2.0681903],[-79.7907908,-2.0682658],[-79.7904663,-2.0683487],[-79.7902927,-2.0685373],[-79.7900965,-2.068756],[-79.7898248,-2.0689521],[-79.7895682,-2.0691784],[-79.7890852,-2.0693141],[-79.7886701,-2.0694725],[-79.7883154,-2.0696611],[-79.7880286,-2.0699703],[-79.7879229,-2.0701362],[-79.7878097,-2.0701966],[-79.7875908,-2.0702795],[-79.7873569,-2.0704379],[-79.7870399,-2.0707773],[-79.786421,-2.0713128],[-79.786172,-2.0716522],[-79.7860135,-2.0717578],[-79.7858248,-2.0718634],[-79.785538,-2.0719991],[-79.7852437,-2.071886],[-79.7850399,-2.0719313],[-79.7848437,-2.072067],[-79.7845569,-2.0722857],[-79.7842852,-2.0730249],[-79.7840663,-2.0734849],[-79.7839531,-2.0741939],[-79.7839154,-2.0753252],[-79.7839154,-2.0768865],[-79.7840512,-2.0781384],[-79.7845443,-2.0789988],[-79.7853681,-2.0800519],[-79.7860962,-2.0809134],[-79.7870236,-2.0814519]]},"properties":{"waterway":"stream","osm_id":"way/1093277871","source":"OpenStreetMap"}},{"type":"Feature","geometry":{"type":"LineString","coordinates":[[-79.7949724,-2.0662548],[-79.7947369,-2.0662225],[-79.7943662,-2.0663497],[-79.7940564,-2.0664934],[-79.7937244,-2.0668638],[-79.7934257,-2.0671679],[-79.7933593,-2.067461],[-79.7933094,-2.0676196]]},"properties":{"waterway":"stream","osm_id":"way/1093277872","source":"OpenStreetMap"}},{"type":"Feature","geometry":{"type":"LineString","coordinates":[[-79.847262,-2.0781331],[-79.8464502,-2.0772264],[-79.8449208,-2.0762559],[-79.8425393,-2.0756083],[-79.8398026,-2.0755227],[-79.8390501,-2.0754064],[-79.8384649,-2.0754319],[-79.8379201,-2.0755506],[-79.8369635,-2.0757225],[-79.8362457,-2.0760411],[-79.8357203,-2.0761439],[-79.8343095,-2.0769737],[-79.8342195,-2.0770449],[-79.8323338,-2.0785367],[-79.8322853,-2.0786054],[-79.8310924,-2.0802966],[-79.8305728,-2.0814073],[-79.832969,-2.0826514]]},"properties":{"name":"Río Babahoyo","waterway":"river","osm_id":"way/1107861361","source":"OpenStreetMap"}},{"type":"Feature","geometry":{"type":"LineString","coordinates":[[-79.8794691,-2.0968228],[-79.8794139,-2.0968534]]},"properties":{"waterway":"canal","osm_id":"way/1135361754","source":"OpenStreetMap"}},{"type":"Feature","geometry":{"type":"LineString","coordinates":[[-79.8787434,-2.0965754],[-79.8787725,-2.0966425]]},"properties":{"waterway":"canal","osm_id":"way/1135361755","source":"OpenStreetMap"}},{"type":"Feature","geometry":{"type":"LineString","coordinates":[[-79.8971906,-2.0993537],[-79.8962602,-2.0991764],[-79.8930447,-2.0958291],[-79.8923307,-2.0952712],[-79.8909069,-2.0941425],[-79.8901635,-2.0936948],[-79.8876373,-2.0939056]]},"properties":{"waterway":"canal","osm_id":"way/1138252102","source":"OpenStreetMap"}},{"type":"Feature","geometry":{"type":"LineString","coordinates":[[-79.8696725,-2.0740775],[-79.8696275,-2.074084]]},"properties":{"waterway":"canal","osm_id":"way/1138475911","source":"OpenStreetMap"}},{"type":"Feature","geometry":{"type":"LineString","coordinates":[[-79.8684278,-2.0742623],[-79.8683643,-2.0742724]]},"properties":{"waterway":"canal","osm_id":"way/1138475912","source":"OpenStreetMap"}},{"type":"Feature","geometry":{"type":"LineString","coordinates":[[-79.8612269,-2.0972189],[-79.8614501,-2.0975994]]},"properties":{"waterway":"canal","osm_id":"way/1139021710","source":"OpenStreetMap"}},{"type":"Feature","geometry":{"type":"LineString","coordinates":[[-79.8052221,-2.0527532],[-79.8050598,-2.0530979],[-79.8049862,-2.053191],[-79.8048453,-2.0532656],[-79.8047374,-2.053307],[-79.8046379,-2.0534065],[-79.8045467,-2.0534977],[-79.8044804,-2.0536054],[-79.804414,-2.0537131],[-79.8043725,-2.0538457],[-79.8043725,-2.0539701],[-79.804414,-2.0540944],[-79.8044721,-2.0542104],[-79.8045633,-2.0543182],[-79.8045882,-2.0544508],[-79.8045882,-2.0545668],[-79.8044638,-2.0545999],[-79.804356,-2.0545585],[-79.804273,-2.0546165],[-79.8041486,-2.0547574],[-79.8040574,-2.054832],[-79.8039081,-2.0549397],[-79.8038418,-2.0550226],[-79.8037754,-2.0551469],[-79.8036593,-2.055321],[-79.8035764,-2.0554453],[-79.8035018,-2.0555282],[-79.8031452,-2.0556276],[-79.8030527,-2.0556578],[-79.8028907,-2.055825],[-79.8027844,-2.0559126],[-79.8027154,-2.0560081],[-79.8025826,-2.0560533],[-79.8024524,-2.0560612],[-79.8023011,-2.0560135],[-79.8021497,-2.0559338],[-79.8020328,-2.0558223],[-79.8019345,-2.0557507],[-79.8017752,-2.0556764],[-79.8016238,-2.0556047],[-79.8015069,-2.0554932],[-79.801329,-2.0553685],[-79.8012971,-2.0552596],[-79.8013157,-2.0551535],[-79.8013396,-2.0550977],[-79.8014325,-2.0549889],[-79.801491,-2.0549093],[-79.8015043,-2.0548057],[-79.8014883,-2.0547155],[-79.8014485,-2.0546545],[-79.8013927,-2.0545483],[-79.801398,-2.0544687],[-79.8013449,-2.0542324],[-79.8012891,-2.0540785],[-79.801143,-2.05376],[-79.8009996,-2.0534786],[-79.8008748,-2.0532291],[-79.800726,-2.0529769],[-79.8006278,-2.0529],[-79.8004711,-2.0527964],[-79.8003728,-2.0526823],[-79.8002453,-2.0525655],[-79.800147,-2.0524222],[-79.8001816,-2.0522948],[-79.8002931,-2.0521355],[-79.8003569,-2.0520718],[-79.8004498,-2.0519019],[-79.8004498,-2.0514666],[-79.8004339,-2.0512888],[-79.8003755,-2.0511428],[-79.8002241,-2.0509491],[-79.8000966,-2.050811],[-79.8000089,-2.0507447],[-79.7997619,-2.050673],[-79.7996132,-2.050681],[-79.7994804,-2.0507075],[-79.7993157,-2.0507553],[-79.7992307,-2.0507765],[-79.7991431,-2.0507925],[-79.7990634,-2.0507287],[-79.7989332,-2.0505615],[-79.7988611,-2.0504744],[-79.7988642,-2.0503256],[-79.798858,-2.0501861],[-79.7988425,-2.0499722],[-79.799041,-2.0496498],[-79.7991372,-2.049346],[-79.7990317,-2.04916],[-79.7989138,-2.0489677],[-79.7988146,-2.04876],[-79.7986408,-2.0485957],[-79.7983958,-2.0483167],[-79.7983244,-2.048233],[-79.79825,-2.048078],[-79.7981631,-2.0479416],[-79.7980732,-2.0478052],[-79.7979305,-2.0476874],[-79.7977909,-2.04752],[-79.7977257,-2.0473774],[-79.7976637,-2.0472534],[-79.7975706,-2.0471728],[-79.7974155,-2.0471511],[-79.797217,-2.0472379],[-79.797037,-2.0472007],[-79.7968757,-2.0471263],[-79.7967485,-2.046962],[-79.796671,-2.0468131],[-79.7966245,-2.0467697],[-79.7964849,-2.0468069],[-79.7962832,-2.0468628],[-79.7960754,-2.0468876],[-79.7959792,-2.0468845]]},"properties":{"waterway":"stream","osm_id":"way/1173204430","source":"OpenStreetMap"}},{"type":"Feature","geometry":{"type":"LineString","coordinates":[[-79.8794368,-2.050024],[-79.8793351,-2.0500144]]},"properties":{"waterway":"river","osm_id":"way/1182297930","source":"OpenStreetMap"}},{"type":"Feature","geometry":{"type":"LineString","coordinates":[[-79.8821591,-2.0494752],[-79.8820191,-2.0494977],[-79.8817724,-2.0495321],[-79.8814499,-2.0496546],[-79.881059,-2.0497891],[-79.8807613,-2.0499058]]},"properties":{"waterway":"river","osm_id":"way/1182297931","source":"OpenStreetMap"}},{"type":"Feature","geometry":{"type":"LineString","coordinates":[[-79.8695334,-1.9900594],[-79.8696515,-1.9896841],[-79.8698655,-1.989274],[-79.870005,-1.9888665],[-79.8700802,-1.9885986]]},"properties":{"waterway":"drain","osm_id":"way/1182322901","source":"OpenStreetMap"}},{"type":"Feature","geometry":{"type":"LineString","coordinates":[[-79.8656147,-2.005292],[-79.8655557,-2.0046211],[-79.8654387,-2.0036441],[-79.8654342,-2.0035953],[-79.8654355,-2.0035464],[-79.865531,-2.0032069]]},"properties":{"waterway":"drain","osm_id":"way/1182322908","source":"OpenStreetMap"}},{"type":"Feature","geometry":{"type":"LineString","coordinates":[[-79.865531,-2.0032069],[-79.8655508,-2.0031456],[-79.8655589,-2.0030974],[-79.8655209,-2.0026688],[-79.8654672,-2.0019515],[-79.8654559,-2.0016904],[-79.8657354,-2.0009104],[-79.8661211,-1.9997818],[-79.8663572,-1.9991492],[-79.8665396,-1.9987203],[-79.8666468,-1.9983879],[-79.8667332,-1.9980904],[-79.8667756,-1.9975516],[-79.8668078,-1.997305],[-79.8670116,-1.9968225],[-79.8672804,-1.9961282],[-79.8675915,-1.9952168],[-79.8678163,-1.9944957]]},"properties":{"waterway":"drain","osm_id":"way/1182322909","source":"OpenStreetMap"}},{"type":"Feature","geometry":{"type":"LineString","coordinates":[[-79.8678163,-1.9944957],[-79.8680738,-1.9940025],[-79.8681338,-1.9938008]]},"properties":{"waterway":"drain","osm_id":"way/1182322910","source":"OpenStreetMap"}},{"type":"Feature","geometry":{"type":"LineString","coordinates":[[-79.8681338,-1.9938008],[-79.8681918,-1.9936058],[-79.8684498,-1.9929115],[-79.8686639,-1.992362],[-79.8689106,-1.9917294],[-79.8692325,-1.9909359],[-79.8695334,-1.9900594]]},"properties":{"waterway":"drain","osm_id":"way/1182322911","source":"OpenStreetMap"}},{"type":"Feature","geometry":{"type":"LineString","coordinates":[[-79.8874281,-1.943521],[-79.8873489,-1.9436573]]},"properties":{"waterway":"canal","width":"4","osm_id":"way/1182464921","source":"OpenStreetMap"}},{"type":"Feature","geometry":{"type":"LineString","coordinates":[[-79.8893759,-1.9080064],[-79.8894022,-1.9091229],[-79.8894236,-1.9100665],[-79.8895095,-1.9119322],[-79.8896382,-1.9129616],[-79.8896811,-1.9138838],[-79.8897026,-1.9153421],[-79.8898099,-1.9156852],[-79.8901746,-1.9161785],[-79.8910115,-1.9170363],[-79.8908913,-1.9174813],[-79.8906371,-1.9179928],[-79.8904536,-1.9190308],[-79.8904869,-1.9195798],[-79.890239,-1.920339],[-79.890239,-1.9208108],[-79.8900459,-1.9216042],[-79.8900244,-1.9226122],[-79.8901103,-1.9243922],[-79.8901317,-1.9257218],[-79.8902819,-1.9270729],[-79.8902819,-1.927995],[-79.8903152,-1.9287939],[-79.8905609,-1.9291745],[-79.8910973,-1.9298393],[-79.8911617,-1.930354],[-79.891269,-1.9311261],[-79.8915479,-1.9320053],[-79.8914621,-1.9328632],[-79.8915265,-1.9334422],[-79.8912261,-1.9338496],[-79.89099,-1.9343],[-79.8904751,-1.9348576],[-79.8899719,-1.9358569],[-79.8896597,-1.9367019],[-79.889209,-1.9374525],[-79.8888872,-1.9385891],[-79.8886511,-1.939404],[-79.8886726,-1.9399401],[-79.8885868,-1.9405401],[-79.8885224,-1.9408725],[-79.8882767,-1.9413684],[-79.8883089,-1.9414649],[-79.8882542,-1.9415587],[-79.8880299,-1.9419796],[-79.8877617,-1.9427623],[-79.8874281,-1.943521]]},"properties":{"waterway":"canal","width":"4","osm_id":"way/1182464922","source":"OpenStreetMap"}},{"type":"Feature","geometry":{"type":"LineString","coordinates":[[-79.8893737,-1.9078519],[-79.8893759,-1.9080064]]},"properties":{"waterway":"canal","width":"4","osm_id":"way/1182467887","source":"OpenStreetMap"}},{"type":"Feature","geometry":{"type":"LineString","coordinates":[[-79.8889919,-1.9000412],[-79.8893593,-1.9073],[-79.8893737,-1.9078519]]},"properties":{"waterway":"canal","width":"4","osm_id":"way/1182467888","source":"OpenStreetMap"}},{"type":"Feature","geometry":{"type":"LineString","coordinates":[[-79.9632094,-2.0993779],[-79.9632752,-2.0993524]]},"properties":{"waterway":"stream","osm_id":"way/1199322436","source":"OpenStreetMap"}},{"type":"Feature","geometry":{"type":"LineString","coordinates":[[-79.9632752,-2.0993524],[-79.9633242,-2.0993269],[-79.9635286,-2.0992325]]},"properties":{"waterway":"stream","osm_id":"way/1199322437","source":"OpenStreetMap"}},{"type":"Feature","geometry":{"type":"LineString","coordinates":[[-79.9635286,-2.0992325],[-79.963625,-2.0992138]]},"properties":{"waterway":"stream","osm_id":"way/1199322438","source":"OpenStreetMap"}},{"type":"Feature","geometry":{"type":"LineString","coordinates":[[-79.9616559,-2.103897],[-79.9616241,-2.1037946],[-79.9616241,-2.1037196],[-79.9616263,-2.1036183],[-79.9616156,-2.1035245],[-79.9616532,-2.1033475],[-79.9616559,-2.1032859],[-79.961747,-2.1032082],[-79.961798,-2.1031546],[-79.9618838,-2.1030741],[-79.9618972,-2.1030125],[-79.9618896,-2.1029101],[-79.9618624,-2.1028275],[-79.9618386,-2.1027573],[-79.9618467,-2.1026715],[-79.961903,-2.1025643],[-79.9619428,-2.1025059],[-79.9619831,-2.1024308],[-79.9619835,-2.1022346],[-79.9619911,-2.1021065],[-79.9621199,-2.1018974],[-79.9622137,-2.1017956],[-79.9622839,-2.1016878],[-79.9623237,-2.101608],[-79.9624851,-2.1013876],[-79.962528,-2.101141],[-79.9624739,-2.1008387],[-79.96249,-2.1008146],[-79.9625437,-2.1007234],[-79.9625893,-2.1006779],[-79.9626885,-2.100501],[-79.962713,-2.1004227],[-79.9627475,-2.1003401],[-79.962882,-2.1002351],[-79.9629625,-2.1002029],[-79.9630426,-2.1001579],[-79.963059,-2.0999911],[-79.9631391,-2.0998255],[-79.9631851,-2.0997419],[-79.9631315,-2.0996561],[-79.9630989,-2.0995387],[-79.9632094,-2.0993779]]},"properties":{"waterway":"stream","osm_id":"way/1199322439","source":"OpenStreetMap"}},{"type":"Feature","geometry":{"type":"LineString","coordinates":[[-79.8666845,-2.01252],[-79.8664595,-2.0105324]]},"properties":{"waterway":"drain","osm_id":"way/1213543281","source":"OpenStreetMap"}},{"type":"Feature","geometry":{"type":"LineString","coordinates":[[-79.8666039,-2.0126214],[-79.8666845,-2.01252]]},"properties":{"waterway":"drain","osm_id":"way/1213543282","source":"OpenStreetMap"}},{"type":"Feature","geometry":{"type":"LineString","coordinates":[[-79.8667942,-2.0147772],[-79.8666039,-2.0126214]]},"properties":{"waterway":"drain","osm_id":"way/1213543283","source":"OpenStreetMap"}},{"type":"Feature","geometry":{"type":"LineString","coordinates":[[-79.8664509,-2.0104338],[-79.8663414,-2.0090723],[-79.866145,-2.0075717],[-79.8659693,-2.0061827],[-79.8659552,-2.0060366],[-79.8659136,-2.0059374],[-79.8658352,-2.0058744],[-79.8657889,-2.0058536],[-79.8657393,-2.0058262],[-79.8657078,-2.0057994],[-79.865689,-2.0057558],[-79.8656689,-2.0056888],[-79.8656147,-2.005292]]},"properties":{"waterway":"drain","osm_id":"way/1213543284","source":"OpenStreetMap"}},{"type":"Feature","geometry":{"type":"LineString","coordinates":[[-79.8664595,-2.0105324],[-79.8664509,-2.0104338]]},"properties":{"waterway":"drain","osm_id":"way/1213543285","source":"OpenStreetMap"}},{"type":"Feature","geometry":{"type":"LineString","coordinates":[[-79.8670176,-2.0165568],[-79.8669813,-2.0162539]]},"properties":{"waterway":"drain","osm_id":"way/1214728051","source":"OpenStreetMap"}},{"type":"Feature","geometry":{"type":"LineString","coordinates":[[-79.8669813,-2.0162539],[-79.8669715,-2.0150508],[-79.8667942,-2.0147772]]},"properties":{"waterway":"drain","osm_id":"way/1214728052","source":"OpenStreetMap"}},{"type":"Feature","geometry":{"type":"LineString","coordinates":[[-79.8807127,-2.0499236],[-79.8805407,-2.0500258],[-79.8802744,-2.0501022],[-79.8795429,-2.0500365],[-79.8794368,-2.050024]]},"properties":{"waterway":"river","osm_id":"way/1214937071","source":"OpenStreetMap"}},{"type":"Feature","geometry":{"type":"LineString","coordinates":[[-79.9589322,-2.0513831],[-79.9588703,-2.0513849],[-79.9587907,-2.0513672],[-79.9587004,-2.0513654],[-79.9585642,-2.0514079],[-79.9585164,-2.0514521],[-79.9584598,-2.051491],[-79.9584249,-2.0515375],[-79.958412,-2.0515547],[-79.9583536,-2.0517174],[-79.9583129,-2.0517828]]},"properties":{"waterway":"stream","osm_id":"way/1235106867","source":"OpenStreetMap"}},{"type":"Feature","geometry":{"type":"LineString","coordinates":[[-79.9598617,-2.0504883],[-79.9599051,-2.0504961],[-79.9599296,-2.050502],[-79.9599547,-2.0505165],[-79.9599687,-2.050544],[-79.9599786,-2.0505784],[-79.9599821,-2.0506385],[-79.9600014,-2.050667],[-79.9599991,-2.0507242],[-79.9599915,-2.050782],[-79.9599821,-2.0508485],[-79.9599623,-2.0508887],[-79.9599535,-2.0509156],[-79.9599652,-2.0509459],[-79.9599599,-2.0509733],[-79.9599489,-2.0509937],[-79.9599243,-2.0510177],[-79.9599115,-2.0510439],[-79.9598998,-2.0510608],[-79.9598887,-2.0510894],[-79.9598817,-2.0511075],[-79.9598718,-2.0511559],[-79.9598642,-2.0512043],[-79.9598537,-2.0512309],[-79.9598047,-2.051246],[-79.9597335,-2.0512565]]},"properties":{"waterway":"stream","osm_id":"way/1235237590","source":"OpenStreetMap"}},{"type":"Feature","geometry":{"type":"LineString","coordinates":[[-79.9590143,-2.0513067],[-79.9589322,-2.0513831]]},"properties":{"waterway":"stream","osm_id":"way/1235237591","source":"OpenStreetMap"}},{"type":"Feature","geometry":{"type":"LineString","coordinates":[[-79.9596602,-2.0512595],[-79.9595887,-2.0512624],[-79.959514,-2.0512484],[-79.9594159,-2.051253],[-79.9593015,-2.051253],[-79.9591649,-2.0512565],[-79.959103,-2.0512775],[-79.9590143,-2.0513067]]},"properties":{"waterway":"stream","osm_id":"way/1235237592","source":"OpenStreetMap"}},{"type":"Feature","geometry":{"type":"LineString","coordinates":[[-79.9597335,-2.0512565],[-79.9596602,-2.0512595]]},"properties":{"waterway":"stream","osm_id":"way/1235237593","source":"OpenStreetMap"}},{"type":"Feature","geometry":{"type":"LineString","coordinates":[[-79.9569024,-2.0465459],[-79.9568739,-2.0466454],[-79.9568597,-2.0467653],[-79.9568698,-2.0468871],[-79.9568089,-2.0470375],[-79.9567011,-2.0471411],[-79.9566462,-2.0472548],[-79.9566706,-2.0473341],[-79.956634,-2.0474052],[-79.9566198,-2.0474864],[-79.9566401,-2.0475921],[-79.9566828,-2.0476814],[-79.9566239,-2.0477891],[-79.9566015,-2.0478826],[-79.956568,-2.047976],[-79.9564704,-2.048043],[-79.9564389,-2.0481009],[-79.9563789,-2.0481405],[-79.9563078,-2.0481791],[-79.9562793,-2.0482309],[-79.9562641,-2.0482949],[-79.9562285,-2.0483701],[-79.9561912,-2.0484544]]},"properties":{"waterway":"stream","osm_id":"way/1235602068","source":"OpenStreetMap"}},{"type":"Feature","geometry":{"type":"LineString","coordinates":[[-79.9554281,-2.0487136],[-79.9554012,-2.0487602],[-79.9553615,-2.0488419],[-79.9553078,-2.0489597],[-79.9552448,-2.0491184],[-79.9551969,-2.0492759]]},"properties":{"waterway":"stream","osm_id":"way/1235602069","source":"OpenStreetMap"}},{"type":"Feature","geometry":{"type":"LineString","coordinates":[[-79.9554806,-2.0486785],[-79.9554281,-2.0487136]]},"properties":{"waterway":"stream","osm_id":"way/1235602070","source":"OpenStreetMap"}},{"type":"Feature","geometry":{"type":"LineString","coordinates":[[-79.955846,-2.0484872],[-79.9557806,-2.0484942],[-79.9557272,-2.0485037],[-79.9556882,-2.0485217],[-79.9556417,-2.0485689],[-79.955567,-2.048619],[-79.9554806,-2.0486785]]},"properties":{"waterway":"stream","osm_id":"way/1235602071","source":"OpenStreetMap"}},{"type":"Feature","geometry":{"type":"LineString","coordinates":[[-79.9559301,-2.0484919],[-79.955846,-2.0484872]]},"properties":{"waterway":"stream","osm_id":"way/1235602072","source":"OpenStreetMap"}},{"type":"Feature","geometry":{"type":"LineString","coordinates":[[-79.9560935,-2.048507],[-79.9559803,-2.0484954],[-79.9559301,-2.0484919]]},"properties":{"waterway":"stream","osm_id":"way/1235602073","source":"OpenStreetMap"}},{"type":"Feature","geometry":{"type":"LineString","coordinates":[[-79.9561912,-2.0484544],[-79.9561817,-2.0484735],[-79.9560935,-2.048507]]},"properties":{"waterway":"stream","osm_id":"way/1235602074","source":"OpenStreetMap"}},{"type":"Feature","geometry":{"type":"LineString","coordinates":[[-79.9583129,-2.0517828],[-79.9582333,-2.0518492],[-79.9581679,-2.0519412],[-79.9581431,-2.0520349],[-79.9581325,-2.0521127],[-79.9581626,-2.0521711],[-79.9581756,-2.0522208],[-79.9581909,-2.052279],[-79.9581732,-2.0523603],[-79.9581449,-2.0524328],[-79.9581095,-2.0529439],[-79.9580776,-2.0530695],[-79.958021,-2.0531384],[-79.9579307,-2.0531791],[-79.9578423,-2.0532339],[-79.9576875,-2.0532664],[-79.9575523,-2.0532697],[-79.9571843,-2.0532667],[-79.9569945,-2.0532583],[-79.9569581,-2.053263],[-79.9569205,-2.053281],[-79.9569115,-2.0533047],[-79.9568866,-2.0533604],[-79.9568337,-2.0535209],[-79.9568167,-2.053571],[-79.956789,-2.053653],[-79.9567483,-2.0537667],[-79.9567077,-2.0538541],[-79.9566284,-2.0538764],[-79.9565329,-2.0538764],[-79.9564597,-2.0538602],[-79.9564312,-2.0538344]]},"properties":{"waterway":"stream","osm_id":"way/1235767029","source":"OpenStreetMap"}},{"type":"Feature","geometry":{"type":"LineString","coordinates":[[-79.9562608,-2.0537286],[-79.9557523,-2.0535595]]},"properties":{"waterway":"stream","osm_id":"way/1235767042","source":"OpenStreetMap"}},{"type":"Feature","geometry":{"type":"LineString","coordinates":[[-79.9564312,-2.0538344],[-79.9562608,-2.0537286]]},"properties":{"waterway":"stream","osm_id":"way/1235767043","source":"OpenStreetMap"}},{"type":"Feature","geometry":{"type":"LineString","coordinates":[[-79.8793351,-2.0500144],[-79.8782662,-2.0498971],[-79.8778625,-2.0498622]]},"properties":{"waterway":"river","osm_id":"way/1303735548","source":"OpenStreetMap"}},{"type":"Feature","geometry":{"type":"LineString","coordinates":[[-79.9717692,-2.0009119],[-79.9698779,-2.0031105],[-79.9692606,-2.0037273],[-79.9690398,-2.0039424],[-79.9680318,-2.0050432],[-79.9679089,-2.0050724],[-79.9675428,-2.0048029],[-79.9661687,-2.0037915],[-79.9661046,-2.0036535],[-79.9657546,-2.0033727],[-79.9656215,-2.0033875]]},"properties":{"waterway":"canal","osm_id":"way/1311593968","source":"OpenStreetMap"}},{"type":"Feature","geometry":{"type":"LineString","coordinates":[[-79.9669154,-2.0072936],[-79.9668622,-2.0068434],[-79.9668097,-2.006394],[-79.967066,-2.0061723],[-79.9673716,-2.0056107],[-79.9673273,-2.0052905],[-79.9675428,-2.0048029]]},"properties":{"waterway":"canal","osm_id":"way/1311593969","source":"OpenStreetMap"}},{"type":"Feature","geometry":{"type":"LineString","coordinates":[[-79.9691531,-2.0054199],[-79.9690952,-2.005362],[-79.969415,-2.0039234],[-79.9692606,-2.0037273]]},"properties":{"name":"Drenaje aluvial","waterway":"drain","osm_id":"way/1317154555","source":"OpenStreetMap"}},{"type":"Feature","geometry":{"type":"LineString","coordinates":[[-79.9082205,-2.0259427],[-79.9080534,-2.0265454],[-79.9078807,-2.0269953],[-79.9076231,-2.0274311],[-79.9074957,-2.027915],[-79.9075608,-2.0282517],[-79.9076061,-2.0286761],[-79.9076118,-2.0288063],[-79.9076194,-2.028864]]},"properties":{"waterway":"canal","osm_id":"way/1381830682","source":"OpenStreetMap"}},{"type":"Feature","geometry":{"type":"LineString","coordinates":[[-79.9139157,-2.0307394],[-79.9140163,-2.030736],[-79.9146448,-2.030787],[-79.9152536,-2.0307926],[-79.9156047,-2.0307672],[-79.9163776,-2.0308181],[-79.9165673,-2.0308181],[-79.917227,-2.0308634],[-79.9182407,-2.030886],[-79.9184983,-2.0308917],[-79.9186824,-2.0309426],[-79.9187645,-2.0310784],[-79.9187984,-2.0315962],[-79.9187928,-2.0319952],[-79.9188098,-2.0324281],[-79.9188098,-2.0326007],[-79.9188296,-2.0326856],[-79.918957,-2.032745],[-79.9191609,-2.0327649],[-79.9197498,-2.0327705],[-79.9200924,-2.0327705],[-79.9205312,-2.0327931],[-79.9207124,-2.0327931],[-79.9209644,-2.0327875],[-79.9211145,-2.0327875],[-79.9214563,-2.0327371],[-79.9216954,-2.0325869],[-79.9217866,-2.0326016],[-79.922038,-2.0326287],[-79.9221686,-2.0326287],[-79.9222289,-2.0326053],[-79.9223017,-2.032577],[-79.9224028,-2.0325228],[-79.9227626,-2.032577],[-79.9229179,-2.0325425],[-79.9231151,-2.0325918],[-79.9234454,-2.0327174],[-79.9236401,-2.0327617],[-79.923825,-2.032811],[-79.9240665,-2.032848],[-79.924276,-2.0328997],[-79.9243944,-2.0329563],[-79.9245151,-2.0329662],[-79.9247148,-2.0329514],[-79.9247567,-2.0328775],[-79.9248997,-2.0327519],[-79.9249563,-2.03271],[-79.9250377,-2.03271],[-79.925082,-2.0327691],[-79.9251609,-2.0329046],[-79.9253335,-2.0330007],[-79.9254937,-2.0330253],[-79.9257229,-2.0330179],[-79.9259226,-2.0330105],[-79.9260064,-2.0329514],[-79.9261296,-2.0328504],[-79.9263268,-2.0327765],[-79.9265486,-2.0326829],[-79.9267212,-2.032577],[-79.926906,-2.0324095],[-79.9271673,-2.0322814],[-79.9272634,-2.032173],[-79.9274384,-2.032008],[-79.9275395,-2.0318848],[-79.9276282,-2.0317493],[-79.927749,-2.0317173],[-79.9278722,-2.031737],[-79.9280546,-2.0318479],[-79.9281951,-2.0319489],[-79.92838,-2.0319464],[-79.9285895,-2.0318479],[-79.9287423,-2.0318011],[-79.9289371,-2.0317666],[-79.9294251,-2.0316163],[-79.9295508,-2.0315695],[-79.9296888,-2.0315646],[-79.9297578,-2.0316188],[-79.9298293,-2.031668],[-79.9299723,-2.0317198],[-79.9301226,-2.0317912],[-79.9301399,-2.0318257],[-79.9304381,-2.0318774],[-79.9305121,-2.0318109],[-79.9306403,-2.0318479],[-79.9307413,-2.031907],[-79.9308029,-2.0319981],[-79.9308769,-2.0320646],[-79.9309484,-2.0320474],[-79.931148,-2.0318503],[-79.9311727,-2.0317124],[-79.9313107,-2.0315868],[-79.9314734,-2.0316089],[-79.9316114,-2.0316582],[-79.9318012,-2.0317493],[-79.9319836,-2.0317838],[-79.932166,-2.0317887],[-79.9322473,-2.0318503],[-79.9322769,-2.0319612],[-79.9322153,-2.0321336],[-79.9321487,-2.0322124],[-79.9321685,-2.0323528],[-79.9322794,-2.032375],[-79.9324051,-2.0323775],[-79.9326245,-2.0323824],[-79.9327255,-2.0324883],[-79.9327304,-2.0326238],[-79.9327477,-2.032742],[-79.9327304,-2.0328061],[-79.9327058,-2.0329761],[-79.9326688,-2.0331386],[-79.9326319,-2.0333776],[-79.9325949,-2.0335229],[-79.932659,-2.0336338],[-79.932765,-2.0337076],[-79.9329917,-2.0337717],[-79.9330731,-2.0337027],[-79.9332259,-2.033651],[-79.9333171,-2.0336608],[-79.9336745,-2.0334564],[-79.9338298,-2.0334194],[-79.9340738,-2.0334416],[-79.934409,-2.0335352],[-79.934441,-2.0337052],[-79.9342759,-2.0338481],[-79.9340984,-2.0338924],[-79.9339826,-2.0339835],[-79.9338815,-2.0343727],[-79.9338569,-2.0346314],[-79.9338495,-2.0347151]]},"properties":{"waterway":"canal","osm_id":"way/1381830683","source":"OpenStreetMap"}},{"type":"Feature","geometry":{"type":"LineString","coordinates":[[-79.9076194,-2.028864],[-79.9076289,-2.0289355]]},"properties":{"waterway":"canal","osm_id":"way/1381830684","source":"OpenStreetMap"}},{"type":"Feature","geometry":{"type":"LineString","coordinates":[[-79.9076289,-2.0289355],[-79.9076372,-2.0289987],[-79.9078241,-2.0291147],[-79.9078722,-2.0291119],[-79.907888,-2.0291098]]},"properties":{"waterway":"canal","osm_id":"way/1381830685","source":"OpenStreetMap"}},{"type":"Feature","geometry":{"type":"LineString","coordinates":[[-79.907888,-2.0291098],[-79.9079594,-2.0291005]]},"properties":{"waterway":"canal","osm_id":"way/1381830686","source":"OpenStreetMap"}},{"type":"Feature","geometry":{"type":"LineString","coordinates":[[-79.9187776,-2.0290468],[-79.9188449,-2.0294463],[-79.918843,-2.0299335],[-79.9188243,-2.0302789],[-79.9188318,-2.0307867],[-79.9188355,-2.0308483],[-79.9188206,-2.0309789],[-79.9187963,-2.0310461],[-79.9187645,-2.0310784]]},"properties":{"waterway":"canal","osm_id":"way/1381830687","source":"OpenStreetMap"}},{"type":"Feature","geometry":{"type":"LineString","coordinates":[[-79.9154548,-2.0356184],[-79.9160428,-2.035627],[-79.9163045,-2.035657],[-79.9164373,-2.0356718],[-79.9170534,-2.0357406],[-79.9180512,-2.0358586],[-79.9183945,-2.0358671],[-79.9190425,-2.0359293],[-79.9195618,-2.0359508],[-79.9200425,-2.035865],[-79.9207463,-2.0354318],[-79.921051,-2.035226],[-79.9214243,-2.0349879],[-79.9214906,-2.0349377],[-79.9216162,-2.0348423],[-79.9218878,-2.0346362],[-79.9221217,-2.0345419],[-79.9222805,-2.0344004],[-79.922362,-2.0343403],[-79.9223084,-2.0333839],[-79.9223449,-2.0333003],[-79.9223105,-2.0332124],[-79.9222826,-2.0331094],[-79.9222462,-2.0327406],[-79.9222376,-2.0326548],[-79.9222289,-2.0326053]]},"properties":{"waterway":"canal","osm_id":"way/1381830688","source":"OpenStreetMap"}},{"type":"Feature","geometry":{"type":"LineString","coordinates":[[-79.8986636,-2.0322521],[-79.8982414,-2.033992]]},"properties":{"waterway":"canal","osm_id":"way/1381830820","source":"OpenStreetMap"}},{"type":"Feature","geometry":{"type":"LineString","coordinates":[[-79.8980642,-2.0348789],[-79.8979769,-2.0350033],[-79.8951532,-2.0347237],[-79.8946233,-2.0346351],[-79.8944761,-2.0345523],[-79.894351,-2.0345205],[-79.8942045,-2.0345273],[-79.8941155,-2.0345784],[-79.893975,-2.0346104],[-79.8933564,-2.0345464],[-79.8931213,-2.0345286]]},"properties":{"waterway":"canal","osm_id":"way/1381830821","source":"OpenStreetMap"}},{"type":"Feature","geometry":{"type":"LineString","coordinates":[[-79.8930064,-2.0345199],[-79.8927377,-2.0344996],[-79.8925356,-2.0344897],[-79.8921239,-2.0344454],[-79.8918833,-2.0344518],[-79.8917222,-2.0345168],[-79.8914387,-2.0348641],[-79.8913376,-2.035145],[-79.8911774,-2.0355686],[-79.8910862,-2.0356278],[-79.8909586,-2.0355891],[-79.8907042,-2.035512],[-79.8900806,-2.0353371],[-79.8897873,-2.035246],[-79.889632,-2.0352065],[-79.8894816,-2.0351868],[-79.889366,-2.0351608]]},"properties":{"waterway":"canal","osm_id":"way/1381830822","source":"OpenStreetMap"}},{"type":"Feature","geometry":{"type":"LineString","coordinates":[[-79.8931213,-2.0345286],[-79.8930064,-2.0345199]]},"properties":{"waterway":"canal","osm_id":"way/1381830823","source":"OpenStreetMap"}},{"type":"Feature","geometry":{"type":"LineString","coordinates":[[-79.8118624,-1.8577023],[-79.8116157,-1.8581473],[-79.8114923,-1.8582706],[-79.8112804,-1.8583913],[-79.8110873,-1.8584449],[-79.8104462,-1.858469],[-79.8102558,-1.8585333],[-79.8099071,-1.8587451],[-79.8098347,-1.8588041],[-79.8096603,-1.8591419],[-79.8093733,-1.8596271],[-79.8090702,-1.8600587],[-79.8089683,-1.8601767],[-79.8088262,-1.8602383],[-79.8086143,-1.8602839],[-79.8083192,-1.8603027],[-79.8080832,-1.860359],[-79.8074019,-1.8605895],[-79.8070961,-1.860745],[-79.8068413,-1.860938],[-79.8065597,-1.8612088],[-79.8062351,-1.8615868],[-79.8058865,-1.8618951],[-79.8056692,-1.8620774],[-79.8055646,-1.8622623],[-79.8055431,-1.862509],[-79.8055002,-1.8628441],[-79.805283,-1.8631148],[-79.8050791,-1.8631684],[-79.8048645,-1.8631738]]},"properties":{"waterway":"stream","osm_id":"way/1437113038","source":"OpenStreetMap"}},{"type":"Feature","geometry":{"type":"LineString","coordinates":[[-79.8119536,-1.8575307],[-79.8118624,-1.8577023]]},"properties":{"waterway":"stream","osm_id":"way/1437113039","source":"OpenStreetMap"}},{"type":"Feature","geometry":{"type":"LineString","coordinates":[[-79.9752112,-2.0969695],[-79.9752075,-2.0968735],[-79.9752075,-2.0968107],[-79.9752149,-2.0967651],[-79.9752506,-2.0966752],[-79.9752413,-2.0966412],[-79.9752321,-2.0966074],[-79.9752371,-2.0965791],[-79.9752137,-2.0965335],[-79.9751976,-2.0964806],[-79.975173,-2.0963894],[-79.9751545,-2.0963402],[-79.9751385,-2.0963193],[-79.9751225,-2.0962983],[-79.9751212,-2.0962527],[-79.9751557,-2.0962269],[-79.9751878,-2.0961961],[-79.9752075,-2.0961665],[-79.9751976,-2.0961283],[-79.975157,-2.0960889],[-79.9751705,-2.095983],[-79.9751705,-2.095935],[-79.9752026,-2.0958475],[-79.9752568,-2.0957342],[-79.9752765,-2.0956259],[-79.9752858,-2.0955589],[-79.9753308,-2.0954925],[-79.9754489,-2.0953381],[-79.975539,-2.095203],[-79.9756355,-2.0950314],[-79.9756548,-2.0949714],[-79.9757793,-2.0948384],[-79.9758608,-2.0946755],[-79.9760089,-2.0944117],[-79.9760518,-2.0941308],[-79.9760625,-2.0940322],[-79.9759553,-2.0938692],[-79.9759209,-2.0937255],[-79.9759022,-2.0934237],[-79.9758941,-2.0931466],[-79.9759638,-2.0928935],[-79.9760711,-2.0925783],[-79.9760777,-2.0924816],[-79.9760776,-2.0924674],[-79.9760776,-2.0924132],[-79.9760617,-2.0923672],[-79.9760172,-2.0923282],[-79.9759468,-2.0923096],[-79.9759259,-2.0922596],[-79.9759143,-2.0922063],[-79.9759346,-2.0920838],[-79.9759399,-2.0919723],[-79.975916,-2.0918938],[-79.97588,-2.0918227],[-79.9758365,-2.0917319],[-79.9757792,-2.0916221],[-79.9757501,-2.0915385],[-79.975738,-2.0914565],[-79.9757266,-2.0914086],[-79.9757165,-2.0913646],[-79.9757023,-2.0912774],[-79.9757001,-2.0912113],[-79.9757075,-2.091119],[-79.9757219,-2.0909926],[-79.9757218,-2.0909359],[-79.9757146,-2.090892],[-79.9757156,-2.0907987],[-79.9757286,-2.0907183],[-79.9757512,-2.0906434],[-79.9757777,-2.0905821],[-79.9758373,-2.0905032],[-79.9758929,-2.090415],[-79.9759319,-2.090344],[-79.9759529,-2.0902744],[-79.9759852,-2.0902035],[-79.9760212,-2.0901713],[-79.9761393,-2.0901016],[-79.9762121,-2.0900454],[-79.9762452,-2.0900059],[-79.9762629,-2.0899483],[-79.9762531,-2.0898933],[-79.9762273,-2.0898636],[-79.9761994,-2.0898365],[-79.9761539,-2.0897778],[-79.9761372,-2.089731],[-79.9761264,-2.0895892],[-79.9761253,-2.0894678],[-79.9761255,-2.089289],[-79.9761339,-2.0891592],[-79.9761335,-2.0890476],[-79.9761275,-2.0889391],[-79.9761038,-2.0888311],[-79.9760706,-2.0887303],[-79.975975,-2.0886121],[-79.9759475,-2.0885723],[-79.9758744,-2.0884262],[-79.9758466,-2.0883564],[-79.9757831,-2.0882467],[-79.9757271,-2.0881815],[-79.975693,-2.0881319],[-79.9756553,-2.0880831],[-79.9755919,-2.0880189],[-79.9755457,-2.0879762],[-79.9754862,-2.0879372],[-79.9754036,-2.0878694]]},"properties":{"waterway":"stream","osm_id":"way/1441517637","source":"OpenStreetMap"}},{"type":"Feature","geometry":{"type":"LineString","coordinates":[[-79.9670411,-2.0896941],[-79.9670508,-2.0896941],[-79.9670939,-2.0896689],[-79.967163,-2.0896299],[-79.9672386,-2.089625],[-79.9676165,-2.0895041],[-79.9677111,-2.0894738],[-79.9678372,-2.0894412],[-79.9679101,-2.0894281],[-79.9679904,-2.0894318],[-79.9681006,-2.089387],[-79.968136,-2.0893809],[-79.9681548,-2.0893777],[-79.9681716,-2.0893665],[-79.9681884,-2.089359],[-79.9682043,-2.0893357],[-79.9682136,-2.0893105],[-79.9682491,-2.0893226],[-79.9682911,-2.089332],[-79.9683378,-2.0893217],[-79.9684135,-2.0892918],[-79.9684733,-2.0892853],[-79.9686068,-2.0892676],[-79.968632,-2.089233],[-79.9686974,-2.0892041],[-79.9687525,-2.0892153],[-79.9688058,-2.0892097],[-79.9688992,-2.0891621],[-79.9689338,-2.0891744],[-79.9689543,-2.0891817],[-79.9689683,-2.0892032],[-79.9689832,-2.0892293],[-79.9689786,-2.0891985],[-79.9689748,-2.08915],[-79.969114,-2.089093],[-79.9691784,-2.0890734],[-79.9693055,-2.0890846],[-79.9693559,-2.0890529],[-79.9694035,-2.0890417],[-79.9694642,-2.0890277],[-79.9695025,-2.0889987],[-79.9695558,-2.0889941],[-79.9696529,-2.0890137],[-79.9697342,-2.0889894],[-79.9697715,-2.0889437],[-79.9698593,-2.0888466],[-79.9699154,-2.0888531],[-79.9699677,-2.0888354],[-79.9699966,-2.0888074],[-79.9700891,-2.0887327],[-79.9701405,-2.0887047],[-79.97019,-2.0886767],[-79.9702152,-2.0886665],[-79.9702609,-2.0886739],[-79.9702647,-2.0886422],[-79.9703095,-2.0886263],[-79.9703665,-2.0886161],[-79.9703973,-2.0886207],[-79.9704216,-2.0886394],[-79.9704403,-2.0887085],[-79.9704403,-2.0887346],[-79.9704365,-2.088855],[-79.9704515,-2.088939],[-79.9704926,-2.0890837],[-79.9705355,-2.0891817],[-79.9705981,-2.0892218],[-79.9706093,-2.0892554],[-79.9706131,-2.0892909],[-79.9706439,-2.0892881],[-79.9706766,-2.0892545],[-79.9707074,-2.0892218],[-79.9707432,-2.0891785],[-79.9707952,-2.0891687],[-79.9708562,-2.0891347]]},"properties":{"waterway":"canal","osm_id":"way/1441517639","source":"OpenStreetMap"}},{"type":"Feature","geometry":{"type":"LineString","coordinates":[[-79.8899178,-2.0306827],[-79.8899548,-2.0304891],[-79.8900573,-2.0299536],[-79.8899714,-2.0297178],[-79.8898427,-2.0290744],[-79.8898427,-2.0286241],[-79.8897998,-2.0282595],[-79.889714,-2.0279915],[-79.8897783,-2.0275733],[-79.8900787,-2.02693],[-79.8900787,-2.0266727],[-79.8898963,-2.0261902],[-79.889832,-2.0259972],[-79.8898963,-2.0258042]]},"properties":{"waterway":"canal","osm_id":"way/1442888681","source":"OpenStreetMap"}},{"type":"Feature","geometry":{"type":"LineString","coordinates":[[-79.9455786,-1.9020763],[-79.9460665,-1.9016034],[-79.9461158,-1.9012985],[-79.9461497,-1.9008089],[-79.9462945,-1.9004917],[-79.9464608,-1.9003439],[-79.9464824,-1.9002176],[-79.9463961,-1.9000637],[-79.9463684,-1.8999313],[-79.9464516,-1.8997188],[-79.9465841,-1.8996141],[-79.9466611,-1.8994786],[-79.9467135,-1.899417],[-79.9467166,-1.8992138],[-79.9466395,-1.8990598],[-79.9466272,-1.8988904],[-79.9465903,-1.898755],[-79.9464917,-1.8985948],[-79.9463961,-1.8984747],[-79.9463838,-1.8983762],[-79.9463992,-1.8982653],[-79.9463869,-1.898136],[-79.9463746,-1.8980067],[-79.9464208,-1.8978465],[-79.9465533,-1.8976649],[-79.9467012,-1.8974247],[-79.9467751,-1.8972584],[-79.9467936,-1.8971537],[-79.9467258,-1.8970305],[-79.946618,-1.8969505],[-79.9465748,-1.8968642],[-79.9464886,-1.8966918],[-79.9463715,-1.8964885],[-79.9461774,-1.8962945],[-79.9460203,-1.8961529],[-79.9459001,-1.8960667],[-79.9457984,-1.8959527],[-79.9457615,-1.8958634],[-79.9457491,-1.8956941],[-79.945783,-1.8955955],[-79.94586,-1.8954416],[-79.9459802,-1.8953276],[-79.9460973,-1.8951429],[-79.9461466,-1.894915],[-79.9461219,-1.8946748],[-79.9460911,-1.8945178],[-79.9460603,-1.8943699],[-79.9460726,-1.8942314],[-79.9461558,-1.8939265],[-79.9461712,-1.8937879],[-79.9461158,-1.8936678],[-79.9459432,-1.89352],[-79.9457861,-1.8933969],[-79.9457368,-1.8933106],[-79.9456998,-1.8931813],[-79.9457122,-1.8930273],[-79.9456813,-1.8927502],[-79.9456074,-1.8924515],[-79.9455057,-1.8922729],[-79.9454349,-1.892162],[-79.9454256,-1.8920481],[-79.9454287,-1.8919034],[-79.9454287,-1.891734],[-79.9453794,-1.8915215],[-79.9453578,-1.8913306],[-79.9453271,-1.8912765],[-79.9452704,-1.89125],[-79.9452386,-1.891204],[-79.9452386,-1.891158],[-79.9453288,-1.891036],[-79.9454014,-1.8909529],[-79.9454226,-1.8908662],[-79.9454421,-1.8907707],[-79.9454899,-1.8907353],[-79.9455783,-1.8907371],[-79.9458739,-1.8907919],[-79.9461641,-1.8909122],[-79.9464667,-1.8910802],[-79.9465587,-1.8911368],[-79.9467162,-1.8911404],[-79.9470011,-1.8911863],[-79.9475302,-1.8912995],[-79.9479231,-1.891388],[-79.9484362,-1.8915507],[-79.9488609,-1.8917045],[-79.9493299,-1.8918814],[-79.9495175,-1.8919858],[-79.9496254,-1.8920777],[-79.9499103,-1.892534],[-79.9501262,-1.8929797],[-79.9502377,-1.8931619],[-79.9503651,-1.8933511],[-79.9504766,-1.8934573],[-79.9507066,-1.8936129],[-79.951103,-1.8938623],[-79.9516994,-1.894124],[-79.9523842,-1.8944194],[-79.9525488,-1.8945078],[-79.952639,-1.8945397],[-79.9527912,-1.8945273],[-79.9528903,-1.8945326],[-79.9531522,-1.8946281],[-79.9538671,-1.8949075],[-79.954575,-1.8951852],[-79.9549201,-1.8953073],[-79.9551324,-1.8953798],[-79.9552014,-1.8954098],[-79.955435,-1.8956168],[-79.9556881,-1.8958573],[-79.9558526,-1.895997],[-79.9559747,-1.8961385],[-79.956019,-1.8962411],[-79.9560721,-1.8965028],[-79.9560862,-1.8965559]]},"properties":{"waterway":"stream","osm_id":"way/1452790334","source":"OpenStreetMap"}},{"type":"Feature","geometry":{"type":"LineString","coordinates":[[-79.9502814,-1.9263038],[-79.9506624,-1.9261025],[-79.9511686,-1.9257476],[-79.9515044,-1.9255198],[-79.9516554,-1.9254459],[-79.9518772,-1.9253104],[-79.9523887,-1.9249932],[-79.9528416,-1.9247284],[-79.9529824,-1.9246256],[-79.9531576,-1.9245142],[-79.9532833,-1.9243727],[-79.9534637,-1.9242612],[-79.9536708,-1.9241958],[-79.9538088,-1.9241003],[-79.9540389,-1.9239093],[-79.9542618,-1.9237802],[-79.9544689,-1.9236599],[-79.9549573,-1.9233097],[-79.955274,-1.9230657],[-79.9554864,-1.9229047],[-79.9556722,-1.9227792],[-79.9559306,-1.9226766],[-79.9561341,-1.9226306],[-79.9566508,-1.9225457],[-79.9567433,-1.922528],[-79.9568311,-1.9224833],[-79.956885,-1.9224017],[-79.957113,-1.9222554],[-79.9574319,-1.9220938],[-79.9578438,-1.9218923],[-79.9581426,-1.9217353],[-79.9587588,-1.9214366],[-79.9587782,-1.9214215]]},"properties":{"waterway":"stream","osm_id":"way/1452790335","source":"OpenStreetMap"}},{"type":"Feature","geometry":{"type":"LineString","coordinates":[[-79.9365648,-2.0246429],[-79.9361683,-2.0244722],[-79.9358781,-2.0242671],[-79.9358622,-2.0242229],[-79.9357896,-2.0242176],[-79.9352216,-2.0238815],[-79.9349986,-2.0237684],[-79.9345721,-2.0235013],[-79.9339174,-2.023282],[-79.9336059,-2.0232184],[-79.9331069,-2.0231211],[-79.932822,-2.0230769],[-79.9323177,-2.0229389],[-79.9321655,-2.0228487],[-79.9319248,-2.0227126],[-79.9315868,-2.0225251],[-79.9313373,-2.0224225],[-79.9309462,-2.0223147],[-79.9306295,-2.0222422],[-79.9303587,-2.0222457],[-79.9300367,-2.0223076],[-79.9296827,-2.022442],[-79.9294138,-2.0225835],[-79.9287165,-2.0225092],[-79.9285047,-2.0223948],[-79.9283856,-2.0223306],[-79.9281697,-2.0221944],[-79.9280016,-2.0220936],[-79.9279415,-2.0217169],[-79.927968,-2.0215383],[-79.9279468,-2.0213473],[-79.9278424,-2.0211563],[-79.9275858,-2.0210148],[-79.9273451,-2.0209476],[-79.9271257,-2.0209282],[-79.9268496,-2.0208557],[-79.9266744,-2.0207478],[-79.9262232,-2.0206717],[-79.9258816,-2.0207372],[-79.9255755,-2.0208238],[-79.9254817,-2.0208769],[-79.9254038,-2.0209282],[-79.9252817,-2.0209317],[-79.9252057,-2.021006],[-79.925126,-2.021082],[-79.9250676,-2.0215648],[-79.9250782,-2.0220848],[-79.9251331,-2.0224349],[-79.9251101,-2.0225693],[-79.9249137,-2.022847],[-79.924804,-2.0229566],[-79.9246341,-2.0230557],[-79.9241492,-2.0230504],[-79.9239599,-2.0230309],[-79.9237776,-2.0229248],[-79.9235865,-2.0227727],[-79.9234661,-2.0226595],[-79.9232892,-2.0225569],[-79.9230432,-2.022495],[-79.9227335,-2.0224261],[-79.9224628,-2.0223748],[-79.922261,-2.0223748],[-79.9219567,-2.0223801],[-79.9218473,-2.0223557],[-79.9216948,-2.0223217],[-79.9215957,-2.0222528],[-79.92147,-2.0221997],[-79.9212736,-2.0221679],[-79.9207834,-2.022159],[-79.9202154,-2.0221502],[-79.919665,-2.0221537],[-79.918283,-2.0221838],[-79.9178424,-2.0221626],[-79.917761,-2.0220883],[-79.9176689,-2.0217576],[-79.9176654,-2.0213331],[-79.9176742,-2.0211068],[-79.9176742,-2.0210052],[-79.9176742,-2.0209013],[-79.9176742,-2.0207637],[-79.9177291,-2.0205868],[-79.9178123,-2.0204312],[-79.917922,-2.0203233],[-79.9179592,-2.0201359],[-79.9179556,-2.0197415],[-79.9179751,-2.0194002],[-79.9179981,-2.01902],[-79.9180335,-2.0187441],[-79.9180357,-2.0187127],[-79.9180436,-2.018602],[-79.9180476,-2.018546],[-79.9180689,-2.0181534],[-79.9180795,-2.0177343],[-79.9181131,-2.0175026],[-79.918083,-2.0174212],[-79.9179736,-2.0172676],[-79.9178689,-2.0171206],[-79.917699,-2.0169296],[-79.9176344,-2.0168577],[-79.9174814,-2.0166873],[-79.9174,-2.0165777],[-79.9172885,-2.0165175],[-79.9170797,-2.0165122],[-79.9168726,-2.0165723],[-79.9167629,-2.0166608],[-79.9166886,-2.016751],[-79.9164904,-2.016781],[-79.9161453,-2.0167492],[-79.9158392,-2.0167244],[-79.9150464,-2.0167156],[-79.9145898,-2.016728],[-79.9140342,-2.0167899],[-79.9134024,-2.0169013],[-79.9132149,-2.0169526],[-79.9130609,-2.0169367],[-79.9128486,-2.0167846],[-79.9127158,-2.0166484],[-79.9126813,-2.0166377],[-79.9125615,-2.0166005],[-79.9124592,-2.0165688],[-79.9122787,-2.0166307],[-79.9122133,-2.0167687],[-79.9121637,-2.0169667],[-79.912146,-2.0170516],[-79.9121245,-2.017104],[-79.9120929,-2.0171807],[-79.9119337,-2.0172674],[-79.9116169,-2.0173505],[-79.911309,-2.0174265],[-79.9109922,-2.0174619],[-79.9106082,-2.0174902],[-79.9101729,-2.0174601],[-79.909773,-2.0174195],[-79.9096279,-2.0174018],[-79.9094952,-2.0174654],[-79.909463,-2.0175863],[-79.9094368,-2.0176847]]},"properties":{"waterway":"canal","osm_id":"way/1455813374","source":"OpenStreetMap"}},{"type":"Feature","geometry":{"type":"LineString","coordinates":[[-79.9178424,-2.0221626],[-79.9176707,-2.0221605],[-79.917436,-2.0221565],[-79.917212,-2.0221565],[-79.9170913,-2.0221538],[-79.917009,-2.0221538],[-79.9168982,-2.0221538],[-79.9167641,-2.0221538],[-79.9165415,-2.0222101],[-79.9161297,-2.0222289],[-79.9158749,-2.0222972],[-79.9154927,-2.0222543],[-79.9143729,-2.0221632],[-79.9141047,-2.0221297],[-79.9137332,-2.0221109],[-79.9134784,-2.0221002],[-79.9133657,-2.0220868],[-79.9132531,-2.0220948],[-79.9131887,-2.0221444],[-79.9128722,-2.0224634],[-79.9125361,-2.0228322],[-79.912368,-2.0229769],[-79.9122793,-2.0231659],[-79.9121952,-2.0233246],[-79.9120902,-2.0235323],[-79.9120738,-2.0237679],[-79.9121836,-2.0239966],[-79.9124521,-2.024174],[-79.9126132,-2.0242907],[-79.9128303,-2.0244027],[-79.9129494,-2.0244447],[-79.9131643,-2.0245077],[-79.9133978,-2.0245147],[-79.9136476,-2.0245077],[-79.9138764,-2.0245123],[-79.9141333,-2.024601],[-79.9144532,-2.0246057],[-79.9147917,-2.024587],[-79.9149248,-2.0245987],[-79.9150206,-2.0245683],[-79.9151093,-2.0245823],[-79.9152704,-2.0246057],[-79.9154175,-2.024748],[-79.9155348,-2.0249246],[-79.9156657,-2.0249918],[-79.9158073,-2.0249405],[-79.9160072,-2.0247566],[-79.9162284,-2.0245762],[-79.9163612,-2.0244453],[-79.9164886,-2.0242808],[-79.9165771,-2.0241005],[-79.9166124,-2.0239077],[-79.9166219,-2.0238335],[-79.9166277,-2.0237877],[-79.9166323,-2.0237519],[-79.9166336,-2.0237419],[-79.9166431,-2.0236671],[-79.916662,-2.0235186],[-79.9167098,-2.0230305],[-79.9167434,-2.0223726],[-79.9167576,-2.0222577],[-79.9167641,-2.0221538]]},"properties":{"waterway":"canal","osm_id":"way/1455813375","source":"OpenStreetMap"}},{"type":"Feature","geometry":{"type":"LineString","coordinates":[[-79.9218473,-2.0223557],[-79.9218323,-2.0223978],[-79.9217896,-2.022479],[-79.9216697,-2.0225928],[-79.9215314,-2.0227919],[-79.9214867,-2.022928],[-79.9214989,-2.0233445],[-79.921503,-2.0238869],[-79.921501,-2.024478],[-79.921503,-2.0250306],[-79.9214766,-2.0255872],[-79.9214969,-2.0261255],[-79.9214827,-2.0262027],[-79.9214817,-2.0262123]]},"properties":{"waterway":"canal","osm_id":"way/1455813376","source":"OpenStreetMap"}},{"type":"Feature","geometry":{"type":"LineString","coordinates":[[-79.9079594,-2.0291005],[-79.9081101,-2.0290807],[-79.9082545,-2.0290553],[-79.908866,-2.0289704],[-79.9089425,-2.0289647],[-79.9090048,-2.0289676]]},"properties":{"waterway":"canal","osm_id":"way/1455813377","source":"OpenStreetMap"}},{"type":"Feature","geometry":{"type":"LineString","coordinates":[[-79.9090048,-2.0289676],[-79.9090501,-2.0290751]]},"properties":{"waterway":"canal","osm_id":"way/1455813378","source":"OpenStreetMap"}},{"type":"Feature","geometry":{"type":"LineString","coordinates":[[-79.9090501,-2.0290751],[-79.9091265,-2.0296268],[-79.9092086,-2.0303427],[-79.9092426,-2.0307021],[-79.9092483,-2.0309369],[-79.9092907,-2.0310813],[-79.909438,-2.0312935],[-79.9095201,-2.0312935],[-79.909622,-2.0313331],[-79.9097098,-2.0313331],[-79.9098429,-2.0313161],[-79.9117625,-2.0314746],[-79.9124364,-2.0315255],[-79.9129772,-2.0315623],[-79.9130536,-2.0315255],[-79.9131499,-2.031169],[-79.9132037,-2.0308577],[-79.9132518,-2.030736],[-79.9133056,-2.0307219],[-79.9133207,-2.0307229]]},"properties":{"waterway":"canal","osm_id":"way/1455813379","source":"OpenStreetMap"}},{"type":"Feature","geometry":{"type":"LineString","coordinates":[[-79.9133207,-2.0307229],[-79.9134645,-2.0307322]]},"properties":{"waterway":"canal","osm_id":"way/1455813380","source":"OpenStreetMap"}},{"type":"Feature","geometry":{"type":"LineString","coordinates":[[-79.9134645,-2.0307322],[-79.9135236,-2.030736],[-79.9137643,-2.0307445]]},"properties":{"waterway":"canal","osm_id":"way/1455813381","source":"OpenStreetMap"}},{"type":"Feature","geometry":{"type":"LineString","coordinates":[[-79.9137643,-2.0307445],[-79.9139157,-2.0307394]]},"properties":{"waterway":"canal","osm_id":"way/1455813382","source":"OpenStreetMap"}},{"type":"Feature","geometry":{"type":"LineString","coordinates":[[-79.9105087,-2.1020342],[-79.9099055,-2.1018361],[-79.909732,-2.1018715],[-79.9093528,-2.1018355],[-79.9083851,-2.1017406],[-79.9072407,-2.1016204],[-79.9069737,-2.1016057],[-79.9066832,-2.1015354],[-79.9057823,-2.1012509],[-79.904993,-2.1011307],[-79.9035581,-2.1007935],[-79.902757,-2.1006351],[-79.9016185,-2.1003653],[-79.9005475,-2.1001337],[-79.8987898,-2.0997407],[-79.8971906,-2.0993537]]},"properties":{"waterway":"canal","osm_id":"way/1456411158","source":"OpenStreetMap"}},{"type":"Feature","geometry":{"type":"LineString","coordinates":[[-79.8965717,-2.0855427],[-79.8964861,-2.0854846],[-79.8964351,-2.08545],[-79.8961343,-2.0853184],[-79.8959944,-2.0851689],[-79.8958611,-2.0848975],[-79.8957814,-2.0847772],[-79.895679,-2.084644],[-79.8955993,-2.0845741],[-79.8955424,-2.0845302],[-79.8955163,-2.0844896],[-79.8955099,-2.0843843],[-79.8954627,-2.0842523],[-79.8954236,-2.084137],[-79.8953732,-2.0840915],[-79.8952285,-2.0840866],[-79.8950773,-2.0840898],[-79.8949374,-2.0840508],[-79.8948333,-2.0840248],[-79.8947439,-2.0839956],[-79.8946919,-2.0839777],[-79.8946678,-2.0839702]]},"properties":{"waterway":"canal","osm_id":"way/1456804591","source":"OpenStreetMap"}},{"type":"Feature","geometry":{"type":"LineString","coordinates":[[-80.0028421,-2.0878408],[-80.0032106,-2.0879863],[-80.0035786,-2.0881506],[-80.0040045,-2.0882999],[-80.0041203,-2.0883708],[-80.0042118,-2.0884829],[-80.0040941,-2.0885519],[-80.0040456,-2.0886378],[-80.0039615,-2.0886975],[-80.003827,-2.0887573],[-80.0037243,-2.0888189],[-80.0036514,-2.088873],[-80.0036327,-2.0889439],[-80.0035487,-2.0890298],[-80.0034385,-2.089112],[-80.003403,-2.0892109],[-80.0033712,-2.0893677],[-80.0032946,-2.0896552],[-80.003233,-2.0897504],[-80.0031116,-2.0898195],[-80.0030294,-2.0897802],[-80.0029603,-2.0897541],[-80.0028612,-2.0897933],[-80.0027324,-2.0899688],[-80.0027025,-2.0900696],[-80.0026053,-2.0902395],[-80.0023868,-2.0904616],[-80.002284,-2.0904579],[-80.0022187,-2.0904523],[-80.0021533,-2.0904822],[-80.0021458,-2.0905456],[-80.002172,-2.0906278],[-80.0021925,-2.0909134],[-80.0021346,-2.0910534],[-80.0021047,-2.0911691],[-80.0020057,-2.0912606],[-80.0018974,-2.0913073],[-80.0018114,-2.0913707],[-80.0017124,-2.0913819],[-80.0016452,-2.0914379],[-80.001647,-2.0915854],[-80.0016956,-2.0917086],[-80.0017647,-2.0917441],[-80.0017759,-2.0918411],[-80.0018133,-2.0919028],[-80.00186,-2.0919625],[-80.0019403,-2.0920222],[-80.0020972,-2.0920708],[-80.002185,-2.0921156],[-80.0022541,-2.092207],[-80.0022822,-2.0922892],[-80.0022971,-2.0923694],[-80.0023083,-2.0924646],[-80.0022596,-2.0925777],[-80.0021925,-2.0927335],[-80.0018544,-2.0931273],[-80.000771,-2.0942455],[-80.0005898,-2.0943725],[-80.000515,-2.0944434],[-80.0002423,-2.0947458],[-80.0001639,-2.094856],[-80.0002386,-2.0949474],[-80.0003693,-2.0950426],[-80.0010829,-2.0955373],[-80.0015107,-2.0958248],[-80.0017162,-2.0959443],[-80.0024073,-2.0963774],[-80.0027473,-2.0966592],[-80.0032703,-2.0969822],[-80.0035393,-2.0971577],[-80.0037896,-2.0973238],[-80.0038574,-2.0973919],[-80.0037801,-2.0975656],[-80.0036728,-2.0977178],[-80.0036557,-2.0978529],[-80.0036471,-2.0979837],[-80.0035977,-2.098033],[-80.0035849,-2.098196],[-80.0035827,-2.0983268],[-80.0035999,-2.0984447],[-80.0035505,-2.098612],[-80.0035076,-2.0986828],[-80.0034561,-2.0987514],[-80.0034647,-2.0988586],[-80.0035548,-2.0988822],[-80.0036321,-2.0989337],[-80.0036128,-2.0989658],[-80.0035527,-2.098968],[-80.0034668,-2.0989186],[-80.0033424,-2.0988779],[-80.0032222,-2.09888],[-80.0030398,-2.0989422],[-80.0029454,-2.0990001],[-80.0029218,-2.0990559],[-80.0029433,-2.0992574],[-80.0031643,-2.0994419],[-80.0031257,-2.0995577],[-80.0028295,-2.0996756],[-80.0026772,-2.0996842],[-80.002512,-2.0996927],[-80.0024605,-2.0997699],[-80.0023661,-2.0998814],[-80.0023618,-2.0999286],[-80.0024948,-2.1000959],[-80.0025227,-2.1001709],[-80.0025077,-2.100231],[-80.0025935,-2.1003125],[-80.0026944,-2.1003746],[-80.0027544,-2.1004433],[-80.0027137,-2.1005247],[-80.0026171,-2.1005934],[-80.0026171,-2.100662],[-80.0027201,-2.1007435],[-80.0027265,-2.1007671],[-80.0026965,-2.1007885],[-80.0027244,-2.1008314],[-80.0028124,-2.1008871],[-80.0027931,-2.1009643],[-80.0028939,-2.1010179],[-80.0030034,-2.10096],[-80.0030463,-2.1010158],[-80.0030398,-2.101063],[-80.0031021,-2.1011981],[-80.0031042,-2.1012753],[-80.0031686,-2.1015068],[-80.0032973,-2.1016998],[-80.0033681,-2.1019379],[-80.0034604,-2.1020172],[-80.0035454,-2.1021299],[-80.0035655,-2.1021566],[-80.0036128,-2.1022381],[-80.0036106,-2.1023088],[-80.0035741,-2.1023689],[-80.0034862,-2.1024075],[-80.0033767,-2.1024654],[-80.0033016,-2.1025297],[-80.003145,-2.102772],[-80.003042,-2.1029671],[-80.0029776,-2.1029071],[-80.0029583,-2.1028685],[-80.0028639,-2.1028406],[-80.0027802,-2.1028277],[-80.0026536,-2.1028942],[-80.0025721,-2.102965],[-80.0025291,-2.1030894],[-80.0024605,-2.1031087],[-80.0024412,-2.1032352],[-80.0023897,-2.1033788],[-80.0023642,-2.103479],[-80.0024082,-2.1036374],[-80.0026498,-2.1036005],[-80.0028543,-2.1035463],[-80.0032881,-2.103635],[-80.0033966,-2.1037483],[-80.0033054,-2.1039305],[-80.003192,-2.1039995],[-80.0030589,-2.1042138],[-80.0029825,-2.1042557],[-80.0029184,-2.1043296],[-80.0027755,-2.1045439],[-80.0026374,-2.1046843],[-80.0025807,-2.104783],[-80.0025512,-2.1048345],[-80.002354,-2.1048789],[-80.0022061,-2.1049552],[-80.002317,-2.1052656],[-80.0024008,-2.1053887],[-80.0024575,-2.1055809],[-80.0025832,-2.1058173],[-80.0025684,-2.1059356],[-80.0026818,-2.1060464],[-80.0026941,-2.1061203],[-80.0028194,-2.1063162],[-80.0028487,-2.106469],[-80.0030861,-2.106508],[-80.0033528,-2.106508],[-80.0036097,-2.1064592],[-80.0038439,-2.1064658],[-80.0039545,-2.1065438],[-80.0041041,-2.1067745],[-80.0040878,-2.1069923],[-80.0039285,-2.1069793],[-80.0038406,-2.1069793],[-80.0037626,-2.1070638],[-80.0034471,-2.1070508],[-80.003356,-2.107093],[-80.0032129,-2.1070833],[-80.0031674,-2.107041],[-80.0029918,-2.1071255],[-80.0029495,-2.1072068],[-80.002969,-2.1073303],[-80.003008,-2.1074278],[-80.002969,-2.1075123],[-80.0029495,-2.1076196],[-80.0029234,-2.1077067]]},"properties":{"waterway":"stream","osm_id":"way/1514268252","source":"OpenStreetMap"}},{"type":"Feature","geometry":{"type":"LineString","coordinates":[[-80.000044,-2.084738],[-79.9999602,-2.0849313],[-79.9998764,-2.0851222],[-79.9998271,-2.0852232],[-79.9997716,-2.085291],[-79.9997408,-2.0853291],[-79.9997014,-2.0854868],[-79.9996139,-2.0856715],[-79.9994796,-2.0859339],[-79.9994401,-2.0860139],[-79.999429,-2.0860866],[-79.999487,-2.0861235],[-79.9997137,-2.0862208],[-79.9997783,-2.0862537],[-79.9998542,-2.0862923],[-80.0000181,-2.0863723],[-80.0000626,-2.0864087],[-80.0001401,-2.0864721],[-80.0003755,-2.0866457],[-80.0004137,-2.0867209],[-80.0004273,-2.086812],[-80.0004273,-2.0868625],[-80.0006467,-2.0869549],[-80.0009486,-2.0870805],[-80.0017583,-2.0873921],[-80.0023606,-2.0876708],[-80.002738,-2.0877996]]},"properties":{"waterway":"stream","osm_id":"way/1514268253","source":"OpenStreetMap"}},{"type":"Feature","geometry":{"type":"LineString","coordinates":[[-80.002738,-2.0877996],[-80.0028421,-2.0878408]]},"properties":{"waterway":"stream","osm_id":"way/1514268254","source":"OpenStreetMap"}},{"type":"Feature","geometry":{"type":"LineString","coordinates":[[-80.0241523,-2.0621343],[-80.0241966,-2.0622747],[-80.0241523,-2.062489],[-80.0240906,-2.0624791],[-80.0239403,-2.062723],[-80.0239132,-2.0627772],[-80.0237628,-2.0628314],[-80.0235607,-2.0628166],[-80.0234375,-2.0628757],[-80.0233561,-2.0630629],[-80.0234917,-2.0631417],[-80.0236766,-2.0631516],[-80.0238688,-2.0631097],[-80.024135,-2.0629176],[-80.0243544,-2.0628215],[-80.024665,-2.062957],[-80.0247611,-2.0630481],[-80.0247611,-2.0632107],[-80.0247216,-2.0632895],[-80.0244678,-2.0633585],[-80.0243569,-2.0634127],[-80.0243569,-2.0635014],[-80.024485,-2.0635974],[-80.0246921,-2.0635827],[-80.0247882,-2.0637034],[-80.0249558,-2.0637526],[-80.0253773,-2.0638955],[-80.0253921,-2.0640236],[-80.0254019,-2.0642157],[-80.025365,-2.0644867],[-80.0251259,-2.0647576],[-80.0251136,-2.0649473],[-80.0251456,-2.0651074],[-80.0252171,-2.0651296],[-80.0253363,-2.0651776],[-80.0253822,-2.0651961],[-80.0254734,-2.065573],[-80.0254438,-2.0657478],[-80.0253526,-2.0659491],[-80.02536,-2.0662067],[-80.0251845,-2.0665502],[-80.0250574,-2.0667331],[-80.0251359,-2.0668825],[-80.0252143,-2.0669833],[-80.0252853,-2.0671214],[-80.025233,-2.0672558],[-80.0253339,-2.067547],[-80.0254086,-2.0678756],[-80.0254721,-2.0679839],[-80.0254198,-2.0681855],[-80.0252704,-2.0683759],[-80.0251023,-2.0684058],[-80.025035,-2.0684692],[-80.0249043,-2.068473],[-80.0248445,-2.0685402],[-80.0248669,-2.0687194],[-80.0249977,-2.0688799],[-80.0250163,-2.0690778],[-80.0249528,-2.0694437],[-80.0248893,-2.0695221],[-80.0249715,-2.0696976],[-80.0251957,-2.0697835],[-80.0254983,-2.0698805],[-80.0256104,-2.0700411],[-80.0255842,-2.0701045],[-80.0255095,-2.0701605],[-80.0252879,-2.0701483],[-80.0248845,-2.0699596],[-80.0245412,-2.0699038],[-80.0242236,-2.0697408],[-80.0240305,-2.0697751],[-80.0237859,-2.0698566],[-80.0237859,-2.0699467],[-80.0237644,-2.0700625],[-80.0235885,-2.0702126],[-80.0234941,-2.0701397],[-80.0233825,-2.0700754],[-80.0232151,-2.0700925],[-80.0231207,-2.0701525],[-80.0230392,-2.0703455],[-80.0232323,-2.0708173],[-80.0233138,-2.0709931],[-80.0233267,-2.0711089],[-80.0233868,-2.0712376],[-80.0234855,-2.0713234],[-80.0235799,-2.0714563],[-80.0236014,-2.0716665],[-80.0232967,-2.0718166],[-80.0232709,-2.0719109],[-80.0232924,-2.0720782],[-80.0234426,-2.0726529],[-80.0233052,-2.0728888],[-80.0230649,-2.0729016],[-80.0228375,-2.0729274],[-80.0226229,-2.0728544],[-80.022404,-2.0726786],[-80.0222495,-2.0725457],[-80.0220392,-2.0726186],[-80.0219534,-2.0728116],[-80.0218762,-2.0730818],[-80.0219191,-2.0733262],[-80.0222152,-2.0733562],[-80.0222566,-2.0734386],[-80.0223444,-2.0735377],[-80.0224067,-2.0736226],[-80.0224095,-2.0737329],[-80.0224067,-2.0738348],[-80.022435,-2.0740498],[-80.0223953,-2.0742054],[-80.0223868,-2.0744374],[-80.0224435,-2.0747487],[-80.0224859,-2.0748477],[-80.0227436,-2.0749213],[-80.0228257,-2.0749722],[-80.0229163,-2.0750203],[-80.0230267,-2.0750967],[-80.0230409,-2.0751844],[-80.0229928,-2.0752467],[-80.0229843,-2.0752976],[-80.0229871,-2.0754419],[-80.0230918,-2.0755381],[-80.0231825,-2.0757334],[-80.0232221,-2.0758437],[-80.0232447,-2.075971],[-80.0231994,-2.0761125],[-80.0233523,-2.076254],[-80.0234996,-2.0764351],[-80.0236241,-2.0764775],[-80.024029,-2.07652],[-80.0241395,-2.0766388],[-80.024247,-2.0767095],[-80.0242187,-2.0768057],[-80.0241621,-2.0769387],[-80.0239639,-2.0770632],[-80.0236836,-2.0771509],[-80.0234797,-2.0772783],[-80.022957,-2.0776362],[-80.0228529,-2.0777824],[-80.0228171,-2.0780619],[-80.0230448,-2.0783967],[-80.0232367,-2.0785202],[-80.0236562,-2.078634],[-80.0237571,-2.0787185],[-80.0237863,-2.0788908],[-80.0237603,-2.0790435],[-80.0238091,-2.079245],[-80.0239359,-2.079401],[-80.0241831,-2.0794205],[-80.0244238,-2.0793718],[-80.0251003,-2.0788225],[-80.0253572,-2.078816],[-80.0256337,-2.0790728],[-80.0256727,-2.079206],[-80.0258191,-2.0794043],[-80.0258451,-2.0795408],[-80.0259004,-2.0796481],[-80.0257931,-2.0798203],[-80.0257378,-2.0799991],[-80.02578,-2.0802851],[-80.0258711,-2.0803761],[-80.0259085,-2.0809213],[-80.0261297,-2.0811033],[-80.0263443,-2.0813634],[-80.0264094,-2.0814804],[-80.0263248,-2.0819289],[-80.0262468,-2.0821564],[-80.0262468,-2.0824229],[-80.0264289,-2.0826375],[-80.0266891,-2.0826115],[-80.0269102,-2.0823059],[-80.0270534,-2.0821304],[-80.0275412,-2.0821109],[-80.0277038,-2.0822279],[-80.0279185,-2.0825009],[-80.0278729,-2.0827025],[-80.027977,-2.0832095],[-80.0280356,-2.083515],[-80.0283673,-2.0838725],[-80.0283478,-2.0841391],[-80.0287771,-2.0845876],[-80.0288812,-2.0848086],[-80.0289202,-2.0852441],[-80.0285625,-2.0851921],[-80.0283933,-2.0850751],[-80.0282112,-2.0849841],[-80.0280746,-2.0849321],[-80.0279055,-2.0850296],[-80.0279445,-2.0853416],[-80.0282958,-2.0859722],[-80.0286275,-2.0862387],[-80.0286925,-2.0867197],[-80.0288422,-2.0870058],[-80.0289527,-2.0872398],[-80.0291869,-2.0873308],[-80.0294666,-2.0872008],[-80.0295837,-2.0869277],[-80.0295967,-2.0866157],[-80.0297658,-2.0864467],[-80.0298374,-2.0865897],[-80.029987,-2.0865442],[-80.0300716,-2.0865312],[-80.0301366,-2.0866612],[-80.0301171,-2.0868692],[-80.0301301,-2.0870643],[-80.0302732,-2.0872008],[-80.0303903,-2.0874023],[-80.0305334,-2.0874218],[-80.030748,-2.0873373],[-80.0310147,-2.0872853],[-80.0316132,-2.0873763],[-80.0318148,-2.0874608],[-80.0322116,-2.0873568],[-80.0328556,-2.0870903],[-80.0333174,-2.0868692],[-80.0337858,-2.0867587],[-80.0341045,-2.0869212],[-80.0344558,-2.0875193],[-80.0349241,-2.0878183],[-80.0349241,-2.0879678],[-80.0352168,-2.0879483],[-80.0353404,-2.0878638],[-80.0355486,-2.0878573],[-80.0355355,-2.0880003],[-80.035438,-2.0881173],[-80.0352949,-2.0884228],[-80.0352103,-2.0885789],[-80.0350542,-2.0887544],[-80.0350932,-2.0889299],[-80.0352623,-2.0891704],[-80.0356006,-2.0892809],[-80.0358087,-2.0893979],[-80.0359801,-2.0895166],[-80.0360797,-2.0893672],[-80.0362158,-2.0891382],[-80.0363786,-2.0890619],[-80.0365712,-2.0889756],[-80.0367771,-2.0890055],[-80.0368833,-2.0891415],[-80.0368468,-2.0892776],[-80.0367073,-2.089407],[-80.0368568,-2.089563],[-80.0366741,-2.0897157],[-80.0365645,-2.0898451],[-80.0366077,-2.0899579],[-80.0367339,-2.0901604],[-80.0370062,-2.0902002],[-80.0373317,-2.0902234],[-80.0373981,-2.0903695],[-80.0375176,-2.090479],[-80.0375509,-2.0905918],[-80.0375143,-2.0907976],[-80.0375575,-2.0910697],[-80.0378232,-2.0912191],[-80.0378431,-2.0913584],[-80.0377501,-2.0915211],[-80.0378232,-2.0915874],[-80.0379029,-2.0916007],[-80.0380623,-2.0915078],[-80.038142,-2.0914746],[-80.0383445,-2.0915941],[-80.0383844,-2.091541],[-80.0384741,-2.0915941],[-80.0385239,-2.0916438],[-80.0386202,-2.0917268],[-80.0386534,-2.0918197],[-80.0388095,-2.0917899],[-80.0389323,-2.0920155],[-80.0390519,-2.0921549],[-80.0391349,-2.0922644],[-80.0394803,-2.0924437],[-80.0394905,-2.0926547],[-80.0397315,-2.0927511],[-80.0401434,-2.0932065],[-80.0404195,-2.0934079],[-80.0407919,-2.0933028],[-80.0410417,-2.0933422],[-80.0411425,-2.0934517],[-80.0415982,-2.0936838],[-80.0418085,-2.0937276],[-80.04194,-2.0937933],[-80.0421854,-2.094021],[-80.0422949,-2.0941348],[-80.0422599,-2.0944896],[-80.0421591,-2.0947216],[-80.0420101,-2.0948618],[-80.0418305,-2.09498],[-80.0417866,-2.0951814],[-80.0418129,-2.0955931],[-80.0420057,-2.0957463],[-80.04233,-2.0956638],[-80.0424702,-2.0956281],[-80.0425304,-2.0954562],[-80.0427419,-2.0954529],[-80.0428997,-2.0954048],[-80.0431889,-2.0954398],[-80.0436183,-2.0955887],[-80.043741,-2.0956369],[-80.0439338,-2.0957857],[-80.0439645,-2.0960178],[-80.0438462,-2.0962674],[-80.043798,-2.0965346],[-80.0438067,-2.0972965],[-80.0440477,-2.0973753],[-80.0443589,-2.0973841],[-80.0450074,-2.0974585],[-80.0452352,-2.0975943],[-80.0455201,-2.0977476],[-80.0457038,-2.0977935],[-80.0457887,-2.0979939],[-80.0456456,-2.0981482],[-80.0454982,-2.0982511],[-80.0453755,-2.0983606],[-80.0453054,-2.0986015],[-80.0453842,-2.0987985],[-80.0459714,-2.0992058],[-80.0461467,-2.0992671],[-80.0463958,-2.0993319],[-80.0466577,-2.0994568],[-80.0467619,-2.0996385],[-80.0466274,-2.0998531],[-80.0464797,-2.0999896],[-80.0462431,-2.1003618],[-80.0460897,-2.1006946],[-80.0459276,-2.101115],[-80.0457523,-2.1012989],[-80.0456472,-2.1015179],[-80.0456559,-2.101877],[-80.045726,-2.102131],[-80.0456778,-2.1026303],[-80.0456124,-2.1030126],[-80.0456426,-2.103239],[-80.0458543,-2.1033316],[-80.0460712,-2.1032823],[-80.0466135,-2.103568],[-80.0470424,-2.1037257],[-80.0470276,-2.1038587],[-80.0472073,-2.1038428],[-80.0474171,-2.1038242],[-80.0477572,-2.1037749],[-80.0480431,-2.1039326],[-80.047984,-2.1043218],[-80.0482847,-2.1046075],[-80.0486938,-2.104376],[-80.0496946,-2.1045435],[-80.0500249,-2.1047504],[-80.0505425,-2.1052972],[-80.0507692,-2.1052923],[-80.0508925,-2.1054696],[-80.0514791,-2.1057209],[-80.051558,-2.1060164],[-80.0517453,-2.1061987],[-80.0520362,-2.1062825],[-80.0522481,-2.1061396],[-80.0522186,-2.1059278],[-80.051839,-2.1055878],[-80.0521298,-2.1051888],[-80.0525784,-2.1051888],[-80.0527559,-2.1055829],[-80.0527411,-2.1058785],[-80.0526918,-2.1059228],[-80.0527904,-2.1062036],[-80.0531897,-2.106514],[-80.0534313,-2.1068983],[-80.0535348,-2.1072283],[-80.0538059,-2.1074303],[-80.0540031,-2.1076865],[-80.0541954,-2.1077604],[-80.0544961,-2.1077751],[-80.0548609,-2.1077948],[-80.0549447,-2.1074303],[-80.0549792,-2.1069229],[-80.0551073,-2.1068835],[-80.0554327,-2.1072086],[-80.0556348,-2.1074845],[-80.0557285,-2.1077062],[-80.0561919,-2.1080412],[-80.0563841,-2.1083712],[-80.0566158,-2.1086422],[-80.0569363,-2.1083515],[-80.0570299,-2.1078589],[-80.057163,-2.1075682],[-80.057444,-2.1074352],[-80.057513,-2.1075682],[-80.0576363,-2.1077407],[-80.0578778,-2.1080658],[-80.0580257,-2.1081446],[-80.0582821,-2.1081692],[-80.0587257,-2.108386],[-80.0593666,-2.1090067],[-80.05983,-2.1090905],[-80.0599434,-2.1083614],[-80.0599976,-2.1083023],[-80.0602145,-2.1082875],[-80.0605448,-2.1084944],[-80.0610427,-2.1086373],[-80.0609392,-2.1090215],[-80.0610131,-2.1092875],[-80.0608701,-2.1095831],[-80.060949,-2.1098146],[-80.0609539,-2.110189],[-80.0609441,-2.1104501],[-80.0610575,-2.110524],[-80.061442,-2.1105536],[-80.0618117,-2.1107014],[-80.0618807,-2.110928],[-80.0617723,-2.1110955],[-80.0615899,-2.1112039],[-80.0618413,-2.1122926],[-80.0618216,-2.1123862],[-80.0614272,-2.1128936],[-80.061368,-2.113337],[-80.0615702,-2.1135636],[-80.0617772,-2.113869],[-80.0619744,-2.1139183],[-80.06228,-2.1141695],[-80.0624329,-2.1143173],[-80.0624871,-2.1145094],[-80.0623885,-2.1146819],[-80.0622012,-2.1149035],[-80.0622061,-2.1152188],[-80.0623737,-2.1154011],[-80.0628075,-2.1159676],[-80.0630146,-2.1161844],[-80.0632955,-2.116411],[-80.0633179,-2.1166322],[-80.0632117,-2.1168002],[-80.0629603,-2.1169923],[-80.0628864,-2.1170071],[-80.0627976,-2.1169677],[-80.0627976,-2.1168741],[-80.0627286,-2.1167411],[-80.0626005,-2.1167361],[-80.0624624,-2.1168297],[-80.062349,-2.1169184],[-80.0621026,-2.1171499],[-80.062004,-2.1174357],[-80.0618758,-2.1178002],[-80.0617378,-2.1179973],[-80.0616983,-2.1182288],[-80.0615997,-2.1183372],[-80.0614864,-2.1184209],[-80.061373,-2.1184603],[-80.0612497,-2.1184603],[-80.061161,-2.1185392],[-80.0612251,-2.118751],[-80.0614913,-2.1192091],[-80.061935,-2.1196328],[-80.0622751,-2.1198299],[-80.0632955,-2.1198249],[-80.0638329,-2.1197215],[-80.0642667,-2.1198348],[-80.0648928,-2.1198791],[-80.0653956,-2.1201599],[-80.0660552,-2.1205018],[-80.0664758,-2.1207763],[-80.0667591,-2.1212395],[-80.0671281,-2.1214625],[-80.0675744,-2.1214024],[-80.0680465,-2.121248],[-80.0684703,-2.121391]]},"properties":{"waterway":"stream","osm_id":"way/1514268256","source":"OpenStreetMap"}},{"type":"Feature","geometry":{"type":"LineString","coordinates":[[-79.9897377,-1.9884438],[-79.9896889,-1.988584],[-79.9897001,-1.9886687],[-79.9897735,-1.9887082],[-79.9900989,-1.9887329],[-79.9901778,-1.9888314],[-79.9903799,-1.9889694],[-79.9905228,-1.9890777],[-79.9906757,-1.9892453],[-79.9907792,-1.9892896],[-79.9909912,-1.9893881],[-79.9910158,-1.9896345],[-79.991001,-1.9897478],[-79.9910059,-1.989935],[-79.9913609,-1.9901124],[-79.9914151,-1.9902355],[-79.9915926,-1.9902799],[-79.9916813,-1.990339],[-79.9917503,-1.9904769],[-79.9919377,-1.9906789],[-79.9922186,-1.9907085],[-79.9924799,-1.9907233],[-79.9926722,-1.9915657],[-79.9926672,-1.9917332],[-79.9928201,-1.9925757],[-79.9927856,-1.9931423],[-79.9929088,-1.9939453],[-79.9927708,-1.994704],[-79.9927658,-1.9955071],[-79.9929187,-1.9964629],[-79.992963,-1.9971674],[-79.9929433,-1.9976403],[-79.992743,-1.9979935],[-79.9926722,-1.9981182],[-79.9921151,-1.9989804],[-79.9914151,-2.000079],[-79.9906313,-2.0012762],[-79.9902271,-2.0018773],[-79.9901876,-2.0021335],[-79.9899756,-2.0037445],[-79.9895024,-2.006129],[-79.9893299,-2.0066759],[-79.989251,-2.0068384],[-79.9891721,-2.0074296],[-79.989039,-2.0075479],[-79.9889848,-2.0076415],[-79.9890193,-2.0078385],[-79.9888862,-2.0081194],[-79.9886348,-2.009016],[-79.9885559,-2.009553],[-79.988477,-2.0101738],[-79.9883341,-2.0111295],[-79.9881714,-2.0119375],[-79.9881615,-2.0134697],[-79.9882088,-2.014032],[-79.988265,-2.0147014],[-79.9883587,-2.0166227],[-79.9884672,-2.0189235],[-79.9885559,-2.0206527],[-79.988689,-2.0225199],[-79.9886841,-2.0230076],[-79.9887629,-2.0237515],[-79.9887531,-2.0244117],[-79.9890431,-2.0276885],[-79.9890431,-2.0282346],[-79.9887373,-2.0283256],[-79.9881584,-2.0282996],[-79.987612,-2.0283841],[-79.9868184,-2.0284751],[-79.9866688,-2.0286961],[-79.9865387,-2.0289172],[-79.9864997,-2.0290342],[-79.9870396,-2.0293787],[-79.9916645,-2.0319075],[-79.9969658,-2.0347548],[-79.9980391,-2.0353853],[-79.9982603,-2.0353008],[-79.9984229,-2.0352358],[-79.9987872,-2.0354568],[-79.9987807,-2.0356259],[-79.9985465,-2.0361979],[-79.9984554,-2.037121],[-79.9982993,-2.0381611],[-79.9982798,-2.0391947],[-79.9987872,-2.0397863],[-79.9996133,-2.0412034],[-80.0002898,-2.0426985],[-80.000589,-2.0442067],[-80.0020492,-2.0459942],[-80.0022209,-2.0468949],[-80.002281,-2.0475468],[-80.0022381,-2.0480786],[-80.0017145,-2.0487305],[-80.0014223,-2.0487817],[-80.001108,-2.0486544],[-80.0004172,-2.0484762],[-79.9996867,-2.0482696],[-79.9995791,-2.0482385],[-79.9994517,-2.0494722],[-79.9994545,-2.0499249],[-79.9994517,-2.050969],[-79.9994378,-2.0538115],[-79.9994378,-2.0539444],[-79.9994378,-2.0542185],[-79.9994154,-2.054842],[-79.9994201,-2.0548735]]},"properties":{"waterway":"stream","osm_id":"way/1514268258","source":"OpenStreetMap"}},{"type":"Feature","geometry":{"type":"LineString","coordinates":[[-79.992743,-1.9979935],[-79.9927526,-1.9981408],[-79.99279,-1.9983537],[-79.9928502,-1.9984512],[-79.9931462,-1.9988104],[-79.9934356,-1.9990331],[-79.9938406,-1.9991501],[-79.9940487,-1.9992313],[-79.9945805,-1.9996376],[-79.9950797,-1.9999497],[-79.9954391,-2.0002731],[-79.9956408,-2.0004015],[-79.9966506,-2.0009979],[-79.9975548,-2.0015147],[-79.9978589,-2.0017276],[-79.9983923,-2.0021453],[-79.9988525,-2.0025045],[-79.9994673,-2.0032717],[-79.9996032,-2.0033877],[-79.9998184,-2.0036339],[-80.0000563,-2.0039904],[-80.0009425,-2.00506],[-80.0011067,-2.0053515],[-80.0012369,-2.0056005],[-80.001891,-2.006107],[-80.0021486,-2.0062994],[-80.0021543,-2.0064267],[-80.0020325,-2.006588],[-80.0019136,-2.0067549],[-80.0017692,-2.0069728],[-80.0016928,-2.0071766],[-80.0011803,-2.0078132],[-80.0006707,-2.0084527],[-80.0005008,-2.0086932],[-80.0001667,-2.009228],[-79.9997901,-2.0098421],[-79.9995211,-2.0101561],[-79.9991616,-2.0105438],[-79.997358,-2.0126179],[-79.9962509,-2.0137865],[-79.9958375,-2.0140865],[-79.9948069,-2.014808],[-79.9939972,-2.0152608],[-79.9938697,-2.0152636],[-79.9935951,-2.0151787],[-79.9924999,-2.0147391],[-79.992383,-2.0147409],[-79.9923041,-2.0143049],[-79.9922425,-2.014162],[-79.9921821,-2.0140524],[-79.9920108,-2.0140192],[-79.9903667,-2.0140253],[-79.9892428,-2.0139994],[-79.9882088,-2.014032]]},"properties":{"waterway":"stream","osm_id":"way/1514268259","source":"OpenStreetMap"}},{"type":"Feature","geometry":{"type":"LineString","coordinates":[[-79.9348979,-2.0983255],[-79.9348588,-2.0982413],[-79.9348655,-2.098045],[-79.9348638,-2.0979718],[-79.9348673,-2.097861],[-79.9348351,-2.0977984],[-79.9347779,-2.0976841],[-79.9347743,-2.0974536],[-79.934796,-2.0973794],[-79.9348584,-2.0971659],[-79.9348298,-2.09698],[-79.9348191,-2.0967316],[-79.9347511,-2.0964582],[-79.9345508,-2.0962206],[-79.934347,-2.0958685],[-79.9343649,-2.0956309],[-79.9342933,-2.0952127],[-79.9343083,-2.0949204]]},"properties":{"waterway":"canal","osm_id":"way/1516357046","source":"OpenStreetMap"}},{"type":"Feature","geometry":{"type":"LineString","coordinates":[[-79.9343138,-2.0948121],[-79.9343148,-2.0947928],[-79.9341932,-2.0945569],[-79.9340966,-2.0943818],[-79.9340672,-2.093668]]},"properties":{"waterway":"canal","osm_id":"way/1516357047","source":"OpenStreetMap"}},{"type":"Feature","geometry":{"type":"LineString","coordinates":[[-79.9343083,-2.0949204],[-79.9343138,-2.0948121]]},"properties":{"waterway":"canal","osm_id":"way/1516357048","source":"OpenStreetMap"}},{"type":"Feature","geometry":{"type":"LineString","coordinates":[[-79.9379913,-2.0929285],[-79.9379365,-2.0930925],[-79.9378993,-2.0932598],[-79.9379076,-2.0934791],[-79.9378734,-2.0936461],[-79.93785,-2.0937104],[-79.9378282,-2.0937705],[-79.9377974,-2.0938551],[-79.9377259,-2.094052],[-79.9376575,-2.0944682],[-79.9376421,-2.0946167],[-79.9375937,-2.0948702],[-79.9376527,-2.095007],[-79.9377471,-2.0952628],[-79.9378781,-2.0955163],[-79.9380196,-2.0958782],[-79.9380881,-2.096035],[-79.9383016,-2.0965537],[-79.9384797,-2.096944],[-79.9385635,-2.0971397],[-79.9386579,-2.0973684],[-79.9388596,-2.0978364],[-79.93902,-2.0981323],[-79.9391864,-2.0985143],[-79.9395002,-2.09927],[-79.9397329,-2.0997778],[-79.9399461,-2.1002931],[-79.9400613,-2.100472],[-79.9401422,-2.1005513],[-79.9402053,-2.1006003]]},"properties":{"waterway":"canal","osm_id":"way/1516365439","source":"OpenStreetMap"}},{"type":"Feature","geometry":{"type":"LineString","coordinates":[[-79.9847079,-2.078993],[-79.9847329,-2.0790118],[-79.9847329,-2.0790445],[-79.9847226,-2.0790799],[-79.984674,-2.0791117],[-79.9846544,-2.0791219],[-79.984617,-2.0791546],[-79.9846152,-2.0792134],[-79.9846647,-2.0792722],[-79.9847114,-2.0792881],[-79.9848188,-2.0792666],[-79.9848459,-2.0792367],[-79.984929,-2.0791621],[-79.9849972,-2.0791126],[-79.9850551,-2.0790715],[-79.9850747,-2.0790538]]},"properties":{"waterway":"stream","osm_id":"way/1516733384","source":"OpenStreetMap"}},{"type":"Feature","geometry":{"type":"LineString","coordinates":[[-79.9013291,-2.0343946],[-79.901529,-2.0346336],[-79.9017662,-2.034852],[-79.901783,-2.0350966],[-79.9017849,-2.0353019],[-79.9017177,-2.0354326],[-79.9016803,-2.0358153],[-79.9015738,-2.0366665],[-79.9015663,-2.0370847],[-79.9014225,-2.0371146],[-79.8987998,-2.0373423],[-79.89826,-2.0373517],[-79.8981983,-2.037361],[-79.8980523,-2.0374949],[-79.8979377,-2.0376],[-79.8976996,-2.0378184],[-79.8976398,-2.0387537],[-79.8975614,-2.0400511],[-79.8975109,-2.0401892],[-79.8974586,-2.0411282],[-79.8973951,-2.041735],[-79.8971653,-2.0429573],[-79.8971018,-2.0430655],[-79.8964779,-2.0429535],[-79.8938814,-2.0425167],[-79.8937506,-2.0422628],[-79.8927494,-2.042091],[-79.8925019,-2.0420411],[-79.8923796,-2.0420164],[-79.8912699,-2.0417924],[-79.8904854,-2.0416542],[-79.8903941,-2.0416431],[-79.8902931,-2.0416407],[-79.8902093,-2.0418033],[-79.8899184,-2.0425669],[-79.8892825,-2.0428452],[-79.8888758,-2.0428994],[-79.8878997,-2.0431999],[-79.8874413,-2.0433034],[-79.8872364,-2.0433316],[-79.8870113,-2.0433625]]},"properties":{"waterway":"stream","osm_id":"way/1517278955","source":"OpenStreetMap"}},{"type":"Feature","geometry":{"type":"LineString","coordinates":[[-79.8756883,-1.9737556],[-79.8755947,-1.9740267],[-79.8753801,-1.9746915],[-79.8750373,-1.9754554],[-79.8747584,-1.9762489],[-79.8745862,-1.9766644],[-79.8743823,-1.9772327],[-79.8741146,-1.9779431],[-79.8737928,-1.9787901],[-79.8735562,-1.9795916],[-79.8731914,-1.9804709],[-79.8730305,-1.9808354],[-79.872795,-1.9815136],[-79.8726013,-1.9820149],[-79.872419,-1.9824867],[-79.8722156,-1.983004],[-79.8721078,-1.9833874],[-79.8719254,-1.9837519],[-79.8717758,-1.9842478],[-79.871625,-1.9846204],[-79.8714432,-1.9849662],[-79.8713573,-1.9853201],[-79.8711637,-1.9858214],[-79.8711209,-1.9859394]]},"properties":{"waterway":"canal","width":"4","osm_id":"way/1527698703","source":"OpenStreetMap"}},{"type":"Feature","geometry":{"type":"LineString","coordinates":[[-79.8757553,-1.9735599],[-79.8756883,-1.9737556]]},"properties":{"waterway":"canal","width":"4","osm_id":"way/1527698704","source":"OpenStreetMap"}},{"type":"Feature","geometry":{"type":"LineString","coordinates":[[-79.9664081,-2.0689331],[-79.966424,-2.0689836],[-79.9664888,-2.0691993],[-79.9666387,-2.069568],[-79.9669675,-2.0700164],[-79.9678892,-2.0711124],[-79.9682678,-2.071506],[-79.9687411,-2.0718846],[-79.9692692,-2.0721536],[-79.9694485,-2.0722532],[-79.9696079,-2.0725023],[-79.9696378,-2.0727215],[-79.9696179,-2.072881],[-79.9684721,-2.0751876],[-79.9676152,-2.0774643],[-79.9675653,-2.077813],[-79.9676102,-2.078107],[-79.9677248,-2.078371],[-79.9678643,-2.0785653],[-79.968492,-2.0790486],[-79.9700214,-2.0802641],[-79.9702396,-2.0804015],[-79.9704533,-2.0804642],[-79.9706143,-2.0804876],[-79.9707473,-2.0804882],[-79.9708803,-2.0804782],[-79.9710572,-2.0804401],[-79.9722928,-2.0800349],[-79.9730297,-2.0797881],[-79.9733071,-2.0797101],[-79.973556,-2.0796907],[-79.9737834,-2.0797442],[-79.9740408,-2.0798628],[-79.9742944,-2.0799722],[-79.9750292,-2.0803386],[-79.9757569,-2.0806487],[-79.9760212,-2.0807639],[-79.9762783,-2.0808886],[-79.9764725,-2.081034],[-79.9765558,-2.0811184],[-79.9766164,-2.0812206],[-79.9766605,-2.0813035],[-79.9767114,-2.0814373],[-79.9767523,-2.0815737],[-79.976783,-2.0817114]]},"properties":{"name":"Canal De Agua Trasvase Daule – Chongón – San Vicente","waterway":"canal","osm_id":"way/1537211646","source":"OpenStreetMap"}},{"type":"Feature","geometry":{"type":"LineString","coordinates":[[-79.9649991,-2.0625045],[-79.9663493,-2.0686648],[-79.9663912,-2.068856],[-79.9664081,-2.0689331]]},"properties":{"name":"Canal De Agua Trasvase Daule – Chongón – San Vicente","waterway":"canal","osm_id":"way/1537211647","source":"OpenStreetMap"}},{"type":"Feature","geometry":{"type":"LineString","coordinates":[[-79.976783,-2.0817114],[-79.9767998,-2.0817871],[-79.9768031,-2.0818021],[-79.9768999,-2.0822239],[-79.9769036,-2.08224],[-79.9769241,-2.0823294],[-79.9776145,-2.0854661],[-79.9776665,-2.0857009],[-79.9776702,-2.0857175],[-79.9786188,-2.090001],[-79.9786425,-2.0901078]]},"properties":{"name":"Canal De Agua Trasvase Daule – Chongón – San Vicente","waterway":"canal","osm_id":"way/1537211648","source":"OpenStreetMap"}},{"type":"Feature","geometry":{"type":"LineString","coordinates":[[-79.9774458,-2.0859142],[-79.977494,-2.0858643]]},"properties":{"waterway":"stream","osm_id":"way/1539335338","source":"OpenStreetMap"}},{"type":"Feature","geometry":{"type":"LineString","coordinates":[[-79.9754485,-2.0873518],[-79.9754813,-2.0873242],[-79.9755606,-2.0872788],[-79.9756154,-2.087257],[-79.9756715,-2.0872431],[-79.9758023,-2.0872193],[-79.9759453,-2.0871923],[-79.9761306,-2.0871519],[-79.9761988,-2.0871281],[-79.9762262,-2.0871134],[-79.9762497,-2.0870961],[-79.9762757,-2.0870635],[-79.976282,-2.0870454],[-79.9762857,-2.087026],[-79.97629,-2.086821],[-79.9762873,-2.0864235],[-79.9763034,-2.0863056],[-79.9763222,-2.0862748],[-79.9763544,-2.0862627],[-79.9765888,-2.08625],[-79.9768237,-2.0862225],[-79.9770792,-2.0862105],[-79.9771556,-2.0862058],[-79.9772137,-2.0861967],[-79.977267,-2.0861842],[-79.9773072,-2.0861554],[-79.9773366,-2.0861092],[-79.9773601,-2.0860465],[-79.9773917,-2.085981],[-79.9774458,-2.0859142]]},"properties":{"waterway":"stream","osm_id":"way/1539335339","source":"OpenStreetMap"}},{"type":"Feature","geometry":{"type":"LineString","coordinates":[[-79.9753949,-2.087607],[-79.9754227,-2.087486],[-79.9754359,-2.087408],[-79.9754438,-2.0873728],[-79.9754485,-2.0873518]]},"properties":{"waterway":"stream","osm_id":"way/1539335340","source":"OpenStreetMap"}},{"type":"Feature","geometry":{"type":"LineString","coordinates":[[-79.963625,-2.0992138],[-79.9637779,-2.0991977],[-79.9638771,-2.0992085],[-79.9639013,-2.099211],[-79.9639894,-2.0992199],[-79.9640752,-2.0992306],[-79.9642549,-2.0992091],[-79.9644404,-2.0992648],[-79.9645526,-2.0992708],[-79.9647404,-2.0992386],[-79.9648266,-2.0991709],[-79.9649201,-2.0991287],[-79.9649818,-2.0990885],[-79.9649768,-2.0989833],[-79.9649393,-2.0988252],[-79.9649285,-2.0987501],[-79.9649205,-2.0986751],[-79.9649255,-2.0985444],[-79.9649094,-2.0984184],[-79.9648347,-2.09834],[-79.9647967,-2.0982469],[-79.9648078,-2.0981015],[-79.9648454,-2.0980988],[-79.9648691,-2.0979788],[-79.964794,-2.0977805],[-79.9648025,-2.0977182],[-79.9648239,-2.0976645],[-79.964963,-2.0975821],[-79.9650328,-2.0975205],[-79.965119,-2.0974608],[-79.9651749,-2.0974481],[-79.9652634,-2.0974106],[-79.9653493,-2.0973757],[-79.965419,-2.0973141],[-79.9654382,-2.0972437],[-79.9654941,-2.097172],[-79.9655991,-2.0970507],[-79.9657328,-2.0970032],[-79.9657976,-2.0969516],[-79.9659371,-2.0968631],[-79.9659827,-2.0967988],[-79.9660014,-2.0966808],[-79.9660064,-2.0965609],[-79.9661355,-2.0964369],[-79.9662451,-2.0963277],[-79.9663444,-2.0961615],[-79.9664574,-2.0960161],[-79.9665245,-2.0958901],[-79.9665428,-2.0956656],[-79.9665697,-2.0955933],[-79.9666318,-2.0955309],[-79.9668191,-2.0954244],[-79.9670069,-2.0953869],[-79.967069,-2.0953862],[-79.9672214,-2.0953292],[-79.9672871,-2.0952797],[-79.9673703,-2.0952301],[-79.9674606,-2.0952066],[-79.9675916,-2.0951537],[-79.9678115,-2.0950465],[-79.9678763,-2.0949868],[-79.9680077,-2.0949252],[-79.9681361,-2.0948401],[-79.9682625,-2.0948394],[-79.9683909,-2.0948776],[-79.9684445,-2.0949124],[-79.9685035,-2.0949312],[-79.9685652,-2.0949124],[-79.968635,-2.0948401],[-79.9686752,-2.0947663],[-79.9687087,-2.0946537],[-79.9687932,-2.0945399],[-79.9688817,-2.0944836],[-79.9689787,-2.0944454],[-79.9690672,-2.0943944],[-79.9691754,-2.0943402],[-79.9692519,-2.0942852],[-79.9693511,-2.094186],[-79.9694463,-2.0941458],[-79.9695715,-2.0940755],[-79.9696542,-2.094052],[-79.9697186,-2.0939877],[-79.9697669,-2.0938912],[-79.9697914,-2.0937994],[-79.9698075,-2.0936573],[-79.9699094,-2.0934161],[-79.969955,-2.0933384],[-79.9700382,-2.0932633],[-79.9700807,-2.0931836],[-79.9700972,-2.0931118],[-79.9700994,-2.0930335],[-79.970066,-2.0929423],[-79.9700381,-2.0928559],[-79.9700015,-2.0927165],[-79.9699902,-2.0926227],[-79.9699821,-2.0924974],[-79.9700189,-2.0923661],[-79.9700986,-2.0923158],[-79.9702121,-2.0923071],[-79.9702865,-2.0922695],[-79.9703596,-2.0921757],[-79.9704079,-2.09209],[-79.970462,-2.0919821],[-79.970483,-2.0918822],[-79.9704924,-2.0916758],[-79.9705581,-2.0915337],[-79.9707056,-2.0914641],[-79.9707942,-2.0913662],[-79.9708187,-2.0912637],[-79.9708183,-2.0911009],[-79.9708277,-2.0909736],[-79.9708294,-2.0908161],[-79.9708317,-2.090664],[-79.9708294,-2.0905293],[-79.9708049,-2.0901842],[-79.9707999,-2.0899637],[-79.9708079,-2.0897788],[-79.9708102,-2.089699],[-79.9707754,-2.0895677],[-79.9707734,-2.0894953],[-79.9707753,-2.089429],[-79.9708048,-2.0892568],[-79.9708562,-2.0891347],[-79.9708826,-2.0890718],[-79.9709456,-2.0889149],[-79.971014,-2.0887904],[-79.9710475,-2.0887125],[-79.9711348,-2.0886483],[-79.9712138,-2.0885771],[-79.9712837,-2.0885358],[-79.9713748,-2.0884178],[-79.9714316,-2.0883353],[-79.9714526,-2.0882837],[-79.9714835,-2.0882114],[-79.9715022,-2.0881551],[-79.971521,-2.0880961],[-79.9716256,-2.0879487],[-79.971741,-2.0877798],[-79.9718617,-2.0877101],[-79.9721303,-2.0876264],[-79.9724652,-2.0875654],[-79.9726502,-2.0875627],[-79.9728138,-2.0876297],[-79.9730043,-2.0876994],[-79.9731008,-2.0878147],[-79.9731759,-2.0879112],[-79.9733154,-2.0879675],[-79.9735944,-2.088005],[-79.9737902,-2.0879889],[-79.974053,-2.0879594],[-79.9743373,-2.0879621],[-79.9744714,-2.0879675],[-79.9748148,-2.0879675],[-79.9750474,-2.0879534],[-79.9751489,-2.0879407],[-79.9752401,-2.0879291],[-79.975315,-2.0879177],[-79.9753508,-2.0879105],[-79.9753863,-2.0878918],[-79.9754036,-2.0878694],[-79.975403,-2.0878456],[-79.9753946,-2.0878231],[-79.9753888,-2.0877619],[-79.9753949,-2.087607]]},"properties":{"waterway":"stream","osm_id":"way/1539335341","source":"OpenStreetMap"}},{"type":"Feature","geometry":{"type":"LineString","coordinates":[[-79.9515937,-2.0505304],[-79.9507016,-2.0499132],[-79.9517376,-2.0497439]]},"properties":{"waterway":"stream","osm_id":"way/1554008554","source":"OpenStreetMap"}},{"type":"Feature","geometry":{"type":"LineString","coordinates":[[-80.0201801,-1.8915845],[-80.0202119,-1.8915433],[-80.0202664,-1.8908903],[-80.0201617,-1.8906643],[-80.0198392,-1.8903587],[-80.0196507,-1.8898941],[-80.019613,-1.8893373],[-80.0194831,-1.8890903],[-80.0192444,-1.8889606],[-80.0188758,-1.8888936],[-80.018545,-1.8886927],[-80.0182434,-1.888655],[-80.0180591,-1.888722],[-80.0176235,-1.8892662],[-80.0174016,-1.8896471],[-80.0174728,-1.8898941],[-80.0176822,-1.8900155],[-80.0185952,-1.8900406],[-80.0188088,-1.890141],[-80.0189052,-1.8908736],[-80.0187293,-1.8918113],[-80.0186622,-1.891874],[-80.0181722,-1.8913843],[-80.0180214,-1.891401],[-80.0179544,-1.8915057],[-80.0178497,-1.8928536],[-80.0177953,-1.8930001],[-80.0176319,-1.8930712],[-80.0165513,-1.8931508],[-80.0160404,-1.8931215],[-80.0158268,-1.8929791],[-80.0156215,-1.8926443],[-80.0153367,-1.8923178],[-80.0152697,-1.8920164],[-80.0153284,-1.8917024],[-80.0156006,-1.8914303],[-80.0156257,-1.891242],[-80.0154917,-1.8908945],[-80.0154875,-1.8906015],[-80.0157221,-1.8894964],[-80.0160362,-1.888969],[-80.0160404,-1.8888476],[-80.0159105,-1.8887848],[-80.0154959,-1.8887303],[-80.0150017,-1.8883704],[-80.0146834,-1.8879517],[-80.0144947,-1.8879202],[-80.013228,-1.8885689],[-80.0131272,-1.8885235],[-80.0129775,-1.8881655],[-80.0128399,-1.8868983],[-80.012678,-1.8867309],[-80.012084,-1.8866195],[-80.0114112,-1.8860402],[-80.0109898,-1.8854112],[-80.0106421,-1.8851312],[-80.0102495,-1.8849573],[-80.0099471,-1.8849422],[-80.0097811,-1.8851274],[-80.0097396,-1.8852962],[-80.0099925,-1.8862871],[-80.010023,-1.8866756],[-80.0103091,-1.8874981],[-80.0103352,-1.8878032],[-80.0102344,-1.8879342],[-80.0100933,-1.8879544],[-80.0097408,-1.8878308],[-80.0084975,-1.8877526],[-80.0080773,-1.8875061],[-80.00749,-1.8873158],[-80.0071751,-1.8871821],[-80.0069085,-1.8868019],[-80.0065254,-1.8862417],[-80.0061953,-1.885958],[-80.0060185,-1.8854792],[-80.0056471,-1.8852979],[-80.0050793,-1.8851274],[-80.0041973,-1.8852649],[-80.0040972,-1.885383],[-80.0042106,-1.8858249],[-80.0042011,-1.886101],[-80.0040353,-1.8863039],[-80.0034404,-1.8863844],[-80.002788,-1.8863253],[-80.0024423,-1.8860546],[-80.0021237,-1.885542],[-80.0021251,-1.8853743],[-80.0023425,-1.8851891],[-80.0023817,-1.8849113],[-80.0023247,-1.8847902],[-80.0022071,-1.8847653],[-80.0021073,-1.8848864],[-80.0020432,-1.8850466],[-80.0020503,-1.8851927],[-80.0019113,-1.8854313],[-80.0011843,-1.8863039],[-80.000942,-1.8864393],[-80.0007451,-1.8864646],[-80.0005749,-1.8863894],[-79.9999335,-1.8864215],[-79.9994916,-1.8863217],[-79.9991851,-1.8863502],[-79.9988644,-1.8865568],[-79.9983965,-1.887069],[-79.998002,-1.8878355],[-79.9979699,-1.8881204],[-79.9980697,-1.8883982],[-79.9984225,-1.8887117],[-79.9984403,-1.8889396],[-79.9983655,-1.8892067],[-79.9976838,-1.8900757],[-79.9973249,-1.8903002],[-79.9966357,-1.8907485],[-79.9960526,-1.8911014],[-79.995821,-1.8910978],[-79.9954325,-1.891162],[-79.9953327,-1.8912866],[-79.9950726,-1.891422],[-79.994199,-1.8915619]]},"properties":{"name":"Estero Magro","waterway":"river","osm_id":"way/1556586521","source":"OpenStreetMap"}},{"type":"Feature","geometry":{"type":"LineString","coordinates":[[-80.020112,-1.891673],[-80.0201801,-1.8915845]]},"properties":{"name":"Estero Magro","waterway":"river","osm_id":"way/1556586522","source":"OpenStreetMap"}},{"type":"Feature","geometry":{"type":"LineString","coordinates":[[-80.0492946,-1.881026],[-80.049608,-1.8817382],[-80.0496268,-1.8821537],[-80.0494015,-1.8824004],[-80.049044,-1.8825445],[-80.0486922,-1.882532],[-80.0483613,-1.8823896],[-80.0481226,-1.8820924],[-80.0481561,-1.8818831],[-80.0482985,-1.8816152],[-80.0482817,-1.8814729],[-80.0480262,-1.881025],[-80.0479131,-1.8804683],[-80.0476912,-1.8796436],[-80.0471342,-1.8788262],[-80.0468746,-1.8786462],[-80.0464809,-1.8786085],[-80.045417,-1.878776],[-80.0450945,-1.8789099],[-80.0449856,-1.8791318],[-80.0449982,-1.8793746],[-80.045216,-1.8796927],[-80.0452914,-1.8800192],[-80.0452076,-1.8804755],[-80.0452012,-1.8806018],[-80.0451364,-1.8818736],[-80.0450066,-1.8822504],[-80.0447218,-1.8825308],[-80.0444914,-1.8825978],[-80.0441941,-1.882556],[-80.0439511,-1.882422],[-80.0436031,-1.8822166]]},"properties":{"name":"Estero Magro","waterway":"river","osm_id":"way/1556586523","source":"OpenStreetMap"}},{"type":"Feature","geometry":{"type":"LineString","coordinates":[[-80.0391527,-1.8843498],[-80.0390837,-1.8844331]]},"properties":{"name":"Estero Magro","waterway":"river","osm_id":"way/1556586524","source":"OpenStreetMap"}},{"type":"Feature","geometry":{"type":"LineString","coordinates":[[-80.0434673,-1.8821364],[-80.0429795,-1.8818485],[-80.0425983,-1.8817522],[-80.0421795,-1.8818862],[-80.0413712,-1.8822253],[-80.0411576,-1.8823969],[-80.0408392,-1.8831588],[-80.040634,-1.883456],[-80.0404455,-1.8834978],[-80.0400058,-1.8834267],[-80.0398382,-1.883502],[-80.0393315,-1.8841341],[-80.0391527,-1.8843498]]},"properties":{"name":"Estero Magro","waterway":"river","osm_id":"way/1556586526","source":"OpenStreetMap"}},{"type":"Feature","geometry":{"type":"LineString","coordinates":[[-80.0436031,-1.8822166],[-80.0434673,-1.8821364]]},"properties":{"name":"Estero Magro","waterway":"river","osm_id":"way/1556586527","source":"OpenStreetMap"}}]}